-- phpMyAdmin SQL Dump
-- version 4.9.2
-- https://www.phpmyadmin.net/
--
-- Host: 127.0.0.1:3306
-- Generation Time: Mar 06, 2023 at 02:41 PM
-- Server version: 5.6.51
-- PHP Version: 7.4.0

SET SQL_MODE = "NO_AUTO_VALUE_ON_ZERO";
SET AUTOCOMMIT = 0;
START TRANSACTION;
SET time_zone = "+00:00";


/*!40101 SET @OLD_CHARACTER_SET_CLIENT=@@CHARACTER_SET_CLIENT */;
/*!40101 SET @OLD_CHARACTER_SET_RESULTS=@@CHARACTER_SET_RESULTS */;
/*!40101 SET @OLD_COLLATION_CONNECTION=@@COLLATION_CONNECTION */;
/*!40101 SET NAMES utf8mb4 */;

--
-- Database: `immiyami`
--

-- --------------------------------------------------------

--
-- Table structure for table `access`
--

DROP TABLE IF EXISTS `access`;
CREATE TABLE IF NOT EXISTS `access` (
  `id` bigint(20) NOT NULL AUTO_INCREMENT,
  `status` enum('0','1') DEFAULT NULL,
  `user_id` bigint(20) DEFAULT NULL,
  `controller_func_id` bigint(20) DEFAULT NULL,
  `created` timestamp NULL DEFAULT CURRENT_TIMESTAMP,
  PRIMARY KEY (`id`),
  KEY `fk_user_id_in_acess_idx` (`user_id`),
  KEY `fk_controller_id_in_acess_idx` (`controller_func_id`)
) ENGINE=InnoDB AUTO_INCREMENT=132 DEFAULT CHARSET=latin1;

--
-- Dumping data for table `access`
--

INSERT INTO `access` (`id`, `status`, `user_id`, `controller_func_id`, `created`) VALUES
(1, NULL, 19, 1, '2023-02-22 14:24:54'),
(2, NULL, 19, 2, '2023-02-22 14:24:54'),
(3, NULL, 19, 3, '2023-02-22 14:24:54'),
(4, NULL, 19, 4, '2023-02-22 14:24:54'),
(5, NULL, 19, 5, '2023-02-22 14:24:54'),
(6, NULL, 19, 6, '2023-02-22 14:24:54'),
(7, NULL, 19, 7, '2023-02-22 14:24:54'),
(8, NULL, 19, 8, '2023-02-22 14:24:54'),
(9, NULL, 19, 9, '2023-02-22 14:24:54'),
(10, NULL, 19, 10, '2023-02-22 14:24:54'),
(11, NULL, 19, 11, '2023-02-22 14:24:54'),
(12, NULL, 19, 12, '2023-02-22 14:24:54'),
(13, NULL, 19, 13, '2023-02-22 14:24:54'),
(14, NULL, 19, 14, '2023-02-22 14:24:54'),
(15, NULL, 19, 15, '2023-02-22 14:24:54'),
(16, NULL, 19, 16, '2023-02-22 14:24:54'),
(17, NULL, 19, 17, '2023-02-22 14:24:54'),
(18, NULL, 19, 18, '2023-02-22 14:24:54'),
(19, NULL, 19, 19, '2023-02-22 14:24:54'),
(20, NULL, 19, 20, '2023-02-22 14:24:54'),
(21, NULL, 19, 21, '2023-02-22 14:24:54'),
(22, NULL, 19, 22, '2023-02-22 14:24:54'),
(23, NULL, 19, 23, '2023-02-22 14:24:54'),
(24, NULL, 19, 24, '2023-02-22 14:24:54'),
(25, NULL, 19, 25, '2023-02-22 14:24:54'),
(26, NULL, 19, 26, '2023-02-22 14:24:54'),
(27, NULL, 19, 27, '2023-02-22 14:24:54'),
(28, NULL, 19, 28, '2023-02-22 14:24:54'),
(29, NULL, 19, 29, '2023-02-22 14:24:54'),
(30, NULL, 19, 30, '2023-02-22 14:24:54'),
(31, NULL, 19, 31, '2023-02-22 14:24:54'),
(32, NULL, 19, 32, '2023-02-22 14:24:54'),
(33, NULL, 19, 33, '2023-02-22 14:24:54'),
(34, NULL, 19, 34, '2023-02-22 14:24:54'),
(35, NULL, 19, 35, '2023-02-22 14:24:54'),
(36, NULL, 19, 36, '2023-02-22 14:24:54'),
(37, NULL, 19, 37, '2023-02-22 14:24:54'),
(38, NULL, 19, 38, '2023-02-22 14:24:54'),
(39, NULL, 19, 39, '2023-02-22 14:24:54'),
(40, NULL, 19, 40, '2023-02-22 14:24:54'),
(41, NULL, 19, 41, '2023-02-22 14:24:54'),
(42, NULL, 19, 42, '2023-02-22 14:24:54'),
(43, NULL, 19, 43, '2023-02-22 14:24:54'),
(44, NULL, 19, 44, '2023-02-22 14:24:54'),
(45, NULL, 19, 45, '2023-02-22 14:24:54'),
(46, NULL, 19, 46, '2023-02-22 14:24:54'),
(47, NULL, 19, 47, '2023-02-22 14:24:54'),
(48, NULL, 19, 48, '2023-02-22 14:24:54'),
(49, NULL, 19, 49, '2023-02-22 14:24:54'),
(50, NULL, 19, 50, '2023-02-22 14:24:54'),
(51, NULL, 19, 51, '2023-02-22 14:24:54'),
(52, NULL, 19, 52, '2023-02-22 14:24:54'),
(53, NULL, 19, 53, '2023-02-22 14:24:54'),
(54, NULL, 19, 54, '2023-02-22 14:24:54'),
(55, NULL, 19, 55, '2023-02-22 14:24:54'),
(56, NULL, 19, 56, '2023-02-22 14:24:54'),
(57, NULL, 19, 57, '2023-02-22 14:24:54'),
(58, NULL, 19, 58, '2023-02-22 14:24:54'),
(59, NULL, 19, 59, '2023-02-22 14:24:54'),
(60, NULL, 19, 60, '2023-02-22 14:24:54'),
(61, NULL, 19, 61, '2023-02-22 14:24:54'),
(62, NULL, 19, 62, '2023-02-22 14:24:54'),
(63, NULL, 19, 63, '2023-02-22 14:24:54'),
(64, NULL, 19, 64, '2023-02-22 14:24:54'),
(65, NULL, 19, 65, '2023-02-22 14:24:54'),
(66, NULL, 19, 66, '2023-02-22 14:24:54'),
(67, NULL, 19, 67, '2023-02-22 14:24:54'),
(68, NULL, 19, 68, '2023-02-22 14:24:54'),
(69, NULL, 19, 69, '2023-02-22 14:24:55'),
(70, NULL, 19, 70, '2023-02-22 14:24:55'),
(71, NULL, 19, 71, '2023-02-22 14:24:55'),
(72, NULL, 19, 72, '2023-02-22 14:24:55'),
(73, NULL, 19, 73, '2023-02-22 14:24:55'),
(74, NULL, 19, 74, '2023-02-22 14:24:55'),
(75, NULL, 19, 75, '2023-02-22 14:24:55'),
(76, NULL, 19, 76, '2023-02-22 14:24:55'),
(77, NULL, 19, 77, '2023-02-22 14:24:55'),
(78, NULL, 19, 78, '2023-02-22 14:24:55'),
(79, NULL, 19, 79, '2023-02-22 14:24:55'),
(80, NULL, 19, 80, '2023-02-22 14:24:55'),
(81, NULL, 19, 81, '2023-02-22 14:24:55'),
(82, NULL, 19, 82, '2023-02-22 14:24:55'),
(83, NULL, 19, 83, '2023-02-22 14:24:55'),
(84, NULL, 19, 84, '2023-02-22 14:24:55'),
(85, NULL, 19, 85, '2023-02-22 14:24:55'),
(86, NULL, 19, 86, '2023-02-22 14:24:55'),
(87, NULL, 19, 87, '2023-02-22 14:24:55'),
(88, NULL, 19, 88, '2023-02-22 14:24:55'),
(89, NULL, 19, 89, '2023-02-22 14:24:55'),
(90, NULL, 19, 90, '2023-02-22 14:24:55'),
(91, NULL, 19, 91, '2023-02-22 14:24:55'),
(92, NULL, 19, 92, '2023-02-22 14:24:55'),
(93, NULL, 19, 93, '2023-02-22 14:24:55'),
(94, NULL, 19, 94, '2023-02-22 14:24:55'),
(95, NULL, 19, 95, '2023-02-22 14:24:55'),
(96, NULL, 19, 96, '2023-02-22 14:24:55'),
(97, NULL, 19, 97, '2023-02-22 14:24:55'),
(98, NULL, 19, 98, '2023-02-22 14:24:55'),
(99, NULL, 19, 99, '2023-02-22 14:24:55'),
(100, NULL, 19, 100, '2023-02-22 14:24:55'),
(101, NULL, 19, 101, '2023-02-22 14:24:55'),
(102, NULL, 19, 102, '2023-02-22 14:24:55'),
(103, NULL, 19, 103, '2023-02-22 14:24:55'),
(104, NULL, 19, 104, '2023-02-22 14:24:55'),
(105, NULL, 19, 105, '2023-02-22 14:24:55'),
(106, NULL, 19, 106, '2023-02-22 14:24:55'),
(107, NULL, 19, 107, '2023-02-22 14:24:55'),
(108, NULL, 19, 108, '2023-02-22 14:24:55'),
(109, NULL, 19, 109, '2023-02-22 14:24:55'),
(110, NULL, 19, 110, '2023-02-22 14:24:55'),
(111, NULL, 19, 111, '2023-02-22 14:24:55'),
(112, NULL, 19, 112, '2023-02-22 14:24:55'),
(113, NULL, 19, 113, '2023-02-22 14:24:55'),
(114, NULL, 19, 114, '2023-02-22 14:24:55'),
(115, NULL, 19, 115, '2023-02-22 14:24:55'),
(116, NULL, 19, 116, '2023-02-22 14:24:55'),
(117, NULL, 19, 117, '2023-02-22 14:24:55'),
(118, NULL, 19, 118, '2023-02-22 14:24:55'),
(119, NULL, 19, 119, '2023-02-22 14:24:55'),
(120, NULL, 19, 120, '2023-02-22 14:24:55'),
(121, NULL, 19, 121, '2023-02-22 14:24:55'),
(122, NULL, 19, 122, '2023-02-22 14:24:55'),
(123, NULL, 19, 123, '2023-02-22 14:24:55'),
(124, NULL, 19, 124, '2023-02-22 14:24:55'),
(125, NULL, 19, 125, '2023-02-22 14:24:55'),
(126, NULL, 19, 126, '2023-02-22 14:24:55'),
(127, NULL, 19, 127, '2023-02-22 14:24:55'),
(128, NULL, 19, 128, '2023-02-22 14:24:55'),
(129, NULL, 19, 129, '2023-02-22 14:24:55'),
(130, NULL, 19, 130, '2023-02-22 14:24:55'),
(131, NULL, 19, 131, '2023-02-22 14:24:55');

-- --------------------------------------------------------

--
-- Table structure for table `activity_logs`
--

DROP TABLE IF EXISTS `activity_logs`;
CREATE TABLE IF NOT EXISTS `activity_logs` (
  `id` bigint(20) UNSIGNED NOT NULL AUTO_INCREMENT,
  `created_at` timestamp NOT NULL DEFAULT CURRENT_TIMESTAMP,
  `scope_model` varchar(128) NOT NULL,
  `scope_id` varchar(64) NOT NULL,
  `issuer_model` varchar(128) DEFAULT NULL,
  `issuer_id` varchar(64) DEFAULT NULL,
  `object_model` varchar(128) DEFAULT NULL,
  `object_id` varchar(64) DEFAULT NULL,
  `level` varchar(16) NOT NULL COMMENT 'ãƒ­ã‚°ãƒ¬ãƒ™ãƒ«',
  `action` varchar(64) DEFAULT NULL,
  `message` text,
  `data` text COMMENT 'json encoded data',
  PRIMARY KEY (`id`),
  KEY `IX_scope` (`scope_model`,`scope_id`),
  KEY `IX_issuer` (`issuer_model`,`issuer_id`),
  KEY `IX_object` (`object_model`,`object_id`),
  KEY `IX_level` (`level`),
  KEY `IX_action` (`action`)
) ENGINE=InnoDB AUTO_INCREMENT=742 DEFAULT CHARSET=utf8;

--
-- Dumping data for table `activity_logs`
--

INSERT INTO `activity_logs` (`id`, `created_at`, `scope_model`, `scope_id`, `issuer_model`, `issuer_id`, `object_model`, `object_id`, `level`, `action`, `message`, `data`) VALUES
(1, '2022-08-04 09:08:05', 'Articles', '5', NULL, NULL, 'Articles', '5', 'info', 'create', '', '{\"title\":\"Test\",\"short_description\":\"\",\"description\":\"\",\"status\":\"0\",\"created\":\"2022-08-04T14:38:05+05:30\",\"id\":5}'),
(2, '2022-08-04 09:08:05', '\\App', '1', NULL, NULL, 'Articles', '5', 'info', 'create', '', '{\"title\":\"Test\",\"short_description\":\"\",\"description\":\"\",\"status\":\"0\",\"created\":\"2022-08-04T14:38:05+05:30\",\"id\":5}'),
(3, '2022-08-04 09:08:36', 'Articles', '5', NULL, NULL, 'Articles', '5', 'info', 'delete', '', '{\"id\":5,\"title\":\"Test\",\"short_description\":\"\",\"description\":\"\",\"photo\":null,\"photo_dir\":null,\"status\":\"0\",\"user_id\":null,\"created\":\"2022-08-04T14:38:05+05:30\"}'),
(4, '2022-08-04 09:08:36', '\\App', '1', NULL, NULL, 'Articles', '5', 'info', 'delete', '', '{\"id\":5,\"title\":\"Test\",\"short_description\":\"\",\"description\":\"\",\"photo\":null,\"photo_dir\":null,\"status\":\"0\",\"user_id\":null,\"created\":\"2022-08-04T14:38:05+05:30\"}'),
(5, '2022-08-04 09:10:04', '\\App', '1', NULL, NULL, 'Banners', '11', 'info', 'delete', '', '{\"id\":11,\"title\":\"Test\",\"sponsor_name\":\"\",\"photo\":null,\"photo_dir\":null,\"start_date\":null,\"end_date\":null,\"url\":\"\",\"position\":\"left_top\",\"price\":null,\"status\":\"0\",\"banner_type_id\":null,\"user_id\":null,\"created\":\"2022-08-04T14:39:14+05:30\"}'),
(6, '2022-08-04 09:20:11', 'Settings', '1', NULL, NULL, 'Settings', '1', 'info', 'create', '', '{\"name\":\"Test\",\"key_value\":\"\",\"value\":\"\",\"created\":\"2022-08-04T14:50:11+05:30\",\"id\":1}'),
(7, '2022-08-04 09:20:11', '\\App', '1', NULL, NULL, 'Settings', '1', 'info', 'create', '', '{\"name\":\"Test\",\"key_value\":\"\",\"value\":\"\",\"created\":\"2022-08-04T14:50:11+05:30\",\"id\":1}'),
(8, '2022-08-04 09:36:55', 'Settings', '2', NULL, NULL, 'Settings', '2', 'info', 'create', '', '{\"name\":\"Shaluka SamaranayakaShaluka SamaranayakaShaluka SamaranayakaShaluka SamaranayakaShaluka SamaranayakaShaluka SamaranayakaShaluka SamaranayakaShaluka SamaranayakaShaluka SamaranayakaShaluka SamaranayakaShaluka SamaranayakaShaluka SamaranayakaShaluka Samaran\",\"key_value\":\"\",\"value\":\"\",\"created\":\"2022-08-04T15:06:55+05:30\",\"id\":2}'),
(9, '2022-08-04 09:36:55', '\\App', '1', NULL, NULL, 'Settings', '2', 'info', 'create', '', '{\"name\":\"Shaluka SamaranayakaShaluka SamaranayakaShaluka SamaranayakaShaluka SamaranayakaShaluka SamaranayakaShaluka SamaranayakaShaluka SamaranayakaShaluka SamaranayakaShaluka SamaranayakaShaluka SamaranayakaShaluka SamaranayakaShaluka SamaranayakaShaluka Samaran\",\"key_value\":\"\",\"value\":\"\",\"created\":\"2022-08-04T15:06:55+05:30\",\"id\":2}'),
(10, '2022-08-04 09:37:07', 'Settings', '2', NULL, NULL, 'Settings', '2', 'info', 'delete', '', '{\"id\":2,\"name\":\"Shaluka SamaranayakaShaluka SamaranayakaShaluka SamaranayakaShaluka SamaranayakaShaluka SamaranayakaShaluka SamaranayakaShaluka SamaranayakaShaluka SamaranayakaShaluka SamaranayakaShaluka SamaranayakaShaluka SamaranayakaShaluka SamaranayakaShaluka Samaran\",\"key_value\":\"\",\"value\":\"\",\"created\":\"2022-08-04T15:06:55+05:30\"}'),
(11, '2022-08-04 09:37:07', '\\App', '1', NULL, NULL, 'Settings', '2', 'info', 'delete', '', '{\"id\":2,\"name\":\"Shaluka SamaranayakaShaluka SamaranayakaShaluka SamaranayakaShaluka SamaranayakaShaluka SamaranayakaShaluka SamaranayakaShaluka SamaranayakaShaluka SamaranayakaShaluka SamaranayakaShaluka SamaranayakaShaluka SamaranayakaShaluka SamaranayakaShaluka Samaran\",\"key_value\":\"\",\"value\":\"\",\"created\":\"2022-08-04T15:06:55+05:30\"}'),
(12, '2022-08-08 05:06:12', 'Banners', '12', NULL, NULL, 'Banners', '12', 'info', 'create', '', '{\"title\":\"Tesr\",\"user_id\":1,\"start_date\":\"2022-08-08T10:35:46+05:30\",\"end_date\":\"2022-08-25T10:35:50+05:30\",\"url\":\"https:\\/\\/google.com\\/\",\"position\":\"left_top\",\"price\":\"1000\",\"note\":\"<p>Test<\\/p>\",\"status\":\"1\",\"banner_type_id\":1,\"photo\":\"01.jpg\",\"created\":\"2022-08-08T10:36:11+05:30\",\"photo_dir\":\"5c184861-5154-42fe-8676-f2eea6790001\",\"id\":12}'),
(13, '2022-08-08 05:06:12', '\\App', '1', NULL, NULL, 'Banners', '12', 'info', 'create', '', '{\"title\":\"Tesr\",\"user_id\":1,\"start_date\":\"2022-08-08T10:35:46+05:30\",\"end_date\":\"2022-08-25T10:35:50+05:30\",\"url\":\"https:\\/\\/google.com\\/\",\"position\":\"left_top\",\"price\":\"1000\",\"note\":\"<p>Test<\\/p>\",\"status\":\"1\",\"banner_type_id\":1,\"photo\":\"01.jpg\",\"created\":\"2022-08-08T10:36:11+05:30\",\"photo_dir\":\"5c184861-5154-42fe-8676-f2eea6790001\",\"id\":12}'),
(14, '2022-08-08 07:33:46', 'Banners', '12', NULL, NULL, 'Banners', '12', 'info', 'update', '', '{\"status\":\"0\"}'),
(15, '2022-08-08 07:33:46', '\\App', '1', NULL, NULL, 'Banners', '12', 'info', 'update', '', '{\"status\":\"0\"}'),
(16, '2022-08-08 07:33:58', 'Banners', '12', NULL, NULL, 'Banners', '12', 'info', 'update', '', '{\"status\":\"1\"}'),
(17, '2022-08-08 07:33:58', '\\App', '1', NULL, NULL, 'Banners', '12', 'info', 'update', '', '{\"status\":\"1\"}'),
(18, '2022-08-08 07:34:29', 'Banners', '12', NULL, NULL, 'Banners', '12', 'info', 'update', '', '{\"status\":\"0\"}'),
(19, '2022-08-08 07:34:29', '\\App', '1', NULL, NULL, 'Banners', '12', 'info', 'update', '', '{\"status\":\"0\"}'),
(20, '2022-08-08 07:34:29', 'Banners', '1', NULL, NULL, 'Banners', '1', 'info', 'update', '', '{\"status\":\"0\"}'),
(21, '2022-08-08 07:34:29', '\\App', '1', NULL, NULL, 'Banners', '1', 'info', 'update', '', '{\"status\":\"0\"}'),
(22, '2022-08-08 07:34:29', 'Banners', '2', NULL, NULL, 'Banners', '2', 'info', 'update', '', '{\"status\":\"0\"}'),
(23, '2022-08-08 07:34:29', '\\App', '1', NULL, NULL, 'Banners', '2', 'info', 'update', '', '{\"status\":\"0\"}'),
(24, '2022-08-08 07:34:40', 'Banners', '12', NULL, NULL, 'Banners', '12', 'info', 'update', '', '{\"status\":\"1\"}'),
(25, '2022-08-08 07:34:40', '\\App', '1', NULL, NULL, 'Banners', '12', 'info', 'update', '', '{\"status\":\"1\"}'),
(26, '2022-08-08 07:34:40', 'Banners', '2', NULL, NULL, 'Banners', '2', 'info', 'update', '', '{\"status\":\"1\"}'),
(27, '2022-08-08 07:34:40', '\\App', '1', NULL, NULL, 'Banners', '2', 'info', 'update', '', '{\"status\":\"1\"}'),
(28, '2022-08-08 07:34:40', 'Banners', '1', NULL, NULL, 'Banners', '1', 'info', 'update', '', '{\"status\":\"1\"}'),
(29, '2022-08-08 07:34:40', '\\App', '1', NULL, NULL, 'Banners', '1', 'info', 'update', '', '{\"status\":\"1\"}'),
(30, '2022-08-08 07:34:47', 'Banners', '12', NULL, NULL, 'Banners', '12', 'info', 'update', '', '{\"status\":\"2\"}'),
(31, '2022-08-08 07:34:47', '\\App', '1', NULL, NULL, 'Banners', '12', 'info', 'update', '', '{\"status\":\"2\"}'),
(32, '2022-08-08 07:36:42', 'Banners', '12', NULL, NULL, 'Banners', '12', 'info', 'update', '', '{\"status\":\"2\"}'),
(33, '2022-08-08 07:36:42', '\\App', '1', NULL, NULL, 'Banners', '12', 'info', 'update', '', '{\"status\":\"2\"}'),
(34, '2022-08-08 07:39:38', 'Banners', '12', NULL, NULL, 'Banners', '12', 'info', 'delete', '', '{\"id\":12,\"title\":\"Tesr\",\"sponsor_name\":null,\"photo\":\"01.jpg\",\"photo_dir\":\"5c184861-5154-42fe-8676-f2eea6790001\",\"start_date\":\"2022-08-08T10:35:46+05:30\",\"end_date\":\"2022-08-25T10:35:50+05:30\",\"url\":\"https:\\/\\/google.com\\/\",\"position\":\"left_top\",\"price\":\"1000.00\",\"status\":\"1\",\"note\":\"<p>Test<\\/p>\",\"banner_type_id\":1,\"user_id\":1,\"created\":\"2022-08-08T10:36:11+05:30\"}'),
(35, '2022-08-08 07:39:38', '\\App', '1', NULL, NULL, 'Banners', '12', 'info', 'delete', '', '{\"id\":12,\"title\":\"Tesr\",\"sponsor_name\":null,\"photo\":\"01.jpg\",\"photo_dir\":\"5c184861-5154-42fe-8676-f2eea6790001\",\"start_date\":\"2022-08-08T10:35:46+05:30\",\"end_date\":\"2022-08-25T10:35:50+05:30\",\"url\":\"https:\\/\\/google.com\\/\",\"position\":\"left_top\",\"price\":\"1000.00\",\"status\":\"1\",\"note\":\"<p>Test<\\/p>\",\"banner_type_id\":1,\"user_id\":1,\"created\":\"2022-08-08T10:36:11+05:30\"}'),
(36, '2022-08-08 08:00:51', 'Banners', '4', NULL, NULL, 'Banners', '4', 'info', 'update', '', '{\"status\":\"0\"}'),
(37, '2022-08-08 08:00:51', '\\App', '1', NULL, NULL, 'Banners', '4', 'info', 'update', '', '{\"status\":\"0\"}'),
(38, '2022-08-08 08:00:51', 'Banners', '6', NULL, NULL, 'Banners', '6', 'info', 'update', '', '{\"status\":\"0\"}'),
(39, '2022-08-08 08:00:51', '\\App', '1', NULL, NULL, 'Banners', '6', 'info', 'update', '', '{\"status\":\"0\"}'),
(40, '2022-08-08 08:00:51', 'Banners', '2', NULL, NULL, 'Banners', '2', 'info', 'update', '', '{\"status\":\"0\"}'),
(41, '2022-08-08 08:00:51', '\\App', '1', NULL, NULL, 'Banners', '2', 'info', 'update', '', '{\"status\":\"0\"}'),
(42, '2022-08-08 08:02:19', 'Banners', '2', NULL, NULL, 'Banners', '2', 'info', 'update', '', '{\"status\":\"1\"}'),
(43, '2022-08-08 08:02:19', '\\App', '1', NULL, NULL, 'Banners', '2', 'info', 'update', '', '{\"status\":\"1\"}'),
(44, '2022-08-08 08:02:25', 'Banners', '4', NULL, NULL, 'Banners', '4', 'info', 'update', '', '{\"status\":\"1\"}'),
(45, '2022-08-08 08:02:25', '\\App', '1', NULL, NULL, 'Banners', '4', 'info', 'update', '', '{\"status\":\"1\"}'),
(46, '2022-08-08 08:02:30', 'Banners', '6', NULL, NULL, 'Banners', '6', 'info', 'update', '', '{\"status\":\"1\"}'),
(47, '2022-08-08 08:02:30', '\\App', '1', NULL, NULL, 'Banners', '6', 'info', 'update', '', '{\"status\":\"1\"}'),
(48, '2022-08-08 10:44:09', 'Countries', '1', NULL, NULL, 'Countries', '1', 'info', 'create', '', '{\"name\":\"Srl Lanka\",\"created\":\"2022-08-08T16:14:09+05:30\",\"id\":1}'),
(49, '2022-08-08 10:44:09', '\\App', '1', NULL, NULL, 'Countries', '1', 'info', 'create', '', '{\"name\":\"Srl Lanka\",\"created\":\"2022-08-08T16:14:09+05:30\",\"id\":1}'),
(50, '2022-08-08 10:44:28', 'PreferredCountries', '1', NULL, NULL, 'PreferredCountries', '1', 'info', 'create', '', '{\"name\":\"Srl Lanka\",\"created\":\"2022-08-08T16:14:28+05:30\",\"id\":1}'),
(51, '2022-08-08 10:44:28', '\\App', '1', NULL, NULL, 'PreferredCountries', '1', 'info', 'create', '', '{\"name\":\"Srl Lanka\",\"created\":\"2022-08-08T16:14:28+05:30\",\"id\":1}'),
(52, '2022-08-08 10:44:40', 'PreferredCountries', '1', NULL, NULL, 'PreferredCountries', '1', 'info', 'update', '', '{\"name\":\"India\"}'),
(53, '2022-08-08 10:44:40', '\\App', '1', NULL, NULL, 'PreferredCountries', '1', 'info', 'update', '', '{\"name\":\"India\"}'),
(54, '2022-08-08 10:45:14', 'Categories', '1', NULL, NULL, 'Categories', '1', 'info', 'create', '', '{\"name\":\"IELTS\",\"created\":\"2022-08-08T16:15:14+05:30\",\"id\":1}'),
(55, '2022-08-08 10:45:14', '\\App', '1', NULL, NULL, 'Categories', '1', 'info', 'create', '', '{\"name\":\"IELTS\",\"created\":\"2022-08-08T16:15:14+05:30\",\"id\":1}'),
(56, '2022-08-10 04:58:10', 'Articles', '1', NULL, NULL, 'Articles', '1', 'info', 'update', '', '{\"status\":\"0\"}'),
(57, '2022-08-10 04:58:10', '\\App', '1', NULL, NULL, 'Articles', '1', 'info', 'update', '', '{\"status\":\"0\"}'),
(58, '2022-08-10 04:58:10', 'Articles', '2', NULL, NULL, 'Articles', '2', 'info', 'update', '', '{\"status\":\"0\"}'),
(59, '2022-08-10 04:58:10', '\\App', '1', NULL, NULL, 'Articles', '2', 'info', 'update', '', '{\"status\":\"0\"}'),
(60, '2022-08-10 04:58:10', 'Articles', '3', NULL, NULL, 'Articles', '3', 'info', 'update', '', '{\"status\":\"0\"}'),
(61, '2022-08-10 04:58:10', '\\App', '1', NULL, NULL, 'Articles', '3', 'info', 'update', '', '{\"status\":\"0\"}'),
(62, '2022-08-10 04:58:38', 'Articles', '1', NULL, NULL, 'Articles', '1', 'info', 'update', '', '{\"status\":\"1\"}'),
(63, '2022-08-10 04:58:38', '\\App', '1', NULL, NULL, 'Articles', '1', 'info', 'update', '', '{\"status\":\"1\"}'),
(64, '2022-08-10 04:58:38', 'Articles', '2', NULL, NULL, 'Articles', '2', 'info', 'update', '', '{\"status\":\"1\"}'),
(65, '2022-08-10 04:58:38', '\\App', '1', NULL, NULL, 'Articles', '2', 'info', 'update', '', '{\"status\":\"1\"}'),
(66, '2022-08-10 04:58:38', 'Articles', '3', NULL, NULL, 'Articles', '3', 'info', 'update', '', '{\"status\":\"1\"}'),
(67, '2022-08-10 04:58:38', '\\App', '1', NULL, NULL, 'Articles', '3', 'info', 'update', '', '{\"status\":\"1\"}'),
(68, '2022-08-10 06:03:01', 'Settings', '3', NULL, NULL, 'Settings', '3', 'info', 'create', '', '{\"name\":\"Right bottom ad slider time\",\"key_value\":\"right-bottom-ad-slider\",\"value\":\"5000\",\"created\":\"2022-08-10T11:33:01+05:30\",\"id\":3}'),
(69, '2022-08-10 06:03:01', '\\App', '1', NULL, NULL, 'Settings', '3', 'info', 'create', '', '{\"name\":\"Right bottom ad slider time\",\"key_value\":\"right-bottom-ad-slider\",\"value\":\"5000\",\"created\":\"2022-08-10T11:33:01+05:30\",\"id\":3}'),
(70, '2022-08-10 06:03:28', 'Settings', '4', NULL, NULL, 'Settings', '4', 'info', 'create', '', '{\"name\":\"Right top ad slider time\",\"key_value\":\"right-top-ad-slider\",\"value\":\"4000\",\"created\":\"2022-08-10T11:33:28+05:30\",\"id\":4}'),
(71, '2022-08-10 06:03:28', '\\App', '1', NULL, NULL, 'Settings', '4', 'info', 'create', '', '{\"name\":\"Right top ad slider time\",\"key_value\":\"right-top-ad-slider\",\"value\":\"4000\",\"created\":\"2022-08-10T11:33:28+05:30\",\"id\":4}'),
(72, '2022-08-10 06:03:57', 'Settings', '5', NULL, NULL, 'Settings', '5', 'info', 'create', '', '{\"name\":\"Left bottom ad slider time\",\"key_value\":\"left-bottom-ad-slider\",\"value\":\"5000\",\"created\":\"2022-08-10T11:33:57+05:30\",\"id\":5}'),
(73, '2022-08-10 06:03:57', '\\App', '1', NULL, NULL, 'Settings', '5', 'info', 'create', '', '{\"name\":\"Left bottom ad slider time\",\"key_value\":\"left-bottom-ad-slider\",\"value\":\"5000\",\"created\":\"2022-08-10T11:33:57+05:30\",\"id\":5}'),
(74, '2022-08-10 06:04:16', 'Settings', '6', NULL, NULL, 'Settings', '6', 'info', 'create', '', '{\"name\":\"Left top ad slider time\",\"key_value\":\"left-top-ad-slider\",\"value\":\"4000\",\"created\":\"2022-08-10T11:34:16+05:30\",\"id\":6}'),
(75, '2022-08-10 06:04:16', '\\App', '1', NULL, NULL, 'Settings', '6', 'info', 'create', '', '{\"name\":\"Left top ad slider time\",\"key_value\":\"left-top-ad-slider\",\"value\":\"4000\",\"created\":\"2022-08-10T11:34:16+05:30\",\"id\":6}'),
(76, '2022-08-10 06:04:46', 'Settings', '7', NULL, NULL, 'Settings', '7', 'info', 'create', '', '{\"name\":\"Top ad slider\",\"key_value\":\"top-ad-slider\",\"value\":\"5000\",\"created\":\"2022-08-10T11:34:46+05:30\",\"id\":7}'),
(77, '2022-08-10 06:04:46', '\\App', '1', NULL, NULL, 'Settings', '7', 'info', 'create', '', '{\"name\":\"Top ad slider\",\"key_value\":\"top-ad-slider\",\"value\":\"5000\",\"created\":\"2022-08-10T11:34:46+05:30\",\"id\":7}'),
(78, '2022-08-10 06:10:29', 'Settings', '7', NULL, NULL, 'Settings', '7', 'info', 'update', '', '{\"name\":\"Top ad slider time\"}'),
(79, '2022-08-10 06:10:30', '\\App', '1', NULL, NULL, 'Settings', '7', 'info', 'update', '', '{\"name\":\"Top ad slider time\"}'),
(80, '2022-08-10 06:49:24', 'Articles', '3', NULL, NULL, 'Articles', '3', 'info', 'update', '', '{\"status\":\"0\"}'),
(81, '2022-08-10 06:49:24', '\\App', '1', NULL, NULL, 'Articles', '3', 'info', 'update', '', '{\"status\":\"0\"}'),
(82, '2022-08-10 06:49:24', 'Articles', '4', NULL, NULL, 'Articles', '4', 'info', 'update', '', '{\"status\":\"0\"}'),
(83, '2022-08-10 06:49:24', '\\App', '1', NULL, NULL, 'Articles', '4', 'info', 'update', '', '{\"status\":\"0\"}'),
(84, '2022-08-10 06:49:35', 'Articles', '4', NULL, NULL, 'Articles', '4', 'info', 'update', '', '{\"status\":\"1\"}'),
(85, '2022-08-10 06:49:35', '\\App', '1', NULL, NULL, 'Articles', '4', 'info', 'update', '', '{\"status\":\"1\"}'),
(86, '2022-08-10 06:49:35', 'Articles', '3', NULL, NULL, 'Articles', '3', 'info', 'update', '', '{\"status\":\"1\"}'),
(87, '2022-08-10 06:49:35', '\\App', '1', NULL, NULL, 'Articles', '3', 'info', 'update', '', '{\"status\":\"1\"}'),
(88, '2022-08-10 06:52:22', 'Banners', '3', NULL, NULL, 'Banners', '3', 'info', 'update', '', '{\"status\":\"0\"}'),
(89, '2022-08-10 06:52:22', '\\App', '1', NULL, NULL, 'Banners', '3', 'info', 'update', '', '{\"status\":\"0\"}'),
(90, '2022-08-10 06:52:22', 'Banners', '4', NULL, NULL, 'Banners', '4', 'info', 'update', '', '{\"status\":\"0\"}'),
(91, '2022-08-10 06:52:22', '\\App', '1', NULL, NULL, 'Banners', '4', 'info', 'update', '', '{\"status\":\"0\"}'),
(92, '2022-08-10 06:52:36', 'Banners', '3', NULL, NULL, 'Banners', '3', 'info', 'update', '', '{\"status\":\"1\"}'),
(93, '2022-08-10 06:52:36', '\\App', '1', NULL, NULL, 'Banners', '3', 'info', 'update', '', '{\"status\":\"1\"}'),
(94, '2022-08-10 06:52:36', 'Banners', '4', NULL, NULL, 'Banners', '4', 'info', 'update', '', '{\"status\":\"1\"}'),
(95, '2022-08-10 06:52:36', '\\App', '1', NULL, NULL, 'Banners', '4', 'info', 'update', '', '{\"status\":\"1\"}'),
(96, '2022-08-10 06:53:41', 'Banners', '3', NULL, NULL, 'Banners', '3', 'info', 'update', '', '{\"status\":\"0\"}'),
(97, '2022-08-10 06:53:41', '\\App', '1', NULL, NULL, 'Banners', '3', 'info', 'update', '', '{\"status\":\"0\"}'),
(98, '2022-08-10 06:53:41', 'Banners', '4', NULL, NULL, 'Banners', '4', 'info', 'update', '', '{\"status\":\"0\"}'),
(99, '2022-08-10 06:53:41', '\\App', '1', NULL, NULL, 'Banners', '4', 'info', 'update', '', '{\"status\":\"0\"}'),
(100, '2022-08-10 06:53:51', 'Banners', '3', NULL, NULL, 'Banners', '3', 'info', 'update', '', '{\"status\":\"1\"}'),
(101, '2022-08-10 06:53:51', '\\App', '1', NULL, NULL, 'Banners', '3', 'info', 'update', '', '{\"status\":\"1\"}'),
(102, '2022-08-10 06:53:59', 'Banners', '4', NULL, NULL, 'Banners', '4', 'info', 'update', '', '{\"status\":\"1\"}'),
(103, '2022-08-10 06:53:59', '\\App', '1', NULL, NULL, 'Banners', '4', 'info', 'update', '', '{\"status\":\"1\"}'),
(104, '2022-08-10 07:17:55', 'Settings', '3', NULL, NULL, 'Settings', '3', 'info', 'update', '', '{\"name\":\"Right bottom ad slider time (milliseconds)\"}'),
(105, '2022-08-10 07:17:55', '\\App', '1', NULL, NULL, 'Settings', '3', 'info', 'update', '', '{\"name\":\"Right bottom ad slider time (milliseconds)\"}'),
(106, '2022-08-10 07:18:03', 'Settings', '4', NULL, NULL, 'Settings', '4', 'info', 'update', '', '{\"name\":\"Right top ad slider time (milliseconds)\"}'),
(107, '2022-08-10 07:18:03', '\\App', '1', NULL, NULL, 'Settings', '4', 'info', 'update', '', '{\"name\":\"Right top ad slider time (milliseconds)\"}'),
(108, '2022-08-10 07:18:07', 'Settings', '5', NULL, NULL, 'Settings', '5', 'info', 'update', '', '{\"name\":\"Left bottom ad slider time (milliseconds)\"}'),
(109, '2022-08-10 07:18:07', '\\App', '1', NULL, NULL, 'Settings', '5', 'info', 'update', '', '{\"name\":\"Left bottom ad slider time (milliseconds)\"}'),
(110, '2022-08-10 07:18:10', 'Settings', '6', NULL, NULL, 'Settings', '6', 'info', 'update', '', '{\"name\":\"Left top ad slider time (milliseconds)\"}'),
(111, '2022-08-10 07:18:10', '\\App', '1', NULL, NULL, 'Settings', '6', 'info', 'update', '', '{\"name\":\"Left top ad slider time (milliseconds)\"}'),
(112, '2022-08-10 07:18:13', 'Settings', '7', NULL, NULL, 'Settings', '7', 'info', 'update', '', '{\"name\":\"Top ad slider time (milliseconds)\"}'),
(113, '2022-08-10 07:18:13', '\\App', '1', NULL, NULL, 'Settings', '7', 'info', 'update', '', '{\"name\":\"Top ad slider time (milliseconds)\"}'),
(114, '2022-08-15 02:46:40', 'Users', '2', NULL, NULL, 'Users', '2', 'info', 'create', '', '{\"first_name\":\"Sponsor\",\"email\":\"Shaluws95@gmail.com\",\"bio\":\"<p>Test<\\/p>\",\"contact\":\"\",\"company_name\":\"conscience\",\"status\":\"1\",\"role\":\"sponsor\",\"created\":\"2022-08-15T08:16:40+05:30\",\"id\":2}'),
(115, '2022-08-15 02:46:40', '\\App', '1', NULL, NULL, 'Users', '2', 'info', 'create', '', '{\"first_name\":\"Sponsor\",\"email\":\"Shaluws95@gmail.com\",\"bio\":\"<p>Test<\\/p>\",\"contact\":\"\",\"company_name\":\"conscience\",\"status\":\"1\",\"role\":\"sponsor\",\"created\":\"2022-08-15T08:16:40+05:30\",\"id\":2}'),
(116, '2022-08-15 02:47:04', 'Users', '2', NULL, NULL, 'Users', '2', 'info', 'update', '', '{\"status\":\"0\"}'),
(117, '2022-08-15 02:47:04', '\\App', '1', NULL, NULL, 'Users', '2', 'info', 'update', '', '{\"status\":\"0\"}'),
(118, '2022-08-15 05:01:16', 'Users', '3', NULL, NULL, 'Users', '3', 'info', 'create', '', '{\"role\":\"student\",\"first_name\":\"Conscienc\",\"country_id\":1,\"email\":\"s.eyes.lk@gmail.com\",\"preferred_country_id\":1,\"contact\":\"0719342678\",\"created\":\"2022-08-15T10:31:16+05:30\",\"id\":3}'),
(119, '2022-08-15 05:01:16', '\\App', '1', NULL, NULL, 'Users', '3', 'info', 'create', '', '{\"role\":\"student\",\"first_name\":\"Conscienc\",\"country_id\":1,\"email\":\"s.eyes.lk@gmail.com\",\"preferred_country_id\":1,\"contact\":\"0719342678\",\"created\":\"2022-08-15T10:31:16+05:30\",\"id\":3}'),
(120, '2022-08-15 05:41:44', 'Users', '4', NULL, NULL, 'Users', '4', 'info', 'create', '', '{\"role\":\"student\",\"first_name\":\"Conscience\",\"country_id\":1,\"email\":\"s.eyes.slk@gmail.com\",\"preferred_country_id\":1,\"contact\":\"0706770000\",\"created\":\"2022-08-15T11:11:44+05:30\",\"id\":4}'),
(121, '2022-08-15 05:41:44', '\\App', '1', NULL, NULL, 'Users', '4', 'info', 'create', '', '{\"role\":\"student\",\"first_name\":\"Conscience\",\"country_id\":1,\"email\":\"s.eyes.slk@gmail.com\",\"preferred_country_id\":1,\"contact\":\"0706770000\",\"created\":\"2022-08-15T11:11:44+05:30\",\"id\":4}'),
(122, '2022-08-15 06:13:12', 'Users', '5', NULL, NULL, 'Users', '5', 'info', 'create', '', '{\"role\":\"student\",\"first_name\":\"Conscienc\",\"country_id\":1,\"email\":\"s.eyes.lkdt@gmail.com\",\"preferred_country_id\":1,\"contact\":\"0706770000\",\"created\":\"2022-08-15T11:43:12+05:30\",\"id\":5}'),
(123, '2022-08-15 06:13:12', '\\App', '1', NULL, NULL, 'Users', '5', 'info', 'create', '', '{\"role\":\"student\",\"first_name\":\"Conscienc\",\"country_id\":1,\"email\":\"s.eyes.lkdt@gmail.com\",\"preferred_country_id\":1,\"contact\":\"0706770000\",\"created\":\"2022-08-15T11:43:12+05:30\",\"id\":5}'),
(124, '2022-08-15 06:13:12', 'Payments', '1', NULL, NULL, 'Payments', '1', 'info', 'create', '', '{\"title\":\"Registation payment ofConscienc \",\"price\":18.99,\"package\":\"platinum\",\"user_id\":5,\"created\":\"2022-08-15T11:43:12+05:30\",\"id\":1}'),
(125, '2022-08-15 06:13:12', '\\App', '1', NULL, NULL, 'Payments', '1', 'info', 'create', '', '{\"title\":\"Registation payment ofConscienc \",\"price\":18.99,\"package\":\"platinum\",\"user_id\":5,\"created\":\"2022-08-15T11:43:12+05:30\",\"id\":1}'),
(126, '2022-08-15 07:07:35', 'Articles', '1', NULL, NULL, 'Articles', '1', 'info', 'update', '', '{\"status\":\"0\"}'),
(127, '2022-08-15 07:07:35', '\\App', '1', NULL, NULL, 'Articles', '1', 'info', 'update', '', '{\"status\":\"0\"}'),
(128, '2022-08-15 07:07:46', 'Articles', '1', NULL, NULL, 'Articles', '1', 'info', 'update', '', '{\"status\":\"1\"}'),
(129, '2022-08-15 07:07:46', '\\App', '1', NULL, NULL, 'Articles', '1', 'info', 'update', '', '{\"status\":\"1\"}'),
(130, '2022-08-16 05:04:02', 'Users', '6', NULL, NULL, 'Users', '6', 'info', 'create', '', '{\"role\":\"supplier\",\"first_name\":\"Shaluka\",\"company_name\":\"conscience\",\"country_id\":1,\"email\":\"sss95@gmail.com\",\"category_id\":1,\"contact\":\"0706770000\",\"created\":\"2022-08-16T10:34:02+05:30\",\"id\":6}'),
(131, '2022-08-16 05:04:02', '\\App', '1', NULL, NULL, 'Users', '6', 'info', 'create', '', '{\"role\":\"supplier\",\"first_name\":\"Shaluka\",\"company_name\":\"conscience\",\"country_id\":1,\"email\":\"sss95@gmail.com\",\"category_id\":1,\"contact\":\"0706770000\",\"created\":\"2022-08-16T10:34:02+05:30\",\"id\":6}'),
(132, '2022-08-16 05:04:02', 'Payments', '2', NULL, NULL, 'Payments', '2', 'info', 'create', '', '{\"title\":\"Registation payment of Shaluka \",\"price\":0,\"package\":\"free\",\"user_id\":6,\"created\":\"2022-08-16T10:34:02+05:30\",\"id\":2}'),
(133, '2022-08-16 05:04:02', '\\App', '1', NULL, NULL, 'Payments', '2', 'info', 'create', '', '{\"title\":\"Registation payment of Shaluka \",\"price\":0,\"package\":\"free\",\"user_id\":6,\"created\":\"2022-08-16T10:34:02+05:30\",\"id\":2}'),
(134, '2022-08-16 05:09:56', 'Users', '6', NULL, NULL, 'Users', '6', 'info', 'update', '', '{\"status\":\"1\"}'),
(135, '2022-08-16 05:09:56', '\\App', '1', NULL, NULL, 'Users', '6', 'info', 'update', '', '{\"status\":\"1\"}'),
(136, '2022-08-16 05:10:07', 'Users', '6', NULL, NULL, 'Users', '6', 'info', 'update', '', '{\"status\":\"0\"}'),
(137, '2022-08-16 05:10:07', '\\App', '1', NULL, NULL, 'Users', '6', 'info', 'update', '', '{\"status\":\"0\"}'),
(138, '2022-08-16 05:10:30', 'Users', '6', NULL, NULL, 'Users', '6', 'info', 'update', '', '{\"status\":\"1\"}'),
(139, '2022-08-16 05:10:30', '\\App', '1', NULL, NULL, 'Users', '6', 'info', 'update', '', '{\"status\":\"1\"}'),
(140, '2022-08-17 04:39:32', 'Users', '7', NULL, NULL, 'Users', '7', 'info', 'create', '', '{\"role\":\"student\",\"first_name\":\"scasc\",\"country_id\":1,\"email\":\"ascac@eaa.com\",\"preferred_country_id\":1,\"contact\":\"dcsc\",\"created\":\"2022-08-17T10:09:32+05:30\",\"id\":7}'),
(141, '2022-08-17 04:39:32', '\\App', '1', NULL, NULL, 'Users', '7', 'info', 'create', '', '{\"role\":\"student\",\"first_name\":\"scasc\",\"country_id\":1,\"email\":\"ascac@eaa.com\",\"preferred_country_id\":1,\"contact\":\"dcsc\",\"created\":\"2022-08-17T10:09:32+05:30\",\"id\":7}'),
(142, '2022-08-17 04:39:32', 'Payments', '3', NULL, NULL, 'Payments', '3', 'info', 'create', '', '{\"title\":\"Registation payment of scasc \",\"price\":0,\"package\":\"free\",\"user_id\":7,\"created\":\"2022-08-17T10:09:32+05:30\",\"id\":3}'),
(143, '2022-08-17 04:39:32', '\\App', '1', NULL, NULL, 'Payments', '3', 'info', 'create', '', '{\"title\":\"Registation payment of scasc \",\"price\":0,\"package\":\"free\",\"user_id\":7,\"created\":\"2022-08-17T10:09:32+05:30\",\"id\":3}'),
(144, '2022-08-17 04:46:17', 'Users', '8', NULL, NULL, 'Users', '8', 'info', 'create', '', '{\"role\":\"student\",\"first_name\":\"Conscience\",\"country_id\":1,\"email\":\"s.eyes.lk@gmasail.com\",\"preferred_country_id\":1,\"contact\":\"ascascascascasc\",\"created\":\"2022-08-17T10:16:17+05:30\",\"id\":8}'),
(145, '2022-08-17 04:46:17', '\\App', '1', NULL, NULL, 'Users', '8', 'info', 'create', '', '{\"role\":\"student\",\"first_name\":\"Conscience\",\"country_id\":1,\"email\":\"s.eyes.lk@gmasail.com\",\"preferred_country_id\":1,\"contact\":\"ascascascascasc\",\"created\":\"2022-08-17T10:16:17+05:30\",\"id\":8}'),
(146, '2022-08-17 04:46:17', 'Payments', '4', NULL, NULL, 'Payments', '4', 'info', 'create', '', '{\"title\":\"Registation payment of Conscience \",\"price\":0,\"package\":\"free\",\"user_id\":8,\"created\":\"2022-08-17T10:16:17+05:30\",\"id\":4}'),
(147, '2022-08-17 04:46:17', '\\App', '1', NULL, NULL, 'Payments', '4', 'info', 'create', '', '{\"title\":\"Registation payment of Conscience \",\"price\":0,\"package\":\"free\",\"user_id\":8,\"created\":\"2022-08-17T10:16:17+05:30\",\"id\":4}'),
(148, '2022-08-19 04:47:11', 'Users', '9', NULL, NULL, 'Users', '9', 'info', 'create', '', '{\"role\":\"supplier\",\"first_name\":\"Conscienc\",\"company_name\":\"conscience\",\"country_id\":1,\"email\":\"s.eyesasas.lk@gmail.com\",\"category_id\":1,\"contact\":\"0719342678\",\"created\":\"2022-08-19T10:17:11+05:30\",\"id\":9}'),
(149, '2022-08-19 04:47:11', '\\App', '1', NULL, NULL, 'Users', '9', 'info', 'create', '', '{\"role\":\"supplier\",\"first_name\":\"Conscienc\",\"company_name\":\"conscience\",\"country_id\":1,\"email\":\"s.eyesasas.lk@gmail.com\",\"category_id\":1,\"contact\":\"0719342678\",\"created\":\"2022-08-19T10:17:11+05:30\",\"id\":9}'),
(150, '2022-08-19 04:47:11', 'Payments', '5', NULL, NULL, 'Payments', '5', 'info', 'create', '', '{\"title\":\"Registation payment of Conscienc \",\"price\":0,\"package\":\"free\",\"user_id\":9,\"created\":\"2022-08-19T10:17:11+05:30\",\"id\":5}'),
(151, '2022-08-19 04:47:11', '\\App', '1', NULL, NULL, 'Payments', '5', 'info', 'create', '', '{\"title\":\"Registation payment of Conscienc \",\"price\":0,\"package\":\"free\",\"user_id\":9,\"created\":\"2022-08-19T10:17:11+05:30\",\"id\":5}'),
(152, '2022-08-19 11:15:11', 'Articles', '5', NULL, NULL, 'Articles', '5', 'info', 'create', '', '{\"title\":\"Trest\",\"short_description\":\"<p>Test<\\/p>\",\"description\":\"<figure class=\\\"media\\\"><oembed url=\\\"https:\\/\\/www.youtube.com\\/watch?v=XDRcDyrGGak&amp;ab_channel=CrazylkRecords\\\"><\\/oembed><\\/figure>\",\"status\":\"1\",\"user_id\":4,\"created\":\"2022-08-19T16:45:11+05:30\",\"id\":5}'),
(153, '2022-08-19 11:15:11', '\\App', '1', NULL, NULL, 'Articles', '5', 'info', 'create', '', '{\"title\":\"Trest\",\"short_description\":\"<p>Test<\\/p>\",\"description\":\"<figure class=\\\"media\\\"><oembed url=\\\"https:\\/\\/www.youtube.com\\/watch?v=XDRcDyrGGak&amp;ab_channel=CrazylkRecords\\\"><\\/oembed><\\/figure>\",\"status\":\"1\",\"user_id\":4,\"created\":\"2022-08-19T16:45:11+05:30\",\"id\":5}'),
(154, '2022-08-19 11:20:58', 'Articles', '5', NULL, NULL, 'Articles', '5', 'info', 'update', '', '{\"short_description\":\"<figure class=\\\"media\\\"><oembed url=\\\"https:\\/\\/www.youtube.com\\/watch?v=xbwxQr-hzIE&amp;ab_channel=SLMUSIC\\\"><\\/oembed><\\/figure><p>Test<\\/p>\"}'),
(155, '2022-08-19 11:20:58', '\\App', '1', NULL, NULL, 'Articles', '5', 'info', 'update', '', '{\"short_description\":\"<figure class=\\\"media\\\"><oembed url=\\\"https:\\/\\/www.youtube.com\\/watch?v=xbwxQr-hzIE&amp;ab_channel=SLMUSIC\\\"><\\/oembed><\\/figure><p>Test<\\/p>\"}'),
(156, '2022-08-19 11:23:56', 'Articles', '5', NULL, NULL, 'Articles', '5', 'info', 'update', '', '{\"short_description\":\"<figure class=\\\"media\\\"><embed url=\\\"https:\\/\\/www.youtube.com\\/watch?v=xbwxQr-hzIE&amp;ab_channel=SLMUSIC\\\"><\\/embed><\\/figure><p>Test<\\/p>\"}'),
(157, '2022-08-19 11:23:56', '\\App', '1', NULL, NULL, 'Articles', '5', 'info', 'update', '', '{\"short_description\":\"<figure class=\\\"media\\\"><embed url=\\\"https:\\/\\/www.youtube.com\\/watch?v=xbwxQr-hzIE&amp;ab_channel=SLMUSIC\\\"><\\/embed><\\/figure><p>Test<\\/p>\"}'),
(158, '2022-08-19 11:24:34', 'Articles', '5', NULL, NULL, 'Articles', '5', 'info', 'update', '', '{\"short_description\":\"Test\"}'),
(159, '2022-08-19 11:24:34', '\\App', '1', NULL, NULL, 'Articles', '5', 'info', 'update', '', '{\"short_description\":\"Test\"}'),
(160, '2022-08-19 11:29:31', 'Articles', '5', NULL, NULL, 'Articles', '5', 'info', 'update', '', '{\"description\":\"<figure class=\\\"media\\\"><div data-oembed-url=\\\"https:\\/\\/www.youtube.com\\/watch?v=XDRcDyrGGak&amp;ab_channel=CrazylkRecords\\\"><div style=\\\"position: relative; padding-bottom: 100%; height: 0; padding-bottom: 56.2493%;\\\"><iframe src=\\\"https:\\/\\/www.youtube.com\\/embed\\/XDRcDyrGGak\\\" style=\\\"position: absolute; width: 100%; height: 100%; top: 0; left: 0;\\\" frameborder=\\\"0\\\" allow=\\\"autoplay; encrypted-media\\\" allowfullscreen=\\\"\\\"><\\/iframe><\\/div><\\/div><\\/figure>\"}'),
(161, '2022-08-19 11:29:31', '\\App', '1', NULL, NULL, 'Articles', '5', 'info', 'update', '', '{\"description\":\"<figure class=\\\"media\\\"><div data-oembed-url=\\\"https:\\/\\/www.youtube.com\\/watch?v=XDRcDyrGGak&amp;ab_channel=CrazylkRecords\\\"><div style=\\\"position: relative; padding-bottom: 100%; height: 0; padding-bottom: 56.2493%;\\\"><iframe src=\\\"https:\\/\\/www.youtube.com\\/embed\\/XDRcDyrGGak\\\" style=\\\"position: absolute; width: 100%; height: 100%; top: 0; left: 0;\\\" frameborder=\\\"0\\\" allow=\\\"autoplay; encrypted-media\\\" allowfullscreen=\\\"\\\"><\\/iframe><\\/div><\\/div><\\/figure>\"}'),
(162, '2022-08-21 07:31:17', 'Banners', '1', NULL, NULL, 'Banners', '1', 'info', 'update', '', '{\"status\":\"0\"}'),
(163, '2022-08-21 07:31:17', '\\App', '1', NULL, NULL, 'Banners', '1', 'info', 'update', '', '{\"status\":\"0\"}'),
(164, '2022-08-21 07:31:17', 'Banners', '3', NULL, NULL, 'Banners', '3', 'info', 'update', '', '{\"status\":\"0\"}'),
(165, '2022-08-21 07:31:17', '\\App', '1', NULL, NULL, 'Banners', '3', 'info', 'update', '', '{\"status\":\"0\"}'),
(166, '2022-08-21 07:31:26', 'Banners', '1', NULL, NULL, 'Banners', '1', 'info', 'update', '', '{\"status\":\"1\"}'),
(167, '2022-08-21 07:31:26', '\\App', '1', NULL, NULL, 'Banners', '1', 'info', 'update', '', '{\"status\":\"1\"}'),
(168, '2022-08-21 07:31:26', 'Banners', '3', NULL, NULL, 'Banners', '3', 'info', 'update', '', '{\"status\":\"1\"}'),
(169, '2022-08-21 07:31:26', '\\App', '1', NULL, NULL, 'Banners', '3', 'info', 'update', '', '{\"status\":\"1\"}'),
(170, '2022-08-22 07:42:14', 'Videos', '5', NULL, NULL, 'Videos', '5', 'info', 'update', '', '{\"title\":\"Immigration Service Provider James Pittman of Docketwise.com (Summer 2022)\"}'),
(171, '2022-08-22 07:42:14', '\\App', '1', NULL, NULL, 'Videos', '5', 'info', 'update', '', '{\"title\":\"Immigration Service Provider James Pittman of Docketwise.com (Summer 2022)\"}'),
(172, '2022-08-25 13:13:43', '\\App', '1', NULL, NULL, 'XmlSheets', '1', 'info', 'create', '', '{\"name\":\"Test\",\"version\":\"0.1\",\"status\":\"1\",\"user_id\":1,\"file\":\"ImmiConfig_20_07_2022.xml\",\"created\":\"2022-08-25T18:43:43+05:30\",\"file_dir\":\"e2115394-2d8b-4675-95f8-4e21243352c8\",\"id\":1}'),
(173, '2022-08-25 13:42:50', 'Articles', '5', NULL, NULL, 'Articles', '5', 'info', 'update', '', '{\"status\":\"0\"}'),
(174, '2022-08-25 13:42:50', '\\App', '1', NULL, NULL, 'Articles', '5', 'info', 'update', '', '{\"status\":\"0\"}'),
(175, '2022-08-28 07:47:21', 'Coupons', '1', NULL, NULL, 'Coupons', '1', 'info', 'create', '', '{\"name\":\"Test\",\"code\":\"5728\",\"start_date\":\"2022-08-28\",\"end_date\":\"2022-08-31\",\"status\":\"1\",\"created\":\"2022-08-28T13:17:21+05:30\",\"id\":1}'),
(176, '2022-08-28 07:47:21', '\\App', '1', NULL, NULL, 'Coupons', '1', 'info', 'create', '', '{\"name\":\"Test\",\"code\":\"5728\",\"start_date\":\"2022-08-28\",\"end_date\":\"2022-08-31\",\"status\":\"1\",\"created\":\"2022-08-28T13:17:21+05:30\",\"id\":1}'),
(177, '2022-08-28 07:47:32', 'Coupons', '1', NULL, NULL, 'Coupons', '1', 'info', 'update', '', '{\"code\":\"57284\"}'),
(178, '2022-08-28 07:47:32', '\\App', '1', NULL, NULL, 'Coupons', '1', 'info', 'update', '', '{\"code\":\"57284\"}'),
(179, '2022-08-28 07:47:38', 'Coupons', '1', NULL, NULL, 'Coupons', '1', 'info', 'delete', '', '{\"id\":1,\"name\":\"Test\",\"code\":\"57284\",\"start_date\":\"2022-08-28\",\"end_date\":\"2022-08-31\",\"status\":\"1\",\"created\":\"2022-08-28T13:17:21+05:30\"}'),
(180, '2022-08-28 07:47:38', '\\App', '1', NULL, NULL, 'Coupons', '1', 'info', 'delete', '', '{\"id\":1,\"name\":\"Test\",\"code\":\"57284\",\"start_date\":\"2022-08-28\",\"end_date\":\"2022-08-31\",\"status\":\"1\",\"created\":\"2022-08-28T13:17:21+05:30\"}'),
(181, '2022-09-05 09:52:04', 'Videos', '7', NULL, NULL, 'Videos', '7', 'info', 'create', '', '{\"title\":\"acas\",\"featured\":\"0\",\"type\":\"youtube\",\"premium\":\"0\",\"url\":\"\",\"status\":\"0\",\"created\":\"2022-09-05T15:22:04+05:30\",\"id\":7}'),
(182, '2022-09-05 09:52:04', '\\App', '1', NULL, NULL, 'Videos', '7', 'info', 'create', '', '{\"title\":\"acas\",\"featured\":\"0\",\"type\":\"youtube\",\"premium\":\"0\",\"url\":\"\",\"status\":\"0\",\"created\":\"2022-09-05T15:22:04+05:30\",\"id\":7}'),
(183, '2022-09-05 09:52:16', 'Videos', '7', NULL, NULL, 'Videos', '7', 'info', 'delete', '', '{\"id\":7,\"title\":\"acas\",\"featured\":\"0\",\"type\":\"youtube\",\"url\":\"\",\"photo\":null,\"photo_dir\":null,\"file\":null,\"file_dir\":null,\"premium\":\"0\",\"status\":\"0\",\"created\":\"2022-09-05T15:22:04+05:30\"}'),
(184, '2022-09-05 09:52:16', '\\App', '1', NULL, NULL, 'Videos', '7', 'info', 'delete', '', '{\"id\":7,\"title\":\"acas\",\"featured\":\"0\",\"type\":\"youtube\",\"url\":\"\",\"photo\":null,\"photo_dir\":null,\"file\":null,\"file_dir\":null,\"premium\":\"0\",\"status\":\"0\",\"created\":\"2022-09-05T15:22:04+05:30\"}'),
(185, '2022-09-05 09:55:15', 'Videos', '8', NULL, NULL, 'Videos', '8', 'info', 'create', '', '{\"title\":\"sdcs\",\"featured\":\"0\",\"type\":\"youtube\",\"premium\":\"0\",\"url\":\"\",\"status\":\"0\",\"created\":\"2022-09-05T15:25:14+05:30\",\"id\":8}'),
(186, '2022-09-05 09:55:15', '\\App', '1', NULL, NULL, 'Videos', '8', 'info', 'create', '', '{\"title\":\"sdcs\",\"featured\":\"0\",\"type\":\"youtube\",\"premium\":\"0\",\"url\":\"\",\"status\":\"0\",\"created\":\"2022-09-05T15:25:14+05:30\",\"id\":8}'),
(187, '2022-09-05 10:06:10', 'Videos', '9', NULL, NULL, 'Videos', '9', 'info', 'create', '', '{\"title\":\"ascasc\",\"featured\":\"0\",\"type\":\"youtube\",\"premium\":\"0\",\"url\":\"\",\"status\":\"0\",\"created\":\"2022-09-05T15:36:10+05:30\",\"id\":9}'),
(188, '2022-09-05 10:06:10', '\\App', '1', NULL, NULL, 'Videos', '9', 'info', 'create', '', '{\"title\":\"ascasc\",\"featured\":\"0\",\"type\":\"youtube\",\"premium\":\"0\",\"url\":\"\",\"status\":\"0\",\"created\":\"2022-09-05T15:36:10+05:30\",\"id\":9}'),
(189, '2022-09-05 10:06:22', 'Videos', '8', NULL, NULL, 'Videos', '8', 'info', 'delete', '', '{\"id\":8,\"title\":\"sdcs\",\"featured\":\"0\",\"type\":\"youtube\",\"url\":\"\",\"photo\":null,\"photo_dir\":null,\"file\":null,\"file_dir\":null,\"premium\":\"0\",\"status\":\"0\",\"created\":\"2022-09-05T15:25:14+05:30\"}'),
(190, '2022-09-05 10:06:22', '\\App', '1', NULL, NULL, 'Videos', '8', 'info', 'delete', '', '{\"id\":8,\"title\":\"sdcs\",\"featured\":\"0\",\"type\":\"youtube\",\"url\":\"\",\"photo\":null,\"photo_dir\":null,\"file\":null,\"file_dir\":null,\"premium\":\"0\",\"status\":\"0\",\"created\":\"2022-09-05T15:25:14+05:30\"}'),
(191, '2022-09-05 10:06:22', 'Videos', '9', NULL, NULL, 'Videos', '9', 'info', 'delete', '', '{\"id\":9,\"title\":\"ascasc\",\"featured\":\"0\",\"type\":\"youtube\",\"url\":\"\",\"photo\":null,\"photo_dir\":null,\"file\":null,\"file_dir\":null,\"premium\":\"0\",\"status\":\"0\",\"created\":\"2022-09-05T15:36:10+05:30\"}'),
(192, '2022-09-05 10:06:22', '\\App', '1', NULL, NULL, 'Videos', '9', 'info', 'delete', '', '{\"id\":9,\"title\":\"ascasc\",\"featured\":\"0\",\"type\":\"youtube\",\"url\":\"\",\"photo\":null,\"photo_dir\":null,\"file\":null,\"file_dir\":null,\"premium\":\"0\",\"status\":\"0\",\"created\":\"2022-09-05T15:36:10+05:30\"}'),
(193, '2022-09-05 10:07:37', 'Videos', '5', NULL, NULL, 'Videos', '5', 'info', 'update', '', '{\"status\":\"0\"}'),
(194, '2022-09-05 10:07:37', '\\App', '1', NULL, NULL, 'Videos', '5', 'info', 'update', '', '{\"status\":\"0\"}'),
(195, '2022-09-05 10:07:49', 'Videos', '5', NULL, NULL, 'Videos', '5', 'info', 'update', '', '{\"status\":\"1\"}'),
(196, '2022-09-05 10:07:49', '\\App', '1', NULL, NULL, 'Videos', '5', 'info', 'update', '', '{\"status\":\"1\"}'),
(197, '2022-09-05 10:42:34', 'Articles', '4', NULL, NULL, 'Articles', '4', 'info', 'update', '', '{\"description\":\"<p>Canada will be lifting the last pandemic-era restriction on its immigration services. The country announced that all Express Entry draws will resume starting July 6.<\\/p><p>Canada first imposed restrictions at the start of the pandemic- over 18 months ago.<\\/p><p>Think you check all the immigration boxes? Find out<br><br>Immigration minister Sean Fraser took to Twitter to invite all eligible candidates to apply under<\\/p><p>This comes as a time when the country is already struggling to cope with massive processing delays. According to data shared with ET, Immigration, Refugees and Citizenship Canada (IRCC) had an immigration backlog of almost 2.4 million people, as of June 6, 2022.<br><br>Last month, Canadian Prime Minister Justin Trudeau also announced a new task force to tackle the delays, saying, \\u201cwe know service delays, particularly in recent months, are unacceptable...we will continue to do everything we ca&nbsp;..<br>&nbsp;<\\/p><p><a href=\\\"http:\\/\\/immiyami.mylap\\/pages\\/article-view?page_id=Canada-will-reopen-all-PR-programs-under-Express-Entry-from-July-6-4\\\">http:\\/\\/immiyami.mylap\\/pages\\/article-view?page_id=Canada-will-reopen-all-PR-programs-under-Express-Entry-from-July-6-4<\\/a><\\/p>\"}'),
(198, '2022-09-05 10:42:34', '\\App', '1', NULL, NULL, 'Articles', '4', 'info', 'update', '', '{\"description\":\"<p>Canada will be lifting the last pandemic-era restriction on its immigration services. The country announced that all Express Entry draws will resume starting July 6.<\\/p><p>Canada first imposed restrictions at the start of the pandemic- over 18 months ago.<\\/p><p>Think you check all the immigration boxes? Find out<br><br>Immigration minister Sean Fraser took to Twitter to invite all eligible candidates to apply under<\\/p><p>This comes as a time when the country is already struggling to cope with massive processing delays. According to data shared with ET, Immigration, Refugees and Citizenship Canada (IRCC) had an immigration backlog of almost 2.4 million people, as of June 6, 2022.<br><br>Last month, Canadian Prime Minister Justin Trudeau also announced a new task force to tackle the delays, saying, \\u201cwe know service delays, particularly in recent months, are unacceptable...we will continue to do everything we ca&nbsp;..<br>&nbsp;<\\/p><p><a href=\\\"http:\\/\\/immiyami.mylap\\/pages\\/article-view?page_id=Canada-will-reopen-all-PR-programs-under-Express-Entry-from-July-6-4\\\">http:\\/\\/immiyami.mylap\\/pages\\/article-view?page_id=Canada-will-reopen-all-PR-programs-under-Express-Entry-from-July-6-4<\\/a><\\/p>\"}'),
(199, '2022-09-07 07:16:48', '\\App', '1', NULL, NULL, 'XmlSheets', '2', 'info', 'create', '', '{\"name\":\"Test\",\"version\":\"0.2\",\"status\":\"0\",\"user_id\":1,\"file\":\"ImmiConfig_20_07_2022-edited.xml\",\"created\":\"2022-09-07T12:46:48+05:30\",\"file_dir\":\"1e7f2245-f342-4ee5-baf0-821ca1abf98e\",\"id\":2}'),
(200, '2022-09-07 07:17:46', '\\App', '1', NULL, NULL, 'XmlSheets', '2', 'info', 'delete', '', '{\"id\":2,\"name\":\"Test\",\"version\":\"0.2\",\"file\":\"ImmiConfig_20_07_2022-edited.xml\",\"file_dir\":\"1e7f2245-f342-4ee5-baf0-821ca1abf98e\",\"status\":\"0\",\"user_id\":1,\"created\":\"2022-09-07T12:46:48+05:30\"}'),
(201, '2022-09-07 07:18:07', '\\App', '1', NULL, NULL, 'XmlSheets', '3', 'info', 'create', '', '{\"name\":\"Test\",\"version\":\"0.2\",\"status\":\"1\",\"user_id\":1,\"file\":\"ImmiConfig_20_07_2022-edited.xml\",\"created\":\"2022-09-07T12:48:07+05:30\",\"file_dir\":\"bad1fe4c-4e08-4f5d-952a-18a194973f71\",\"id\":3}'),
(202, '2022-09-07 07:19:30', '\\App', '1', NULL, NULL, 'XmlSheets', '3', 'info', 'delete', '', '{\"id\":3,\"name\":\"Test\",\"version\":\"0.2\",\"file\":\"ImmiConfig_20_07_2022-edited.xml\",\"file_dir\":\"bad1fe4c-4e08-4f5d-952a-18a194973f71\",\"status\":\"1\",\"user_id\":1,\"created\":\"2022-09-07T12:48:07+05:30\"}'),
(203, '2022-09-08 06:45:36', '\\App', '1', NULL, NULL, 'XmlSheets', '4', 'info', 'create', '', '{\"name\":\"Test\",\"version\":\"0.2\",\"status\":\"1\",\"user_id\":1,\"file\":\"ImmiConfig_20_07_2022-edited.xml\",\"created\":\"2022-09-08T12:15:36+05:30\",\"file_dir\":\"c79c22bf-2270-46a5-9bd6-c476acadc609\",\"id\":4}'),
(204, '2022-09-13 06:21:27', 'Users', '2', NULL, NULL, 'Users', '2', 'info', 'update', '', '[]'),
(205, '2022-09-13 06:21:27', '\\App', '1', NULL, NULL, 'Users', '2', 'info', 'update', '', '[]'),
(206, '2022-09-13 06:24:34', 'Users', '2', NULL, NULL, 'Users', '2', 'info', 'update', '', '{\"contact\":\"0706770000\",\"preferred_country_id\":1}'),
(207, '2022-09-13 06:24:34', '\\App', '1', NULL, NULL, 'Users', '2', 'info', 'update', '', '{\"contact\":\"0706770000\",\"preferred_country_id\":1}'),
(208, '2022-09-13 06:24:42', 'Users', '2', NULL, NULL, 'Users', '2', 'info', 'update', '', '{\"country_id\":1}'),
(209, '2022-09-13 06:24:42', '\\App', '1', NULL, NULL, 'Users', '2', 'info', 'update', '', '{\"country_id\":1}'),
(210, '2022-09-13 06:36:11', 'Users', '2', NULL, NULL, 'Users', '2', 'info', 'update', '', '{\"photo\":\"ss.jpg\",\"photo_dir\":\"b7a3d461-4d45-4eaa-89ea-47b4a8fdbd38\"}'),
(211, '2022-09-13 06:36:11', '\\App', '1', NULL, NULL, 'Users', '2', 'info', 'update', '', '{\"photo\":\"ss.jpg\",\"photo_dir\":\"b7a3d461-4d45-4eaa-89ea-47b4a8fdbd38\"}'),
(212, '2022-09-14 08:02:58', 'Articles', '6', NULL, NULL, 'Articles', '6', 'info', 'create', '', '{\"title\":\"Test\",\"short_description\":\"Test\",\"description\":\"<p>Test<\\/p><p><a href=\\\"https:\\/\\/www.freepik.com\\/\\\">https:\\/\\/www.freepik.com\\/<\\/a><\\/p>\",\"status\":\"1\",\"photo\":\"ss.jpg\",\"user_id\":1,\"created\":\"2022-09-14T13:32:58+05:30\",\"photo_dir\":\"c6442527-f6a2-4aa3-9409-2d0e77876ba8\",\"id\":6}'),
(213, '2022-09-14 08:02:58', '\\App', '1', NULL, NULL, 'Articles', '6', 'info', 'create', '', '{\"title\":\"Test\",\"short_description\":\"Test\",\"description\":\"<p>Test<\\/p><p><a href=\\\"https:\\/\\/www.freepik.com\\/\\\">https:\\/\\/www.freepik.com\\/<\\/a><\\/p>\",\"status\":\"1\",\"photo\":\"ss.jpg\",\"user_id\":1,\"created\":\"2022-09-14T13:32:58+05:30\",\"photo_dir\":\"c6442527-f6a2-4aa3-9409-2d0e77876ba8\",\"id\":6}'),
(214, '2022-09-14 08:04:14', 'Articles', '6', NULL, NULL, 'Articles', '6', 'info', 'delete', '', '{\"id\":6,\"title\":\"Test\",\"short_description\":\"Test\",\"description\":\"<p>Test<\\/p><p><a href=\\\"https:\\/\\/www.freepik.com\\/\\\">https:\\/\\/www.freepik.com\\/<\\/a><\\/p>\",\"photo\":\"ss.jpg\",\"photo_dir\":\"c6442527-f6a2-4aa3-9409-2d0e77876ba8\",\"status\":\"1\",\"user_id\":1,\"created\":\"2022-09-14T13:32:58+05:30\"}'),
(215, '2022-09-14 08:04:14', '\\App', '1', NULL, NULL, 'Articles', '6', 'info', 'delete', '', '{\"id\":6,\"title\":\"Test\",\"short_description\":\"Test\",\"description\":\"<p>Test<\\/p><p><a href=\\\"https:\\/\\/www.freepik.com\\/\\\">https:\\/\\/www.freepik.com\\/<\\/a><\\/p>\",\"photo\":\"ss.jpg\",\"photo_dir\":\"c6442527-f6a2-4aa3-9409-2d0e77876ba8\",\"status\":\"1\",\"user_id\":1,\"created\":\"2022-09-14T13:32:58+05:30\"}'),
(216, '2022-09-17 07:11:17', 'Posts', '1', NULL, NULL, 'Posts', '1', 'info', 'create', '', '{\"title\":\"dcsd\",\"short_description\":\"sdcsdc\",\"description\":\"sdc\",\"url\":\"sdcsd\",\"photo\":\"499246.jpg\",\"created\":\"2022-09-17T12:41:16+05:30\",\"photo_dir\":\"47a47b67-d6bf-42bc-a418-75140689819b\",\"id\":1}'),
(217, '2022-09-17 07:11:17', '\\App', '1', NULL, NULL, 'Posts', '1', 'info', 'create', '', '{\"title\":\"dcsd\",\"short_description\":\"sdcsdc\",\"description\":\"sdc\",\"url\":\"sdcsd\",\"photo\":\"499246.jpg\",\"created\":\"2022-09-17T12:41:16+05:30\",\"photo_dir\":\"47a47b67-d6bf-42bc-a418-75140689819b\",\"id\":1}'),
(218, '2022-09-17 07:19:46', 'Posts', '2', NULL, NULL, 'Posts', '2', 'info', 'create', '', '{\"title\":\"tefvdvsf\",\"short_description\":\"sdcsd\",\"description\":\"sdd\",\"url\":\"sdc\",\"photo\":\"499246.jpg\",\"created\":\"2022-09-17T12:49:45+05:30\",\"photo_dir\":\"6fd151b4-a966-4411-b32d-7d30ac3e02ff\",\"id\":2}'),
(219, '2022-09-17 07:19:46', '\\App', '1', NULL, NULL, 'Posts', '2', 'info', 'create', '', '{\"title\":\"tefvdvsf\",\"short_description\":\"sdcsd\",\"description\":\"sdd\",\"url\":\"sdc\",\"photo\":\"499246.jpg\",\"created\":\"2022-09-17T12:49:45+05:30\",\"photo_dir\":\"6fd151b4-a966-4411-b32d-7d30ac3e02ff\",\"id\":2}'),
(220, '2022-09-17 07:19:47', 'Posts', '3', NULL, NULL, 'Posts', '3', 'info', 'create', '', '{\"post_id\":null,\"photo\":\"499246.jpg\",\"created\":\"2022-09-17T12:49:46+05:30\",\"photo_dir\":\"31fdc091-a896-4684-b2e4-b1f9d82b51f6\",\"id\":3}'),
(221, '2022-09-17 07:19:47', '\\App', '1', NULL, NULL, 'Posts', '3', 'info', 'create', '', '{\"post_id\":null,\"photo\":\"499246.jpg\",\"created\":\"2022-09-17T12:49:46+05:30\",\"photo_dir\":\"31fdc091-a896-4684-b2e4-b1f9d82b51f6\",\"id\":3}'),
(222, '2022-09-17 07:19:47', 'Posts', '4', NULL, NULL, 'Posts', '4', 'info', 'create', '', '{\"post_id\":null,\"photo\":\"Capture.PNG\",\"created\":\"2022-09-17T12:49:47+05:30\",\"photo_dir\":\"5c35b02d-c969-437b-82b6-264db7535a02\",\"id\":4}'),
(223, '2022-09-17 07:19:47', '\\App', '1', NULL, NULL, 'Posts', '4', 'info', 'create', '', '{\"post_id\":null,\"photo\":\"Capture.PNG\",\"created\":\"2022-09-17T12:49:47+05:30\",\"photo_dir\":\"5c35b02d-c969-437b-82b6-264db7535a02\",\"id\":4}'),
(224, '2022-09-17 07:19:47', 'Posts', '5', NULL, NULL, 'Posts', '5', 'info', 'create', '', '{\"post_id\":null,\"photo\":\"Capture2.PNG\",\"created\":\"2022-09-17T12:49:47+05:30\",\"photo_dir\":\"627c50e7-7199-42d0-b1c3-020c6f62473e\",\"id\":5}'),
(225, '2022-09-17 07:19:47', '\\App', '1', NULL, NULL, 'Posts', '5', 'info', 'create', '', '{\"post_id\":null,\"photo\":\"Capture2.PNG\",\"created\":\"2022-09-17T12:49:47+05:30\",\"photo_dir\":\"627c50e7-7199-42d0-b1c3-020c6f62473e\",\"id\":5}'),
(226, '2022-09-17 07:20:35', 'Posts', '6', NULL, NULL, 'Posts', '6', 'info', 'create', '', '{\"title\":\"asca\",\"short_description\":\"ascasc\",\"description\":\"ascas\",\"url\":\"acs\",\"photo\":\"499246.jpg\",\"created\":\"2022-09-17T12:50:34+05:30\",\"photo_dir\":\"ed8254ea-e9a3-49fd-811d-c05667df73c9\",\"id\":6}'),
(227, '2022-09-17 07:20:35', '\\App', '1', NULL, NULL, 'Posts', '6', 'info', 'create', '', '{\"title\":\"asca\",\"short_description\":\"ascasc\",\"description\":\"ascas\",\"url\":\"acs\",\"photo\":\"499246.jpg\",\"created\":\"2022-09-17T12:50:34+05:30\",\"photo_dir\":\"ed8254ea-e9a3-49fd-811d-c05667df73c9\",\"id\":6}'),
(228, '2022-09-17 07:20:35', 'PostImages', '1', NULL, NULL, 'PostImages', '1', 'info', 'create', '', '{\"post_id\":null,\"photo\":\"499246.jpg\",\"created\":\"2022-09-17T12:50:35+05:30\",\"photo_dir\":\"4e23b00a-891b-43bc-9cce-ef4211cdd4c3\",\"id\":1}'),
(229, '2022-09-17 07:20:35', '\\App', '1', NULL, NULL, 'PostImages', '1', 'info', 'create', '', '{\"post_id\":null,\"photo\":\"499246.jpg\",\"created\":\"2022-09-17T12:50:35+05:30\",\"photo_dir\":\"4e23b00a-891b-43bc-9cce-ef4211cdd4c3\",\"id\":1}'),
(230, '2022-09-17 07:20:36', 'PostImages', '2', NULL, NULL, 'PostImages', '2', 'info', 'create', '', '{\"post_id\":null,\"photo\":\"Capture.PNG\",\"created\":\"2022-09-17T12:50:35+05:30\",\"photo_dir\":\"1f319998-9102-469c-bfd6-73baca09abe4\",\"id\":2}'),
(231, '2022-09-17 07:20:36', '\\App', '1', NULL, NULL, 'PostImages', '2', 'info', 'create', '', '{\"post_id\":null,\"photo\":\"Capture.PNG\",\"created\":\"2022-09-17T12:50:35+05:30\",\"photo_dir\":\"1f319998-9102-469c-bfd6-73baca09abe4\",\"id\":2}');
INSERT INTO `activity_logs` (`id`, `created_at`, `scope_model`, `scope_id`, `issuer_model`, `issuer_id`, `object_model`, `object_id`, `level`, `action`, `message`, `data`) VALUES
(232, '2022-09-17 07:20:36', 'PostImages', '3', NULL, NULL, 'PostImages', '3', 'info', 'create', '', '{\"post_id\":null,\"photo\":\"Capture2.PNG\",\"created\":\"2022-09-17T12:50:36+05:30\",\"photo_dir\":\"d51da4b3-b59c-47c0-8d0c-9f5290f7f771\",\"id\":3}'),
(233, '2022-09-17 07:20:36', '\\App', '1', NULL, NULL, 'PostImages', '3', 'info', 'create', '', '{\"post_id\":null,\"photo\":\"Capture2.PNG\",\"created\":\"2022-09-17T12:50:36+05:30\",\"photo_dir\":\"d51da4b3-b59c-47c0-8d0c-9f5290f7f771\",\"id\":3}'),
(234, '2022-09-17 07:21:52', 'Posts', '7', NULL, NULL, 'Posts', '7', 'info', 'create', '', '{\"title\":\"ascac\",\"short_description\":\"ascasc\",\"description\":\"ascasc\",\"url\":\"sacasc\",\"photo\":\"499246.jpg\",\"created\":\"2022-09-17T12:51:51+05:30\",\"photo_dir\":\"066eed07-b7ac-4c1d-a2f6-9bb8b55767df\",\"id\":7}'),
(235, '2022-09-17 07:21:52', '\\App', '1', NULL, NULL, 'Posts', '7', 'info', 'create', '', '{\"title\":\"ascac\",\"short_description\":\"ascasc\",\"description\":\"ascasc\",\"url\":\"sacasc\",\"photo\":\"499246.jpg\",\"created\":\"2022-09-17T12:51:51+05:30\",\"photo_dir\":\"066eed07-b7ac-4c1d-a2f6-9bb8b55767df\",\"id\":7}'),
(236, '2022-09-17 07:21:53', 'PostImages', '4', NULL, NULL, 'PostImages', '4', 'info', 'create', '', '{\"post_id\":7,\"photo\":\"499246.jpg\",\"created\":\"2022-09-17T12:51:52+05:30\",\"photo_dir\":\"53c9cf25-ce62-4ae6-a682-5ff95ff24396\",\"id\":4}'),
(237, '2022-09-17 07:21:53', '\\App', '1', NULL, NULL, 'PostImages', '4', 'info', 'create', '', '{\"post_id\":7,\"photo\":\"499246.jpg\",\"created\":\"2022-09-17T12:51:52+05:30\",\"photo_dir\":\"53c9cf25-ce62-4ae6-a682-5ff95ff24396\",\"id\":4}'),
(238, '2022-09-17 07:21:53', 'PostImages', '5', NULL, NULL, 'PostImages', '5', 'info', 'create', '', '{\"post_id\":7,\"photo\":\"Capture.PNG\",\"created\":\"2022-09-17T12:51:53+05:30\",\"photo_dir\":\"ed227e07-b9bc-4c7b-bd79-37e072d9a062\",\"id\":5}'),
(239, '2022-09-17 07:21:53', '\\App', '1', NULL, NULL, 'PostImages', '5', 'info', 'create', '', '{\"post_id\":7,\"photo\":\"Capture.PNG\",\"created\":\"2022-09-17T12:51:53+05:30\",\"photo_dir\":\"ed227e07-b9bc-4c7b-bd79-37e072d9a062\",\"id\":5}'),
(240, '2022-09-17 07:21:53', 'PostImages', '6', NULL, NULL, 'PostImages', '6', 'info', 'create', '', '{\"post_id\":7,\"photo\":\"Capture2.PNG\",\"created\":\"2022-09-17T12:51:53+05:30\",\"photo_dir\":\"f55b9678-edee-455b-8d43-d8591df84824\",\"id\":6}'),
(241, '2022-09-17 07:21:53', '\\App', '1', NULL, NULL, 'PostImages', '6', 'info', 'create', '', '{\"post_id\":7,\"photo\":\"Capture2.PNG\",\"created\":\"2022-09-17T12:51:53+05:30\",\"photo_dir\":\"f55b9678-edee-455b-8d43-d8591df84824\",\"id\":6}'),
(242, '2022-09-17 09:03:28', 'Posts', '7', NULL, NULL, 'Posts', '7', 'info', 'update', '', '{\"title\":\"Test 7\"}'),
(243, '2022-09-17 09:03:28', '\\App', '1', NULL, NULL, 'Posts', '7', 'info', 'update', '', '{\"title\":\"Test 7\"}'),
(244, '2022-09-17 09:04:33', 'Posts', '7', NULL, NULL, 'Posts', '7', 'info', 'update', '', '{\"short_description\":\"Test 7\",\"description\":\"Test 7\",\"url\":\"Test 7\"}'),
(245, '2022-09-17 09:04:33', '\\App', '1', NULL, NULL, 'Posts', '7', 'info', 'update', '', '{\"short_description\":\"Test 7\",\"description\":\"Test 7\",\"url\":\"Test 7\"}'),
(246, '2022-09-17 09:22:45', 'Posts', '6', NULL, NULL, 'Posts', '6', 'info', 'update', '', '{\"title\":\"Test 6\",\"short_description\":\"Test 6\",\"description\":\"Test 6\",\"url\":\"Test 6\"}'),
(247, '2022-09-17 09:22:45', '\\App', '1', NULL, NULL, 'Posts', '6', 'info', 'update', '', '{\"title\":\"Test 6\",\"short_description\":\"Test 6\",\"description\":\"Test 6\",\"url\":\"Test 6\"}'),
(248, '2022-09-17 09:23:42', 'Posts', '1', NULL, NULL, 'Posts', '1', 'info', 'update', '', '{\"title\":\"Test 1\",\"short_description\":\"Test 1\",\"description\":\"Test 1\",\"url\":\"Test 1\"}'),
(249, '2022-09-17 09:23:42', '\\App', '1', NULL, NULL, 'Posts', '1', 'info', 'update', '', '{\"title\":\"Test 1\",\"short_description\":\"Test 1\",\"description\":\"Test 1\",\"url\":\"Test 1\"}'),
(250, '2022-09-24 09:48:08', 'Helps', '1', NULL, NULL, 'Helps', '1', 'info', 'create', '', '{\"title\":\"Test\",\"description\":\"<p>Test<\\/p>\",\"status\":\"1\",\"created\":\"2022-09-24T15:18:07+05:30\",\"id\":1}'),
(251, '2022-09-24 09:48:08', '\\App', '1', NULL, NULL, 'Helps', '1', 'info', 'create', '', '{\"title\":\"Test\",\"description\":\"<p>Test<\\/p>\",\"status\":\"1\",\"created\":\"2022-09-24T15:18:07+05:30\",\"id\":1}'),
(252, '2022-10-06 05:16:52', 'Users', '9', NULL, NULL, 'Users', '9', 'info', 'update', '', '{\"q_active\":\"1\"}'),
(253, '2022-10-06 05:16:52', '\\App', '1', NULL, NULL, 'Users', '9', 'info', 'update', '', '{\"q_active\":\"1\"}'),
(254, '2022-10-06 05:17:11', 'Users', '6', NULL, NULL, 'Users', '6', 'info', 'update', '', '{\"q_active\":\"1\"}'),
(255, '2022-10-06 05:17:11', '\\App', '1', NULL, NULL, 'Users', '6', 'info', 'update', '', '{\"q_active\":\"1\"}'),
(256, '2022-10-07 07:49:46', 'Discussions', '1', NULL, NULL, 'Discussions', '1', 'info', 'create', '', '{\"supplier_id\":2,\"member_id\":9,\"date\":\"2022-10-07T13:19:35+05:30\",\"description\":\"<p>tr<\\/p>\",\"created\":\"2022-10-07T13:19:46+05:30\",\"id\":1}'),
(257, '2022-10-07 07:49:46', '\\App', '1', NULL, NULL, 'Discussions', '1', 'info', 'create', '', '{\"supplier_id\":2,\"member_id\":9,\"date\":\"2022-10-07T13:19:35+05:30\",\"description\":\"<p>tr<\\/p>\",\"created\":\"2022-10-07T13:19:46+05:30\",\"id\":1}'),
(258, '2022-10-13 07:04:34', 'Posts', '1', NULL, NULL, 'Posts', '1', 'info', 'update', '', '{\"status\":\"1\"}'),
(259, '2022-10-13 07:04:34', '\\App', '1', NULL, NULL, 'Posts', '1', 'info', 'update', '', '{\"status\":\"1\"}'),
(260, '2022-10-13 07:08:02', 'Banners', '9', NULL, NULL, 'Banners', '9', 'info', 'update', '', '{\"url\":\"\\/list-posts\",\"note\":\"\"}'),
(261, '2022-10-13 07:08:02', '\\App', '1', NULL, NULL, 'Banners', '9', 'info', 'update', '', '{\"url\":\"\\/list-posts\",\"note\":\"\"}'),
(262, '2022-10-13 07:08:07', 'Banners', '10', NULL, NULL, 'Banners', '10', 'info', 'update', '', '{\"url\":\"\\/list-posts\",\"note\":\"\"}'),
(263, '2022-10-13 07:08:07', '\\App', '1', NULL, NULL, 'Banners', '10', 'info', 'update', '', '{\"url\":\"\\/list-posts\",\"note\":\"\"}'),
(264, '2022-10-13 07:08:11', 'Banners', '7', NULL, NULL, 'Banners', '7', 'info', 'update', '', '{\"url\":\"\\/list-posts\",\"note\":\"\"}'),
(265, '2022-10-13 07:08:11', '\\App', '1', NULL, NULL, 'Banners', '7', 'info', 'update', '', '{\"url\":\"\\/list-posts\",\"note\":\"\"}'),
(266, '2022-10-13 07:08:15', 'Banners', '8', NULL, NULL, 'Banners', '8', 'info', 'update', '', '{\"url\":\"\\/list-posts\",\"note\":\"\"}'),
(267, '2022-10-13 07:08:15', '\\App', '1', NULL, NULL, 'Banners', '8', 'info', 'update', '', '{\"url\":\"\\/list-posts\",\"note\":\"\"}'),
(268, '2022-10-28 06:30:26', '\\App', '1', NULL, NULL, 'XmlSheets', '5', 'info', 'create', '', '{\"name\":\"Test\",\"version\":\"0.3\",\"status\":\"1\",\"user_id\":1,\"file\":\"ImmiConfig_20_07_2022-edited.xml\",\"created\":\"2022-10-28T12:00:26+05:30\",\"file_dir\":\"dff6667d-ee14-4025-8706-0b7704ae33ca\",\"id\":5}'),
(269, '2022-10-28 10:35:15', '\\App', '1', NULL, NULL, 'XmlSheets', '6', 'info', 'create', '', '{\"name\":\"Test\",\"version\":\"0.4\",\"status\":\"1\",\"user_id\":1,\"file\":\"ImmiConfig_20_07_2022-edited.xml\",\"created\":\"2022-10-28T16:05:15+05:30\",\"file_dir\":\"5c6238b6-67c1-4d1b-bfa2-3bdfb3b4026e\",\"id\":6}'),
(270, '2022-10-31 07:02:25', 'Users', '10', NULL, NULL, 'Users', '10', 'info', 'create', '', '{\"role\":\"member\",\"first_name\":\"Conscience\",\"country_id\":1,\"email\":\"s.eyes.lk@gmail.com\",\"preferred_country_id\":1,\"contact\":\"07112312312\",\"created\":\"2022-10-31T12:32:25+05:30\",\"id\":10}'),
(271, '2022-10-31 07:02:25', '\\App', '1', NULL, NULL, 'Users', '10', 'info', 'create', '', '{\"role\":\"member\",\"first_name\":\"Conscience\",\"country_id\":1,\"email\":\"s.eyes.lk@gmail.com\",\"preferred_country_id\":1,\"contact\":\"07112312312\",\"created\":\"2022-10-31T12:32:25+05:30\",\"id\":10}'),
(272, '2022-10-31 07:02:25', 'Payments', '6', NULL, NULL, 'Payments', '6', 'info', 'create', '', '{\"title\":\"Registation payment of Conscience \",\"price\":18.99,\"package\":\"platinum\",\"user_id\":10,\"created\":\"2022-10-31T12:32:25+05:30\",\"id\":6}'),
(273, '2022-10-31 07:02:25', '\\App', '1', NULL, NULL, 'Payments', '6', 'info', 'create', '', '{\"title\":\"Registation payment of Conscience \",\"price\":18.99,\"package\":\"platinum\",\"user_id\":10,\"created\":\"2022-10-31T12:32:25+05:30\",\"id\":6}'),
(274, '2022-10-31 07:07:14', 'Users', '11', NULL, NULL, 'Users', '11', 'info', 'create', '', '{\"role\":\"member\",\"first_name\":\"Conscience\",\"country_id\":1,\"email\":\"s.eyes.lk@gmail.com\",\"preferred_country_id\":1,\"contact\":\"07112312312\",\"created\":\"2022-10-31T12:37:14+05:30\",\"id\":11}'),
(275, '2022-10-31 07:07:14', '\\App', '1', NULL, NULL, 'Users', '11', 'info', 'create', '', '{\"role\":\"member\",\"first_name\":\"Conscience\",\"country_id\":1,\"email\":\"s.eyes.lk@gmail.com\",\"preferred_country_id\":1,\"contact\":\"07112312312\",\"created\":\"2022-10-31T12:37:14+05:30\",\"id\":11}'),
(276, '2022-10-31 07:07:14', 'Payments', '7', NULL, NULL, 'Payments', '7', 'info', 'create', '', '{\"title\":\"Registation payment of Conscience \",\"price\":18.99,\"package\":\"platinum\",\"user_id\":11,\"created\":\"2022-10-31T12:37:14+05:30\",\"id\":7}'),
(277, '2022-10-31 07:07:14', '\\App', '1', NULL, NULL, 'Payments', '7', 'info', 'create', '', '{\"title\":\"Registation payment of Conscience \",\"price\":18.99,\"package\":\"platinum\",\"user_id\":11,\"created\":\"2022-10-31T12:37:14+05:30\",\"id\":7}'),
(278, '2022-10-31 07:12:25', 'Users', '12', NULL, NULL, 'Users', '12', 'info', 'create', '', '{\"role\":\"member\",\"first_name\":\"Conscience\",\"country_id\":1,\"email\":\"s.eyes.lk@gmail.com\",\"preferred_country_id\":1,\"contact\":\"07112312312\",\"created\":\"2022-10-31T12:42:25+05:30\",\"id\":12}'),
(279, '2022-10-31 07:12:25', '\\App', '1', NULL, NULL, 'Users', '12', 'info', 'create', '', '{\"role\":\"member\",\"first_name\":\"Conscience\",\"country_id\":1,\"email\":\"s.eyes.lk@gmail.com\",\"preferred_country_id\":1,\"contact\":\"07112312312\",\"created\":\"2022-10-31T12:42:25+05:30\",\"id\":12}'),
(280, '2022-10-31 07:12:25', 'Payments', '8', NULL, NULL, 'Payments', '8', 'info', 'create', '', '{\"title\":\"Registation payment of Conscience \",\"price\":18.99,\"package\":\"platinum\",\"user_id\":12,\"created\":\"2022-10-31T12:42:25+05:30\",\"id\":8}'),
(281, '2022-10-31 07:12:25', '\\App', '1', NULL, NULL, 'Payments', '8', 'info', 'create', '', '{\"title\":\"Registation payment of Conscience \",\"price\":18.99,\"package\":\"platinum\",\"user_id\":12,\"created\":\"2022-10-31T12:42:25+05:30\",\"id\":8}'),
(282, '2022-10-31 07:14:27', 'Users', '13', NULL, NULL, 'Users', '13', 'info', 'create', '', '{\"role\":\"member\",\"first_name\":\"Conscience\",\"country_id\":1,\"email\":\"s.eyes.lk@gmail.com\",\"preferred_country_id\":1,\"contact\":\"07112312312\",\"created\":\"2022-10-31T12:44:27+05:30\",\"id\":13}'),
(283, '2022-10-31 07:14:27', '\\App', '1', NULL, NULL, 'Users', '13', 'info', 'create', '', '{\"role\":\"member\",\"first_name\":\"Conscience\",\"country_id\":1,\"email\":\"s.eyes.lk@gmail.com\",\"preferred_country_id\":1,\"contact\":\"07112312312\",\"created\":\"2022-10-31T12:44:27+05:30\",\"id\":13}'),
(284, '2022-10-31 07:14:27', 'Payments', '9', NULL, NULL, 'Payments', '9', 'info', 'create', '', '{\"title\":\"Registation payment of Conscience \",\"price\":18.99,\"package\":\"platinum\",\"user_id\":13,\"created\":\"2022-10-31T12:44:27+05:30\",\"id\":9}'),
(285, '2022-10-31 07:14:27', '\\App', '1', NULL, NULL, 'Payments', '9', 'info', 'create', '', '{\"title\":\"Registation payment of Conscience \",\"price\":18.99,\"package\":\"platinum\",\"user_id\":13,\"created\":\"2022-10-31T12:44:27+05:30\",\"id\":9}'),
(286, '2022-10-31 07:15:14', 'Users', '14', NULL, NULL, 'Users', '14', 'info', 'create', '', '{\"role\":\"member\",\"first_name\":\"Conscience\",\"country_id\":1,\"email\":\"s.eyes.lk@gmail.com\",\"preferred_country_id\":1,\"contact\":\"07112312312\",\"created\":\"2022-10-31T12:45:14+05:30\",\"id\":14}'),
(287, '2022-10-31 07:15:14', '\\App', '1', NULL, NULL, 'Users', '14', 'info', 'create', '', '{\"role\":\"member\",\"first_name\":\"Conscience\",\"country_id\":1,\"email\":\"s.eyes.lk@gmail.com\",\"preferred_country_id\":1,\"contact\":\"07112312312\",\"created\":\"2022-10-31T12:45:14+05:30\",\"id\":14}'),
(288, '2022-10-31 07:15:14', 'Payments', '10', NULL, NULL, 'Payments', '10', 'info', 'create', '', '{\"title\":\"Registation payment of Conscience \",\"price\":18.99,\"package\":\"platinum\",\"user_id\":14,\"created\":\"2022-10-31T12:45:14+05:30\",\"id\":10}'),
(289, '2022-10-31 07:15:14', '\\App', '1', NULL, NULL, 'Payments', '10', 'info', 'create', '', '{\"title\":\"Registation payment of Conscience \",\"price\":18.99,\"package\":\"platinum\",\"user_id\":14,\"created\":\"2022-10-31T12:45:14+05:30\",\"id\":10}'),
(290, '2022-10-31 07:17:09', 'Users', '15', NULL, NULL, 'Users', '15', 'info', 'create', '', '{\"role\":\"member\",\"first_name\":\"Conscience\",\"country_id\":1,\"email\":\"s.eyes.lk@gmail.com\",\"preferred_country_id\":1,\"contact\":\"07112312312\",\"created\":\"2022-10-31T12:47:09+05:30\",\"id\":15}'),
(291, '2022-10-31 07:17:09', '\\App', '1', NULL, NULL, 'Users', '15', 'info', 'create', '', '{\"role\":\"member\",\"first_name\":\"Conscience\",\"country_id\":1,\"email\":\"s.eyes.lk@gmail.com\",\"preferred_country_id\":1,\"contact\":\"07112312312\",\"created\":\"2022-10-31T12:47:09+05:30\",\"id\":15}'),
(292, '2022-10-31 07:17:09', 'Payments', '11', NULL, NULL, 'Payments', '11', 'info', 'create', '', '{\"title\":\"Registation payment of Conscience \",\"price\":18.99,\"package\":\"platinum\",\"user_id\":15,\"created\":\"2022-10-31T12:47:09+05:30\",\"id\":11}'),
(293, '2022-10-31 07:17:09', '\\App', '1', NULL, NULL, 'Payments', '11', 'info', 'create', '', '{\"title\":\"Registation payment of Conscience \",\"price\":18.99,\"package\":\"platinum\",\"user_id\":15,\"created\":\"2022-10-31T12:47:09+05:30\",\"id\":11}'),
(294, '2022-10-31 07:18:14', 'Users', '16', NULL, NULL, 'Users', '16', 'info', 'create', '', '{\"role\":\"member\",\"first_name\":\"Conscience\",\"country_id\":1,\"email\":\"s.eyes.lk@gmail.com\",\"preferred_country_id\":1,\"contact\":\"07112312312\",\"created\":\"2022-10-31T12:48:14+05:30\",\"id\":16}'),
(295, '2022-10-31 07:18:14', '\\App', '1', NULL, NULL, 'Users', '16', 'info', 'create', '', '{\"role\":\"member\",\"first_name\":\"Conscience\",\"country_id\":1,\"email\":\"s.eyes.lk@gmail.com\",\"preferred_country_id\":1,\"contact\":\"07112312312\",\"created\":\"2022-10-31T12:48:14+05:30\",\"id\":16}'),
(296, '2022-10-31 07:18:14', 'Payments', '12', NULL, NULL, 'Payments', '12', 'info', 'create', '', '{\"title\":\"Registation payment of Conscience \",\"price\":18.99,\"package\":\"platinum\",\"user_id\":16,\"created\":\"2022-10-31T12:48:14+05:30\",\"id\":12}'),
(297, '2022-10-31 07:18:14', '\\App', '1', NULL, NULL, 'Payments', '12', 'info', 'create', '', '{\"title\":\"Registation payment of Conscience \",\"price\":18.99,\"package\":\"platinum\",\"user_id\":16,\"created\":\"2022-10-31T12:48:14+05:30\",\"id\":12}'),
(298, '2022-10-31 07:19:37', 'Users', '17', NULL, NULL, 'Users', '17', 'info', 'create', '', '{\"role\":\"member\",\"first_name\":\"Conscience\",\"country_id\":1,\"email\":\"s.eyes.lk@gmail.com\",\"preferred_country_id\":1,\"contact\":\"07112312312\",\"created\":\"2022-10-31T12:49:37+05:30\",\"id\":17}'),
(299, '2022-10-31 07:19:37', '\\App', '1', NULL, NULL, 'Users', '17', 'info', 'create', '', '{\"role\":\"member\",\"first_name\":\"Conscience\",\"country_id\":1,\"email\":\"s.eyes.lk@gmail.com\",\"preferred_country_id\":1,\"contact\":\"07112312312\",\"created\":\"2022-10-31T12:49:37+05:30\",\"id\":17}'),
(300, '2022-10-31 07:19:38', 'Payments', '13', NULL, NULL, 'Payments', '13', 'info', 'create', '', '{\"title\":\"Registation payment of Conscience \",\"price\":18.99,\"package\":\"platinum\",\"user_id\":17,\"created\":\"2022-10-31T12:49:38+05:30\",\"id\":13}'),
(301, '2022-10-31 07:19:38', '\\App', '1', NULL, NULL, 'Payments', '13', 'info', 'create', '', '{\"title\":\"Registation payment of Conscience \",\"price\":18.99,\"package\":\"platinum\",\"user_id\":17,\"created\":\"2022-10-31T12:49:38+05:30\",\"id\":13}'),
(302, '2022-11-15 05:26:36', 'Payments', '2', NULL, NULL, 'Payments', '2', 'info', 'update', '', '{\"payment_date\":\"2022-11-15 10:56:36\",\"payment_currency\":\"USD\",\"txn_id\":\"PAYIDUP2022Nov2\"}'),
(303, '2022-11-15 05:26:36', '\\App', '1', NULL, NULL, 'Payments', '2', 'info', 'update', '', '{\"payment_date\":\"2022-11-15 10:56:36\",\"payment_currency\":\"USD\",\"txn_id\":\"PAYIDUP2022Nov2\"}'),
(304, '2022-11-15 05:28:43', 'Payments', '2', NULL, NULL, 'Payments', '2', 'info', 'update', '', '{\"status\":\"1\",\"payment_status\":\"approved\"}'),
(305, '2022-11-15 05:28:43', '\\App', '1', NULL, NULL, 'Payments', '2', 'info', 'update', '', '{\"status\":\"1\",\"payment_status\":\"approved\"}'),
(306, '2022-11-15 05:38:42', 'Payments', '14', NULL, NULL, 'Payments', '14', 'info', 'create', '', '{\"payment_date\":\"2022-11-15 11:08:42\",\"txn_id\":\"PAYIDUP2022Nov2\",\"price\":8.99,\"title\":\"Upgrade free to gold\",\"payment_currency\":\"USD\",\"user_id\":2,\"created\":\"2022-11-15T11:08:42+05:30\",\"id\":14}'),
(307, '2022-11-15 05:38:42', '\\App', '1', NULL, NULL, 'Payments', '14', 'info', 'create', '', '{\"payment_date\":\"2022-11-15 11:08:42\",\"txn_id\":\"PAYIDUP2022Nov2\",\"price\":8.99,\"title\":\"Upgrade free to gold\",\"payment_currency\":\"USD\",\"user_id\":2,\"created\":\"2022-11-15T11:08:42+05:30\",\"id\":14}'),
(308, '2022-11-15 05:38:54', 'Payments', '14', NULL, NULL, 'Payments', '14', 'info', 'update', '', '{\"status\":\"1\",\"payment_status\":\"approved\"}'),
(309, '2022-11-15 05:38:54', '\\App', '1', NULL, NULL, 'Payments', '14', 'info', 'update', '', '{\"status\":\"1\",\"payment_status\":\"approved\"}'),
(310, '2022-11-15 05:46:00', 'Payments', '15', NULL, NULL, 'Payments', '15', 'info', 'create', '', '{\"payment_date\":\"2022-11-15 11:15:59\",\"txn_id\":\"PAYIDUP2022Nov2\",\"price\":8.99,\"title\":\"Upgraded free to gold\",\"package\":\"gold\",\"payment_currency\":\"USD\",\"user_id\":2,\"created\":\"2022-11-15T11:15:59+05:30\",\"id\":15}'),
(311, '2022-11-15 05:46:00', '\\App', '1', NULL, NULL, 'Payments', '15', 'info', 'create', '', '{\"payment_date\":\"2022-11-15 11:15:59\",\"txn_id\":\"PAYIDUP2022Nov2\",\"price\":8.99,\"title\":\"Upgraded free to gold\",\"package\":\"gold\",\"payment_currency\":\"USD\",\"user_id\":2,\"created\":\"2022-11-15T11:15:59+05:30\",\"id\":15}'),
(312, '2022-11-15 05:46:12', 'Payments', '15', NULL, NULL, 'Payments', '15', 'info', 'update', '', '{\"status\":\"1\",\"payment_status\":\"approved\"}'),
(313, '2022-11-15 05:46:12', '\\App', '1', NULL, NULL, 'Payments', '15', 'info', 'update', '', '{\"status\":\"1\",\"payment_status\":\"approved\"}'),
(314, '2022-11-15 05:47:46', 'Payments', '15', NULL, NULL, 'Payments', '15', 'info', 'update', '', '{\"status\":\"1\",\"payment_status\":\"approved\"}'),
(315, '2022-11-15 05:47:46', '\\App', '1', NULL, NULL, 'Payments', '15', 'info', 'update', '', '{\"status\":\"1\",\"payment_status\":\"approved\"}'),
(316, '2022-11-15 05:48:29', 'Payments', '15', NULL, NULL, 'Payments', '15', 'info', 'update', '', '{\"status\":\"1\",\"payment_status\":\"approved\"}'),
(317, '2022-11-15 05:48:30', '\\App', '1', NULL, NULL, 'Payments', '15', 'info', 'update', '', '{\"status\":\"1\",\"payment_status\":\"approved\"}'),
(318, '2022-11-15 05:50:24', 'Payments', '15', NULL, NULL, 'Payments', '15', 'info', 'update', '', '{\"status\":\"1\",\"payment_status\":\"approved\"}'),
(319, '2022-11-15 05:50:24', '\\App', '1', NULL, NULL, 'Payments', '15', 'info', 'update', '', '{\"status\":\"1\",\"payment_status\":\"approved\"}'),
(320, '2022-11-15 05:51:36', 'Payments', '16', NULL, NULL, 'Payments', '16', 'info', 'create', '', '{\"payment_date\":\"2022-11-15 11:21:36\",\"txn_id\":\"PAYIDUP202211152\",\"price\":18.99,\"title\":\"Upgraded free to platinum\",\"package\":\"platinum\",\"payment_currency\":\"USD\",\"user_id\":2,\"created\":\"2022-11-15T11:21:36+05:30\",\"id\":16}'),
(321, '2022-11-15 05:51:36', '\\App', '1', NULL, NULL, 'Payments', '16', 'info', 'create', '', '{\"payment_date\":\"2022-11-15 11:21:36\",\"txn_id\":\"PAYIDUP202211152\",\"price\":18.99,\"title\":\"Upgraded free to platinum\",\"package\":\"platinum\",\"payment_currency\":\"USD\",\"user_id\":2,\"created\":\"2022-11-15T11:21:36+05:30\",\"id\":16}'),
(322, '2022-11-15 05:51:49', 'Payments', '16', NULL, NULL, 'Payments', '16', 'info', 'update', '', '{\"status\":\"1\",\"payment_status\":\"approved\"}'),
(323, '2022-11-15 05:51:49', '\\App', '1', NULL, NULL, 'Payments', '16', 'info', 'update', '', '{\"status\":\"1\",\"payment_status\":\"approved\"}'),
(324, '2022-11-15 06:58:37', 'Posts', '6', NULL, NULL, 'Posts', '6', 'info', 'update', '', '{\"status\":\"1\"}'),
(325, '2022-11-15 06:58:37', '\\App', '1', NULL, NULL, 'Posts', '6', 'info', 'update', '', '{\"status\":\"1\"}'),
(326, '2022-11-15 06:58:42', 'Posts', '7', NULL, NULL, 'Posts', '7', 'info', 'update', '', '{\"status\":\"1\"}'),
(327, '2022-11-15 06:58:42', '\\App', '1', NULL, NULL, 'Posts', '7', 'info', 'update', '', '{\"status\":\"1\"}'),
(328, '2022-11-16 08:29:18', 'Payments', '16', NULL, NULL, 'Payments', '16', 'info', 'delete', '', '{\"id\":16,\"title\":\"Upgraded free to platinum\",\"price\":\"18.99\",\"payment_date\":\"2022-11-15T11:21:36+05:30\",\"type\":\"member\",\"package\":\"platinum\",\"status\":\"1\",\"payment_status\":\"approved\",\"payment_currency\":\"USD\",\"txn_id\":\"PAYIDUP202211152\",\"custom\":null,\"user_id\":2,\"created\":\"2022-11-15T11:21:36+05:30\"}'),
(329, '2022-11-16 08:29:18', '\\App', '1', NULL, NULL, 'Payments', '16', 'info', 'delete', '', '{\"id\":16,\"title\":\"Upgraded free to platinum\",\"price\":\"18.99\",\"payment_date\":\"2022-11-15T11:21:36+05:30\",\"type\":\"member\",\"package\":\"platinum\",\"status\":\"1\",\"payment_status\":\"approved\",\"payment_currency\":\"USD\",\"txn_id\":\"PAYIDUP202211152\",\"custom\":null,\"user_id\":2,\"created\":\"2022-11-15T11:21:36+05:30\"}'),
(330, '2022-11-16 08:29:18', 'Payments', '15', NULL, NULL, 'Payments', '15', 'info', 'delete', '', '{\"id\":15,\"title\":\"Upgraded free to gold\",\"price\":\"8.99\",\"payment_date\":\"2022-11-15T11:15:59+05:30\",\"type\":\"member\",\"package\":\"gold\",\"status\":\"1\",\"payment_status\":\"approved\",\"payment_currency\":\"USD\",\"txn_id\":\"PAYIDUP2022Nov2\",\"custom\":null,\"user_id\":2,\"created\":\"2022-11-15T11:15:59+05:30\"}'),
(331, '2022-11-16 08:29:18', '\\App', '1', NULL, NULL, 'Payments', '15', 'info', 'delete', '', '{\"id\":15,\"title\":\"Upgraded free to gold\",\"price\":\"8.99\",\"payment_date\":\"2022-11-15T11:15:59+05:30\",\"type\":\"member\",\"package\":\"gold\",\"status\":\"1\",\"payment_status\":\"approved\",\"payment_currency\":\"USD\",\"txn_id\":\"PAYIDUP2022Nov2\",\"custom\":null,\"user_id\":2,\"created\":\"2022-11-15T11:15:59+05:30\"}'),
(332, '2022-11-16 08:29:56', 'Payments', '17', NULL, NULL, 'Payments', '17', 'info', 'create', '', '{\"payment_date\":\"2022-11-16 13:59:56\",\"txn_id\":\"PAYIDUP202211162\",\"price\":8.99,\"title\":\"Upgraded free to gold\",\"package\":\"gold\",\"payment_currency\":\"USD\",\"user_id\":2,\"created\":\"2022-11-16T13:59:56+05:30\",\"id\":17}'),
(333, '2022-11-16 08:29:56', '\\App', '1', NULL, NULL, 'Payments', '17', 'info', 'create', '', '{\"payment_date\":\"2022-11-16 13:59:56\",\"txn_id\":\"PAYIDUP202211162\",\"price\":8.99,\"title\":\"Upgraded free to gold\",\"package\":\"gold\",\"payment_currency\":\"USD\",\"user_id\":2,\"created\":\"2022-11-16T13:59:56+05:30\",\"id\":17}'),
(334, '2022-11-16 08:30:14', 'Payments', '17', NULL, NULL, 'Payments', '17', 'info', 'update', '', '{\"status\":\"1\",\"payment_status\":\"approved\"}'),
(335, '2022-11-16 08:30:14', '\\App', '1', NULL, NULL, 'Payments', '17', 'info', 'update', '', '{\"status\":\"1\",\"payment_status\":\"approved\"}'),
(336, '2022-11-16 08:36:13', 'Payments', '2', NULL, NULL, 'Payments', '2', 'info', 'update', '', '{\"status\":\"1\",\"payment_status\":\"approved\"}'),
(337, '2022-11-16 08:36:13', '\\App', '1', NULL, NULL, 'Payments', '2', 'info', 'update', '', '{\"status\":\"1\",\"payment_status\":\"approved\"}'),
(338, '2022-11-16 08:36:20', 'Payments', '2', NULL, NULL, 'Payments', '2', 'info', 'update', '', '{\"status\":\"1\",\"payment_status\":\"approved\"}'),
(339, '2022-11-16 08:36:20', '\\App', '1', NULL, NULL, 'Payments', '2', 'info', 'update', '', '{\"status\":\"1\",\"payment_status\":\"approved\"}'),
(340, '2022-11-16 08:37:00', 'Payments', '2', NULL, NULL, 'Payments', '2', 'info', 'update', '', '{\"status\":\"1\",\"payment_status\":\"approved\"}'),
(341, '2022-11-16 08:37:00', '\\App', '1', NULL, NULL, 'Payments', '2', 'info', 'update', '', '{\"status\":\"1\",\"payment_status\":\"approved\"}'),
(342, '2022-11-16 08:37:35', 'Payments', '2', NULL, NULL, 'Payments', '2', 'info', 'update', '', '{\"status\":\"1\",\"payment_status\":\"approved\"}'),
(343, '2022-11-16 08:37:35', '\\App', '1', NULL, NULL, 'Payments', '2', 'info', 'update', '', '{\"status\":\"1\",\"payment_status\":\"approved\"}'),
(344, '2022-11-16 08:46:42', 'Payments', '18', NULL, NULL, 'Payments', '18', 'info', 'create', '', '{\"payment_date\":\"2022-11-16 14:16:42\",\"txn_id\":\"PAYIDUP202211162\",\"price\":18.99,\"title\":\"Upgraded free to platinum\",\"package\":\"platinum\",\"payment_currency\":\"USD\",\"user_id\":2,\"created\":\"2022-11-16T14:16:42+05:30\",\"id\":18}'),
(345, '2022-11-16 08:46:42', '\\App', '1', NULL, NULL, 'Payments', '18', 'info', 'create', '', '{\"payment_date\":\"2022-11-16 14:16:42\",\"txn_id\":\"PAYIDUP202211162\",\"price\":18.99,\"title\":\"Upgraded free to platinum\",\"package\":\"platinum\",\"payment_currency\":\"USD\",\"user_id\":2,\"created\":\"2022-11-16T14:16:42+05:30\",\"id\":18}'),
(346, '2022-11-16 08:49:14', 'Payments', '19', NULL, NULL, 'Payments', '19', 'info', 'create', '', '{\"payment_date\":\"2022-11-16 14:19:14\",\"txn_id\":\"PAYIDUP202211162\",\"price\":18.99,\"title\":\"Upgraded free to platinum\",\"package\":\"platinum\",\"payment_currency\":\"USD\",\"user_id\":2,\"created\":\"2022-11-16T14:19:14+05:30\",\"id\":19}'),
(347, '2022-11-16 08:49:14', '\\App', '1', NULL, NULL, 'Payments', '19', 'info', 'create', '', '{\"payment_date\":\"2022-11-16 14:19:14\",\"txn_id\":\"PAYIDUP202211162\",\"price\":18.99,\"title\":\"Upgraded free to platinum\",\"package\":\"platinum\",\"payment_currency\":\"USD\",\"user_id\":2,\"created\":\"2022-11-16T14:19:14+05:30\",\"id\":19}'),
(348, '2022-11-16 08:50:16', 'Payments', '20', NULL, NULL, 'Payments', '20', 'info', 'create', '', '{\"payment_date\":\"2022-11-16 14:20:16\",\"txn_id\":\"PAYIDUP202211162\",\"price\":18.99,\"title\":\"Upgraded free to platinum\",\"package\":\"platinum\",\"payment_currency\":\"USD\",\"user_id\":2,\"created\":\"2022-11-16T14:20:16+05:30\",\"id\":20}'),
(349, '2022-11-16 08:50:16', '\\App', '1', NULL, NULL, 'Payments', '20', 'info', 'create', '', '{\"payment_date\":\"2022-11-16 14:20:16\",\"txn_id\":\"PAYIDUP202211162\",\"price\":18.99,\"title\":\"Upgraded free to platinum\",\"package\":\"platinum\",\"payment_currency\":\"USD\",\"user_id\":2,\"created\":\"2022-11-16T14:20:16+05:30\",\"id\":20}'),
(350, '2022-11-16 08:52:27', 'Payments', '20', NULL, NULL, 'Payments', '20', 'info', 'update', '', '{\"status\":\"1\",\"payment_status\":\"approved\"}'),
(351, '2022-11-16 08:52:27', '\\App', '1', NULL, NULL, 'Payments', '20', 'info', 'update', '', '{\"status\":\"1\",\"payment_status\":\"approved\"}'),
(352, '2022-11-18 08:39:35', 'Users', '2', NULL, NULL, 'Users', '2', 'info', 'update', '', '{\"qm\":\"1\"}'),
(353, '2022-11-18 08:39:35', '\\App', '1', NULL, NULL, 'Users', '2', 'info', 'update', '', '{\"qm\":\"1\"}'),
(354, '2022-11-18 08:44:08', 'Users', '2', NULL, NULL, 'Users', '2', 'info', 'update', '', '{\"qm\":\"1\"}'),
(355, '2022-11-18 08:44:08', '\\App', '1', NULL, NULL, 'Users', '2', 'info', 'update', '', '{\"qm\":\"1\"}'),
(356, '2022-12-14 09:47:47', 'Posts', '8', NULL, NULL, 'Posts', '8', 'info', 'create', '', '{\"title\":\"test\",\"short_description\":\"rer\",\"description\":\"erf\",\"url\":\"\\/list-posts\",\"photo\":\"beautify.jpg\",\"user_id\":6,\"created\":\"2022-12-14T15:17:46+05:30\",\"photo_dir\":\"7b213074-6d6a-4e54-a6c6-b470ccf16936\",\"id\":8}'),
(357, '2022-12-14 09:47:47', '\\App', '1', NULL, NULL, 'Posts', '8', 'info', 'create', '', '{\"title\":\"test\",\"short_description\":\"rer\",\"description\":\"erf\",\"url\":\"\\/list-posts\",\"photo\":\"beautify.jpg\",\"user_id\":6,\"created\":\"2022-12-14T15:17:46+05:30\",\"photo_dir\":\"7b213074-6d6a-4e54-a6c6-b470ccf16936\",\"id\":8}'),
(358, '2022-12-14 09:47:48', 'PostImages', '7', NULL, NULL, 'PostImages', '7', 'info', 'create', '', '{\"post_id\":8,\"photo\":\"charted.jpg\",\"created\":\"2022-12-14T15:17:47+05:30\",\"photo_dir\":\"bcf01a24-0b31-428e-94b6-ed8e47b561f7\",\"id\":7}'),
(359, '2022-12-14 09:47:48', '\\App', '1', NULL, NULL, 'PostImages', '7', 'info', 'create', '', '{\"post_id\":8,\"photo\":\"charted.jpg\",\"created\":\"2022-12-14T15:17:47+05:30\",\"photo_dir\":\"bcf01a24-0b31-428e-94b6-ed8e47b561f7\",\"id\":7}'),
(360, '2022-12-15 06:31:01', 'Users', '2', NULL, NULL, 'Users', '2', 'info', 'update', '', '{\"contact\":\"0706770111\"}'),
(361, '2022-12-15 06:31:01', '\\App', '1', NULL, NULL, 'Users', '2', 'info', 'update', '', '{\"contact\":\"0706770111\"}'),
(362, '2022-12-16 09:44:51', 'Posts', '7', NULL, NULL, 'Posts', '7', 'info', 'update', '', '{\"clicks\":1}'),
(363, '2022-12-16 09:44:51', '\\App', '1', NULL, NULL, 'Posts', '7', 'info', 'update', '', '{\"clicks\":1}'),
(364, '2022-12-16 09:46:15', 'Posts', '7', NULL, NULL, 'Posts', '7', 'info', 'update', '', '{\"clicks\":2}'),
(365, '2022-12-16 09:46:15', '\\App', '1', NULL, NULL, 'Posts', '7', 'info', 'update', '', '{\"clicks\":2}'),
(366, '2022-12-16 09:47:17', 'Posts', '1', NULL, NULL, 'Posts', '1', 'info', 'update', '', '{\"clicks\":1}'),
(367, '2022-12-16 09:47:17', '\\App', '1', NULL, NULL, 'Posts', '1', 'info', 'update', '', '{\"clicks\":1}'),
(368, '2022-12-16 09:48:09', 'Posts', '8', NULL, NULL, 'Posts', '8', 'info', 'update', '', '{\"status\":\"1\"}'),
(369, '2022-12-16 09:48:09', '\\App', '1', NULL, NULL, 'Posts', '8', 'info', 'update', '', '{\"status\":\"1\"}'),
(370, '2022-12-16 09:48:36', 'Posts', '8', NULL, NULL, 'Posts', '8', 'info', 'update', '', '{\"clicks\":1}'),
(371, '2022-12-16 09:48:36', '\\App', '1', NULL, NULL, 'Posts', '8', 'info', 'update', '', '{\"clicks\":1}'),
(372, '2022-12-16 10:06:18', 'Posts', '9', NULL, NULL, 'Posts', '9', 'info', 'create', '', '{\"title\":\"Test 2\",\"short_description\":\"ascas\",\"description\":\"asca\",\"url\":\"https:\\/\\/google.com\\/\",\"photo\":\"beautify.jpg\",\"user_id\":6,\"created\":\"2022-12-16T15:36:18+05:30\",\"photo_dir\":\"9c16c620-4774-4efe-b706-94f28db78194\",\"id\":9}'),
(373, '2022-12-16 10:06:18', '\\App', '1', NULL, NULL, 'Posts', '9', 'info', 'create', '', '{\"title\":\"Test 2\",\"short_description\":\"ascas\",\"description\":\"asca\",\"url\":\"https:\\/\\/google.com\\/\",\"photo\":\"beautify.jpg\",\"user_id\":6,\"created\":\"2022-12-16T15:36:18+05:30\",\"photo_dir\":\"9c16c620-4774-4efe-b706-94f28db78194\",\"id\":9}'),
(374, '2022-12-16 10:06:19', 'PostImages', '8', NULL, NULL, 'PostImages', '8', 'info', 'create', '', '{\"post_id\":9,\"photo\":\"charted.jpg\",\"created\":\"2022-12-16T15:36:18+05:30\",\"photo_dir\":\"4fd693d4-7211-42d4-b8b9-a1c2f2948754\",\"id\":8}'),
(375, '2022-12-16 10:06:19', '\\App', '1', NULL, NULL, 'PostImages', '8', 'info', 'create', '', '{\"post_id\":9,\"photo\":\"charted.jpg\",\"created\":\"2022-12-16T15:36:18+05:30\",\"photo_dir\":\"4fd693d4-7211-42d4-b8b9-a1c2f2948754\",\"id\":8}'),
(376, '2023-01-16 06:19:56', 'Payments', '20', NULL, NULL, 'Payments', '20', 'info', 'delete', '', '{\"id\":20,\"title\":\"Upgraded free to platinum\",\"price\":\"18.99\",\"payment_date\":\"2022-11-16T14:20:16+05:30\",\"type\":\"member\",\"package\":\"platinum\",\"status\":\"1\",\"payment_status\":\"approved\",\"payment_currency\":\"USD\",\"txn_id\":\"PAYIDUP202211162\",\"custom\":null,\"user_id\":2,\"created\":\"2022-11-16T14:20:16+05:30\"}'),
(377, '2023-01-16 06:19:56', '\\App', '1', NULL, NULL, 'Payments', '20', 'info', 'delete', '', '{\"id\":20,\"title\":\"Upgraded free to platinum\",\"price\":\"18.99\",\"payment_date\":\"2022-11-16T14:20:16+05:30\",\"type\":\"member\",\"package\":\"platinum\",\"status\":\"1\",\"payment_status\":\"approved\",\"payment_currency\":\"USD\",\"txn_id\":\"PAYIDUP202211162\",\"custom\":null,\"user_id\":2,\"created\":\"2022-11-16T14:20:16+05:30\"}'),
(378, '2023-01-16 06:20:37', 'Payments', '13', NULL, NULL, 'Payments', '13', 'info', 'delete', '', '{\"id\":13,\"title\":\"Registation payment of Conscience \",\"price\":\"18.99\",\"payment_date\":null,\"type\":\"member\",\"package\":\"platinum\",\"status\":\"0\",\"payment_status\":null,\"payment_currency\":null,\"txn_id\":null,\"custom\":null,\"user_id\":17,\"created\":\"2022-10-31T12:49:38+05:30\"}'),
(379, '2023-01-16 06:20:37', '\\App', '1', NULL, NULL, 'Payments', '13', 'info', 'delete', '', '{\"id\":13,\"title\":\"Registation payment of Conscience \",\"price\":\"18.99\",\"payment_date\":null,\"type\":\"member\",\"package\":\"platinum\",\"status\":\"0\",\"payment_status\":null,\"payment_currency\":null,\"txn_id\":null,\"custom\":null,\"user_id\":17,\"created\":\"2022-10-31T12:49:38+05:30\"}'),
(380, '2023-01-16 06:20:51', 'Payments', '18', NULL, NULL, 'Payments', '18', 'info', 'delete', '', '{\"id\":18,\"title\":\"Upgraded free to platinum\",\"price\":\"18.99\",\"payment_date\":\"2022-11-16T14:16:42+05:30\",\"type\":\"member\",\"package\":\"platinum\",\"status\":\"0\",\"payment_status\":\"pending\",\"payment_currency\":\"USD\",\"txn_id\":\"PAYIDUP202211162\",\"custom\":null,\"user_id\":2,\"created\":\"2022-11-16T14:16:42+05:30\"}'),
(381, '2023-01-16 06:20:51', '\\App', '1', NULL, NULL, 'Payments', '18', 'info', 'delete', '', '{\"id\":18,\"title\":\"Upgraded free to platinum\",\"price\":\"18.99\",\"payment_date\":\"2022-11-16T14:16:42+05:30\",\"type\":\"member\",\"package\":\"platinum\",\"status\":\"0\",\"payment_status\":\"pending\",\"payment_currency\":\"USD\",\"txn_id\":\"PAYIDUP202211162\",\"custom\":null,\"user_id\":2,\"created\":\"2022-11-16T14:16:42+05:30\"}'),
(382, '2023-01-16 06:20:55', 'Payments', '19', NULL, NULL, 'Payments', '19', 'info', 'delete', '', '{\"id\":19,\"title\":\"Upgraded free to platinum\",\"price\":\"18.99\",\"payment_date\":\"2022-11-16T14:19:14+05:30\",\"type\":\"member\",\"package\":\"platinum\",\"status\":\"0\",\"payment_status\":\"pending\",\"payment_currency\":\"USD\",\"txn_id\":\"PAYIDUP202211162\",\"custom\":null,\"user_id\":2,\"created\":\"2022-11-16T14:19:14+05:30\"}'),
(383, '2023-01-16 06:20:55', '\\App', '1', NULL, NULL, 'Payments', '19', 'info', 'delete', '', '{\"id\":19,\"title\":\"Upgraded free to platinum\",\"price\":\"18.99\",\"payment_date\":\"2022-11-16T14:19:14+05:30\",\"type\":\"member\",\"package\":\"platinum\",\"status\":\"0\",\"payment_status\":\"pending\",\"payment_currency\":\"USD\",\"txn_id\":\"PAYIDUP202211162\",\"custom\":null,\"user_id\":2,\"created\":\"2022-11-16T14:19:14+05:30\"}'),
(384, '2023-01-16 06:22:09', 'Coupons', '1', NULL, NULL, 'Coupons', '1', 'info', 'create', '', '{\"name\":\"Test\",\"code\":\"230101\",\"price\":\"5\",\"limitation\":1,\"start_date\":\"2023-01-15\",\"end_date\":\"2023-01-24\",\"status\":\"1\",\"created\":\"2023-01-16T11:52:09+05:30\",\"id\":1}'),
(385, '2023-01-16 06:22:09', '\\App', '1', NULL, NULL, 'Coupons', '1', 'info', 'create', '', '{\"name\":\"Test\",\"code\":\"230101\",\"price\":\"5\",\"limitation\":1,\"start_date\":\"2023-01-15\",\"end_date\":\"2023-01-24\",\"status\":\"1\",\"created\":\"2023-01-16T11:52:09+05:30\",\"id\":1}'),
(386, '2023-01-16 07:10:01', 'Payments', '21', NULL, NULL, 'Payments', '21', 'info', 'create', '', '{\"payment_date\":\"2023-01-16 12:40:00\",\"txn_id\":\"PAYIDUP20230116\",\"price\":18.99,\"title\":\"Upgraded gold to platinum\",\"package\":\"platinum\",\"payment_currency\":\"USD\",\"user_id\":2,\"created\":\"2023-01-16T12:40:01+05:30\",\"id\":21}'),
(387, '2023-01-16 07:10:01', '\\App', '1', NULL, NULL, 'Payments', '21', 'info', 'create', '', '{\"payment_date\":\"2023-01-16 12:40:00\",\"txn_id\":\"PAYIDUP20230116\",\"price\":18.99,\"title\":\"Upgraded gold to platinum\",\"package\":\"platinum\",\"payment_currency\":\"USD\",\"user_id\":2,\"created\":\"2023-01-16T12:40:01+05:30\",\"id\":21}'),
(388, '2023-01-16 07:41:05', 'Payments', '22', NULL, NULL, 'Payments', '22', 'info', 'create', '', '{\"payment_date\":\"2023-01-16 13:11:05\",\"txn_id\":\"PAYIDUP20230116\",\"price\":13.989999999999998,\"title\":\"Upgraded platinum to platinum\",\"package\":\"platinum\",\"payment_currency\":\"USD\",\"user_id\":2,\"created\":\"2023-01-16T13:11:05+05:30\",\"id\":22}'),
(389, '2023-01-16 07:41:05', '\\App', '1', NULL, NULL, 'Payments', '22', 'info', 'create', '', '{\"payment_date\":\"2023-01-16 13:11:05\",\"txn_id\":\"PAYIDUP20230116\",\"price\":13.989999999999998,\"title\":\"Upgraded platinum to platinum\",\"package\":\"platinum\",\"payment_currency\":\"USD\",\"user_id\":2,\"created\":\"2023-01-16T13:11:05+05:30\",\"id\":22}'),
(390, '2023-01-16 07:45:09', 'Payments', '23', NULL, NULL, 'Payments', '23', 'info', 'create', '', '{\"payment_date\":\"2023-01-16 13:15:09\",\"txn_id\":\"PAYIDUP2023011623\",\"price\":8.99,\"title\":\"Upgraded platinum to platinum\",\"package\":\"platinum\",\"payment_currency\":\"USD\",\"user_id\":2,\"created\":\"2023-01-16T13:15:09+05:30\",\"id\":23}'),
(391, '2023-01-16 07:45:09', '\\App', '1', NULL, NULL, 'Payments', '23', 'info', 'create', '', '{\"payment_date\":\"2023-01-16 13:15:09\",\"txn_id\":\"PAYIDUP2023011623\",\"price\":8.99,\"title\":\"Upgraded platinum to platinum\",\"package\":\"platinum\",\"payment_currency\":\"USD\",\"user_id\":2,\"created\":\"2023-01-16T13:15:09+05:30\",\"id\":23}'),
(392, '2023-01-16 07:46:56', 'Payments', '24', NULL, NULL, 'Payments', '24', 'info', 'create', '', '{\"payment_date\":\"2023-01-16 13:16:56\",\"txn_id\":\"PAYIDUP2023011618\",\"price\":3.99,\"title\":\"Upgraded gold to platinum\",\"package\":\"platinum\",\"payment_currency\":\"USD\",\"user_id\":2,\"created\":\"2023-01-16T13:16:56+05:30\",\"id\":24}'),
(393, '2023-01-16 07:46:56', '\\App', '1', NULL, NULL, 'Payments', '24', 'info', 'create', '', '{\"payment_date\":\"2023-01-16 13:16:56\",\"txn_id\":\"PAYIDUP2023011618\",\"price\":3.99,\"title\":\"Upgraded gold to platinum\",\"package\":\"platinum\",\"payment_currency\":\"USD\",\"user_id\":2,\"created\":\"2023-01-16T13:16:56+05:30\",\"id\":24}'),
(394, '2023-01-16 07:48:00', 'Payments', '25', NULL, NULL, 'Payments', '25', 'info', 'create', '', '{\"payment_date\":\"2023-01-16 13:17:59\",\"txn_id\":\"PAYIDUP2023011618\",\"price\":3.99,\"title\":\"Upgraded gold to platinum\",\"package\":\"platinum\",\"payment_currency\":\"USD\",\"user_id\":2,\"created\":\"2023-01-16T13:17:59+05:30\",\"id\":25}'),
(395, '2023-01-16 07:48:00', '\\App', '1', NULL, NULL, 'Payments', '25', 'info', 'create', '', '{\"payment_date\":\"2023-01-16 13:17:59\",\"txn_id\":\"PAYIDUP2023011618\",\"price\":3.99,\"title\":\"Upgraded gold to platinum\",\"package\":\"platinum\",\"payment_currency\":\"USD\",\"user_id\":2,\"created\":\"2023-01-16T13:17:59+05:30\",\"id\":25}'),
(396, '2023-01-16 07:49:32', 'Payments', '26', NULL, NULL, 'Payments', '26', 'info', 'create', '', '{\"payment_date\":\"2023-01-16 13:19:31\",\"txn_id\":\"PAYIDUP2023011618\",\"price\":13.989999999999998,\"title\":\"Upgraded gold to platinum\",\"package\":\"platinum\",\"payment_currency\":\"USD\",\"user_id\":2,\"created\":\"2023-01-16T13:19:31+05:30\",\"id\":26}'),
(397, '2023-01-16 07:49:32', '\\App', '1', NULL, NULL, 'Payments', '26', 'info', 'create', '', '{\"payment_date\":\"2023-01-16 13:19:31\",\"txn_id\":\"PAYIDUP2023011618\",\"price\":13.989999999999998,\"title\":\"Upgraded gold to platinum\",\"package\":\"platinum\",\"payment_currency\":\"USD\",\"user_id\":2,\"created\":\"2023-01-16T13:19:31+05:30\",\"id\":26}'),
(398, '2023-01-16 07:52:49', 'Users', '2', NULL, NULL, 'Users', '2', 'info', 'update', '', '{\"coupon_id\":1}'),
(399, '2023-01-16 07:52:49', '\\App', '1', NULL, NULL, 'Users', '2', 'info', 'update', '', '{\"coupon_id\":1}'),
(400, '2023-01-16 07:52:50', 'Payments', '27', NULL, NULL, 'Payments', '27', 'info', 'create', '', '{\"payment_date\":\"2023-01-16 13:22:49\",\"txn_id\":\"PAYIDUP2023011627\",\"price\":13.989999999999998,\"title\":\"Upgraded platinum to platinum\",\"package\":\"platinum\",\"payment_currency\":\"USD\",\"user_id\":2,\"created\":\"2023-01-16T13:22:49+05:30\",\"id\":27}'),
(401, '2023-01-16 07:52:50', '\\App', '1', NULL, NULL, 'Payments', '27', 'info', 'create', '', '{\"payment_date\":\"2023-01-16 13:22:49\",\"txn_id\":\"PAYIDUP2023011627\",\"price\":13.989999999999998,\"title\":\"Upgraded platinum to platinum\",\"package\":\"platinum\",\"payment_currency\":\"USD\",\"user_id\":2,\"created\":\"2023-01-16T13:22:49+05:30\",\"id\":27}'),
(402, '2023-01-16 08:50:35', 'Posts', '10', NULL, NULL, 'Posts', '10', 'info', 'create', '', '{\"title\":\"asca\",\"short_description\":\"asc\",\"description\":\"aca\",\"url\":\"\\/list-posts\",\"user_id\":6,\"created\":\"2023-01-16T14:20:35+05:30\",\"id\":10}'),
(403, '2023-01-16 08:50:35', '\\App', '1', NULL, NULL, 'Posts', '10', 'info', 'create', '', '{\"title\":\"asca\",\"short_description\":\"asc\",\"description\":\"aca\",\"url\":\"\\/list-posts\",\"user_id\":6,\"created\":\"2023-01-16T14:20:35+05:30\",\"id\":10}'),
(404, '2023-01-16 08:52:57', 'Posts', '11', NULL, NULL, 'Posts', '11', 'info', 'create', '', '{\"title\":\"asca\",\"short_description\":\"asc\",\"description\":\"aca\",\"url\":\"\\/list-posts\",\"user_id\":6,\"created\":\"2023-01-16T14:22:57+05:30\",\"id\":11}'),
(405, '2023-01-16 08:52:57', '\\App', '1', NULL, NULL, 'Posts', '11', 'info', 'create', '', '{\"title\":\"asca\",\"short_description\":\"asc\",\"description\":\"aca\",\"url\":\"\\/list-posts\",\"user_id\":6,\"created\":\"2023-01-16T14:22:57+05:30\",\"id\":11}'),
(406, '2023-01-16 08:56:15', 'Posts', '12', NULL, NULL, 'Posts', '12', 'info', 'create', '', '{\"title\":\"asca\",\"short_description\":\"asc\",\"description\":\"aca\",\"url\":\"\\/list-posts\",\"user_id\":6,\"created\":\"2023-01-16T14:26:15+05:30\",\"id\":12}'),
(407, '2023-01-16 08:56:15', '\\App', '1', NULL, NULL, 'Posts', '12', 'info', 'create', '', '{\"title\":\"asca\",\"short_description\":\"asc\",\"description\":\"aca\",\"url\":\"\\/list-posts\",\"user_id\":6,\"created\":\"2023-01-16T14:26:15+05:30\",\"id\":12}'),
(408, '2023-01-16 09:05:27', 'Posts', '13', NULL, NULL, 'Posts', '13', 'info', 'create', '', '{\"title\":\"asaas 222\",\"short_description\":\"asasc\",\"description\":\"asc\",\"url\":\"https:\\/\\/vimeo.com\\/75876635\",\"user_id\":6,\"created\":\"2023-01-16T14:35:27+05:30\",\"id\":13}'),
(409, '2023-01-16 09:05:27', '\\App', '1', NULL, NULL, 'Posts', '13', 'info', 'create', '', '{\"title\":\"asaas 222\",\"short_description\":\"asasc\",\"description\":\"asc\",\"url\":\"https:\\/\\/vimeo.com\\/75876635\",\"user_id\":6,\"created\":\"2023-01-16T14:35:27+05:30\",\"id\":13}'),
(410, '2023-01-16 09:06:08', 'Posts', '14', NULL, NULL, 'Posts', '14', 'info', 'create', '', '{\"title\":\"asaas 222\",\"short_description\":\"asasc\",\"description\":\"asc\",\"url\":\"https:\\/\\/vimeo.com\\/75876635\",\"user_id\":6,\"created\":\"2023-01-16T14:36:08+05:30\",\"id\":14}'),
(411, '2023-01-16 09:06:08', '\\App', '1', NULL, NULL, 'Posts', '14', 'info', 'create', '', '{\"title\":\"asaas 222\",\"short_description\":\"asasc\",\"description\":\"asc\",\"url\":\"https:\\/\\/vimeo.com\\/75876635\",\"user_id\":6,\"created\":\"2023-01-16T14:36:08+05:30\",\"id\":14}'),
(412, '2023-01-16 09:06:32', 'Posts', '15', NULL, NULL, 'Posts', '15', 'info', 'create', '', '{\"title\":\"asaas 222\",\"short_description\":\"asasc\",\"description\":\"asc\",\"url\":\"https:\\/\\/vimeo.com\\/75876635\",\"user_id\":6,\"created\":\"2023-01-16T14:36:32+05:30\",\"id\":15}'),
(413, '2023-01-16 09:06:32', '\\App', '1', NULL, NULL, 'Posts', '15', 'info', 'create', '', '{\"title\":\"asaas 222\",\"short_description\":\"asasc\",\"description\":\"asc\",\"url\":\"https:\\/\\/vimeo.com\\/75876635\",\"user_id\":6,\"created\":\"2023-01-16T14:36:32+05:30\",\"id\":15}'),
(414, '2023-01-16 09:14:16', 'Posts', '16', NULL, NULL, 'Posts', '16', 'info', 'create', '', '{\"title\":\"acasc\",\"short_description\":\"acsas\",\"description\":\"asc\",\"url\":\"\\/list-posts\",\"user_id\":6,\"created\":\"2023-01-16T14:44:16+05:30\",\"id\":16}'),
(415, '2023-01-16 09:14:16', '\\App', '1', NULL, NULL, 'Posts', '16', 'info', 'create', '', '{\"title\":\"acasc\",\"short_description\":\"acsas\",\"description\":\"asc\",\"url\":\"\\/list-posts\",\"user_id\":6,\"created\":\"2023-01-16T14:44:16+05:30\",\"id\":16}'),
(416, '2023-01-16 09:15:13', 'Posts', '17', NULL, NULL, 'Posts', '17', 'info', 'create', '', '{\"title\":\"asc\",\"short_description\":\"asc\",\"description\":\"csa\",\"url\":\"\\/list-posts\",\"user_id\":6,\"created\":\"2023-01-16T14:45:13+05:30\",\"id\":17}'),
(417, '2023-01-16 09:15:13', '\\App', '1', NULL, NULL, 'Posts', '17', 'info', 'create', '', '{\"title\":\"asc\",\"short_description\":\"asc\",\"description\":\"csa\",\"url\":\"\\/list-posts\",\"user_id\":6,\"created\":\"2023-01-16T14:45:13+05:30\",\"id\":17}'),
(418, '2023-01-16 10:29:31', 'Posts', '1', NULL, NULL, 'Posts', '1', 'info', 'update', '', '{\"clicks\":2}'),
(419, '2023-01-16 10:29:31', '\\App', '1', NULL, NULL, 'Posts', '1', 'info', 'update', '', '{\"clicks\":2}'),
(420, '2023-01-16 10:30:59', 'Posts', '1', NULL, NULL, 'Posts', '1', 'info', 'update', '', '{\"clicks\":3}'),
(421, '2023-01-16 10:30:59', '\\App', '1', NULL, NULL, 'Posts', '1', 'info', 'update', '', '{\"clicks\":3}'),
(422, '2023-01-16 10:31:40', 'Posts', '1', NULL, NULL, 'Posts', '1', 'info', 'update', '', '{\"clicks\":4}'),
(423, '2023-01-16 10:31:40', '\\App', '1', NULL, NULL, 'Posts', '1', 'info', 'update', '', '{\"clicks\":4}'),
(424, '2023-01-16 10:32:13', 'Posts', '1', NULL, NULL, 'Posts', '1', 'info', 'update', '', '{\"clicks\":5}'),
(425, '2023-01-16 10:32:13', '\\App', '1', NULL, NULL, 'Posts', '1', 'info', 'update', '', '{\"clicks\":5}'),
(426, '2023-01-16 10:32:25', 'Posts', '1', NULL, NULL, 'Posts', '1', 'info', 'update', '', '{\"clicks\":6}'),
(427, '2023-01-16 10:32:25', '\\App', '1', NULL, NULL, 'Posts', '1', 'info', 'update', '', '{\"clicks\":6}'),
(428, '2023-01-16 10:35:32', 'Settings', '8', NULL, NULL, 'Settings', '8', 'info', 'create', '', '{\"name\":\"Advertisements Creation Duration (Minutes)\",\"key_value\":\"ad_create_due_min\",\"value\":\"60\",\"created\":\"2023-01-16T16:05:32+05:30\",\"id\":8}'),
(429, '2023-01-16 10:35:32', '\\App', '1', NULL, NULL, 'Settings', '8', 'info', 'create', '', '{\"name\":\"Advertisements Creation Duration (Minutes)\",\"key_value\":\"ad_create_due_min\",\"value\":\"60\",\"created\":\"2023-01-16T16:05:32+05:30\",\"id\":8}'),
(430, '2023-01-17 04:40:58', 'Users', '18', NULL, NULL, 'Users', '18', 'info', 'create', '', '{\"first_name\":\"Conscienc\",\"last_name\":\"dd\",\"email\":\"s.eyes.lks@gmail.com\",\"bio\":\"\",\"contact\":\"0719342678\",\"company_name\":\"conscience\",\"status\":\"1\",\"role\":\"sponsor\",\"created\":\"2023-01-17T10:10:58+05:30\",\"id\":18}'),
(431, '2023-01-17 04:40:58', '\\App', '1', NULL, NULL, 'Users', '18', 'info', 'create', '', '{\"first_name\":\"Conscienc\",\"last_name\":\"dd\",\"email\":\"s.eyes.lks@gmail.com\",\"bio\":\"\",\"contact\":\"0719342678\",\"company_name\":\"conscience\",\"status\":\"1\",\"role\":\"sponsor\",\"created\":\"2023-01-17T10:10:58+05:30\",\"id\":18}'),
(432, '2023-01-17 04:41:39', 'Payments', '28', NULL, NULL, 'Payments', '28', 'info', 'create', '', '{\"title\":\"Test\",\"price\":\"50\",\"payment_date\":\"2023-01-26T01:11:27+05:30\",\"type\":\"sponsor\",\"status\":\"1\",\"user_id\":18,\"created\":\"2023-01-17T10:11:39+05:30\",\"id\":28}'),
(433, '2023-01-17 04:41:39', '\\App', '1', NULL, NULL, 'Payments', '28', 'info', 'create', '', '{\"title\":\"Test\",\"price\":\"50\",\"payment_date\":\"2023-01-26T01:11:27+05:30\",\"type\":\"sponsor\",\"status\":\"1\",\"user_id\":18,\"created\":\"2023-01-17T10:11:39+05:30\",\"id\":28}'),
(434, '2023-01-17 05:30:18', 'Payments', '28', NULL, NULL, 'Payments', '28', 'info', 'update', '', '{\"title\":\"Test\",\"price\":\"50.00\",\"payment_date\":\"2023-01-17 11:00:17\",\"payment_currency\":\"USD\",\"txn_id\":\"PAYID2023011728\"}'),
(435, '2023-01-17 05:30:18', '\\App', '1', NULL, NULL, 'Payments', '28', 'info', 'update', '', '{\"title\":\"Test\",\"price\":\"50.00\",\"payment_date\":\"2023-01-17 11:00:17\",\"payment_currency\":\"USD\",\"txn_id\":\"PAYID2023011728\"}'),
(436, '2023-01-17 05:30:54', 'Payments', '28', NULL, NULL, 'Payments', '28', 'info', 'update', '', '{\"title\":\"Test\",\"price\":\"50.00\",\"payment_date\":\"2023-01-17 11:00:54\",\"payment_currency\":\"USD\",\"txn_id\":\"PAYID2023011728\"}'),
(437, '2023-01-17 05:30:54', '\\App', '1', NULL, NULL, 'Payments', '28', 'info', 'update', '', '{\"title\":\"Test\",\"price\":\"50.00\",\"payment_date\":\"2023-01-17 11:00:54\",\"payment_currency\":\"USD\",\"txn_id\":\"PAYID2023011728\"}'),
(438, '2023-01-17 05:32:48', 'Videos', '6', NULL, NULL, 'Videos', '6', 'info', 'update', '', '{\"premium\":\"1\"}'),
(439, '2023-01-17 05:32:48', '\\App', '1', NULL, NULL, 'Videos', '6', 'info', 'update', '', '{\"premium\":\"1\"}'),
(440, '2023-01-17 06:37:06', 'Users', '6', NULL, NULL, 'Users', '6', 'info', 'update', '', '{\"sup_p\":\"1\"}'),
(441, '2023-01-17 06:37:06', '\\App', '1', NULL, NULL, 'Users', '6', 'info', 'update', '', '{\"sup_p\":\"1\"}');
INSERT INTO `activity_logs` (`id`, `created_at`, `scope_model`, `scope_id`, `issuer_model`, `issuer_id`, `object_model`, `object_id`, `level`, `action`, `message`, `data`) VALUES
(442, '2023-02-22 04:35:17', 'Users', '6', NULL, NULL, 'Users', '6', 'info', 'update', '', '{\"last_name\":\"123456lk\",\"bio\":\"\",\"contact\":\"+15706770000\"}'),
(443, '2023-02-22 04:35:17', '\\App', '1', NULL, NULL, 'Users', '6', 'info', 'update', '', '{\"last_name\":\"123456lk\",\"bio\":\"\",\"contact\":\"+15706770000\"}'),
(444, '2023-02-22 05:17:48', 'Posts', '8', NULL, NULL, 'Posts', '8', 'info', 'update', '', '{\"clicks\":2}'),
(445, '2023-02-22 05:17:48', '\\App', '1', NULL, NULL, 'Posts', '8', 'info', 'update', '', '{\"clicks\":2}'),
(446, '2023-02-22 05:28:20', 'Posts', '7', NULL, NULL, 'Posts', '7', 'info', 'update', '', '{\"clicks\":3}'),
(447, '2023-02-22 05:28:20', '\\App', '1', NULL, NULL, 'Posts', '7', 'info', 'update', '', '{\"clicks\":3}'),
(448, '2023-02-22 05:28:57', 'Posts', '17', NULL, NULL, 'Posts', '17', 'info', 'update', '', '{\"clicks\":1}'),
(449, '2023-02-22 05:28:57', '\\App', '1', NULL, NULL, 'Posts', '17', 'info', 'update', '', '{\"clicks\":1}'),
(450, '2023-02-22 05:37:42', 'Users', '2', NULL, NULL, 'Users', '2', 'info', 'update', '', '{\"last_name\":\"Samaranayaka2\",\"contact\":\"+706770111\"}'),
(451, '2023-02-22 05:37:42', '\\App', '1', NULL, NULL, 'Users', '2', 'info', 'update', '', '{\"last_name\":\"Samaranayaka2\",\"contact\":\"+706770111\"}'),
(452, '2023-02-22 06:04:00', 'Posts', '18', NULL, NULL, 'Posts', '18', 'info', 'create', '', '{\"title\":\"Test Ag\",\"short_description\":\"Tst\",\"description\":\"Test\",\"url\":\"https:\\/\\/vimeo.com\\/75876635\",\"photo\":\"Facebook-Ads.jpg\",\"user_id\":6,\"status\":\"1\",\"created\":\"2023-02-22T11:33:59+05:30\",\"photo_dir\":\"612a171d-e775-408e-b09c-5d71ee271604\",\"id\":18}'),
(453, '2023-02-22 06:04:00', '\\App', '1', NULL, NULL, 'Posts', '18', 'info', 'create', '', '{\"title\":\"Test Ag\",\"short_description\":\"Tst\",\"description\":\"Test\",\"url\":\"https:\\/\\/vimeo.com\\/75876635\",\"photo\":\"Facebook-Ads.jpg\",\"user_id\":6,\"status\":\"1\",\"created\":\"2023-02-22T11:33:59+05:30\",\"photo_dir\":\"612a171d-e775-408e-b09c-5d71ee271604\",\"id\":18}'),
(454, '2023-02-22 06:04:01', 'PostImages', '9', NULL, NULL, 'PostImages', '9', 'info', 'create', '', '{\"post_id\":18,\"photo\":\"Brand Logo.png\",\"created\":\"2023-02-22T11:34:00+05:30\",\"photo_dir\":\"81a9b104-a3d9-43e7-8a20-0a55aa874f79\",\"id\":9}'),
(455, '2023-02-22 06:04:01', '\\App', '1', NULL, NULL, 'PostImages', '9', 'info', 'create', '', '{\"post_id\":18,\"photo\":\"Brand Logo.png\",\"created\":\"2023-02-22T11:34:00+05:30\",\"photo_dir\":\"81a9b104-a3d9-43e7-8a20-0a55aa874f79\",\"id\":9}'),
(456, '2023-02-22 06:04:02', 'PostImages', '10', NULL, NULL, 'PostImages', '10', 'info', 'create', '', '{\"post_id\":18,\"photo\":\"Facebook-Ads.jpg\",\"created\":\"2023-02-22T11:34:01+05:30\",\"photo_dir\":\"26c8f81d-cc08-4014-bd2c-7a98e7a20d1d\",\"id\":10}'),
(457, '2023-02-22 06:04:02', '\\App', '1', NULL, NULL, 'PostImages', '10', 'info', 'create', '', '{\"post_id\":18,\"photo\":\"Facebook-Ads.jpg\",\"created\":\"2023-02-22T11:34:01+05:30\",\"photo_dir\":\"26c8f81d-cc08-4014-bd2c-7a98e7a20d1d\",\"id\":10}'),
(458, '2023-02-22 07:30:00', 'Users', '6', NULL, NULL, 'Users', '6', 'info', 'update', '', '{\"last_name\":\"123456lk2\"}'),
(459, '2023-02-22 07:30:00', '\\App', '1', NULL, NULL, 'Users', '6', 'info', 'update', '', '{\"last_name\":\"123456lk2\"}'),
(460, '2023-02-22 08:52:31', 'Users', '6', NULL, NULL, 'Users', '6', 'info', 'update', '', '{\"sup_p\":\"0\"}'),
(461, '2023-02-22 08:52:31', '\\App', '1', NULL, NULL, 'Users', '6', 'info', 'update', '', '{\"sup_p\":\"0\"}'),
(462, '2023-02-22 08:52:36', 'Users', '6', NULL, NULL, 'Users', '6', 'info', 'update', '', '{\"sup_p\":\"1\"}'),
(463, '2023-02-22 08:52:36', '\\App', '1', NULL, NULL, 'Users', '6', 'info', 'update', '', '{\"sup_p\":\"1\"}'),
(464, '2023-02-22 08:54:54', 'Users', '19', NULL, NULL, 'Users', '19', 'info', 'create', '', '{\"first_name\":\"Shaluka\",\"last_name\":\"Samaranayaka\",\"email\":\"Shaluws9s5@gmail.com\",\"contact\":\"+94719342678\",\"status\":\"1\",\"role\":\"admin\",\"created\":\"2023-02-22T14:24:53+05:30\",\"id\":19}'),
(465, '2023-02-22 08:54:54', '\\App', '1', NULL, NULL, 'Users', '19', 'info', 'create', '', '{\"first_name\":\"Shaluka\",\"last_name\":\"Samaranayaka\",\"email\":\"Shaluws9s5@gmail.com\",\"contact\":\"+94719342678\",\"status\":\"1\",\"role\":\"admin\",\"created\":\"2023-02-22T14:24:53+05:30\",\"id\":19}'),
(466, '2023-02-22 08:54:54', 'Access', '1', NULL, NULL, 'Access', '1', 'info', 'create', '', '{\"user_id\":19,\"controller_func_id\":\"1\",\"created\":\"2023-02-22T14:24:54+05:30\",\"id\":1}'),
(467, '2023-02-22 08:54:54', '\\App', '1', NULL, NULL, 'Access', '1', 'info', 'create', '', '{\"user_id\":19,\"controller_func_id\":\"1\",\"created\":\"2023-02-22T14:24:54+05:30\",\"id\":1}'),
(468, '2023-02-22 08:54:54', 'Access', '2', NULL, NULL, 'Access', '2', 'info', 'create', '', '{\"user_id\":19,\"controller_func_id\":\"2\",\"created\":\"2023-02-22T14:24:54+05:30\",\"id\":2}'),
(469, '2023-02-22 08:54:54', '\\App', '1', NULL, NULL, 'Access', '2', 'info', 'create', '', '{\"user_id\":19,\"controller_func_id\":\"2\",\"created\":\"2023-02-22T14:24:54+05:30\",\"id\":2}'),
(470, '2023-02-22 08:54:54', 'Access', '3', NULL, NULL, 'Access', '3', 'info', 'create', '', '{\"user_id\":19,\"controller_func_id\":\"3\",\"created\":\"2023-02-22T14:24:54+05:30\",\"id\":3}'),
(471, '2023-02-22 08:54:54', '\\App', '1', NULL, NULL, 'Access', '3', 'info', 'create', '', '{\"user_id\":19,\"controller_func_id\":\"3\",\"created\":\"2023-02-22T14:24:54+05:30\",\"id\":3}'),
(472, '2023-02-22 08:54:54', 'Access', '4', NULL, NULL, 'Access', '4', 'info', 'create', '', '{\"user_id\":19,\"controller_func_id\":\"4\",\"created\":\"2023-02-22T14:24:54+05:30\",\"id\":4}'),
(473, '2023-02-22 08:54:54', '\\App', '1', NULL, NULL, 'Access', '4', 'info', 'create', '', '{\"user_id\":19,\"controller_func_id\":\"4\",\"created\":\"2023-02-22T14:24:54+05:30\",\"id\":4}'),
(474, '2023-02-22 08:54:54', 'Access', '5', NULL, NULL, 'Access', '5', 'info', 'create', '', '{\"user_id\":19,\"controller_func_id\":\"5\",\"created\":\"2023-02-22T14:24:54+05:30\",\"id\":5}'),
(475, '2023-02-22 08:54:54', '\\App', '1', NULL, NULL, 'Access', '5', 'info', 'create', '', '{\"user_id\":19,\"controller_func_id\":\"5\",\"created\":\"2023-02-22T14:24:54+05:30\",\"id\":5}'),
(476, '2023-02-22 08:54:54', 'Access', '6', NULL, NULL, 'Access', '6', 'info', 'create', '', '{\"user_id\":19,\"controller_func_id\":\"6\",\"created\":\"2023-02-22T14:24:54+05:30\",\"id\":6}'),
(477, '2023-02-22 08:54:54', '\\App', '1', NULL, NULL, 'Access', '6', 'info', 'create', '', '{\"user_id\":19,\"controller_func_id\":\"6\",\"created\":\"2023-02-22T14:24:54+05:30\",\"id\":6}'),
(478, '2023-02-22 08:54:54', 'Access', '7', NULL, NULL, 'Access', '7', 'info', 'create', '', '{\"user_id\":19,\"controller_func_id\":\"7\",\"created\":\"2023-02-22T14:24:54+05:30\",\"id\":7}'),
(479, '2023-02-22 08:54:54', '\\App', '1', NULL, NULL, 'Access', '7', 'info', 'create', '', '{\"user_id\":19,\"controller_func_id\":\"7\",\"created\":\"2023-02-22T14:24:54+05:30\",\"id\":7}'),
(480, '2023-02-22 08:54:54', 'Access', '8', NULL, NULL, 'Access', '8', 'info', 'create', '', '{\"user_id\":19,\"controller_func_id\":\"8\",\"created\":\"2023-02-22T14:24:54+05:30\",\"id\":8}'),
(481, '2023-02-22 08:54:54', '\\App', '1', NULL, NULL, 'Access', '8', 'info', 'create', '', '{\"user_id\":19,\"controller_func_id\":\"8\",\"created\":\"2023-02-22T14:24:54+05:30\",\"id\":8}'),
(482, '2023-02-22 08:54:54', 'Access', '9', NULL, NULL, 'Access', '9', 'info', 'create', '', '{\"user_id\":19,\"controller_func_id\":\"9\",\"created\":\"2023-02-22T14:24:54+05:30\",\"id\":9}'),
(483, '2023-02-22 08:54:54', '\\App', '1', NULL, NULL, 'Access', '9', 'info', 'create', '', '{\"user_id\":19,\"controller_func_id\":\"9\",\"created\":\"2023-02-22T14:24:54+05:30\",\"id\":9}'),
(484, '2023-02-22 08:54:54', 'Access', '10', NULL, NULL, 'Access', '10', 'info', 'create', '', '{\"user_id\":19,\"controller_func_id\":\"10\",\"created\":\"2023-02-22T14:24:54+05:30\",\"id\":10}'),
(485, '2023-02-22 08:54:54', '\\App', '1', NULL, NULL, 'Access', '10', 'info', 'create', '', '{\"user_id\":19,\"controller_func_id\":\"10\",\"created\":\"2023-02-22T14:24:54+05:30\",\"id\":10}'),
(486, '2023-02-22 08:54:54', 'Access', '11', NULL, NULL, 'Access', '11', 'info', 'create', '', '{\"user_id\":19,\"controller_func_id\":\"11\",\"created\":\"2023-02-22T14:24:54+05:30\",\"id\":11}'),
(487, '2023-02-22 08:54:54', '\\App', '1', NULL, NULL, 'Access', '11', 'info', 'create', '', '{\"user_id\":19,\"controller_func_id\":\"11\",\"created\":\"2023-02-22T14:24:54+05:30\",\"id\":11}'),
(488, '2023-02-22 08:54:54', 'Access', '12', NULL, NULL, 'Access', '12', 'info', 'create', '', '{\"user_id\":19,\"controller_func_id\":\"12\",\"created\":\"2023-02-22T14:24:54+05:30\",\"id\":12}'),
(489, '2023-02-22 08:54:54', '\\App', '1', NULL, NULL, 'Access', '12', 'info', 'create', '', '{\"user_id\":19,\"controller_func_id\":\"12\",\"created\":\"2023-02-22T14:24:54+05:30\",\"id\":12}'),
(490, '2023-02-22 08:54:54', 'Access', '13', NULL, NULL, 'Access', '13', 'info', 'create', '', '{\"user_id\":19,\"controller_func_id\":\"13\",\"created\":\"2023-02-22T14:24:54+05:30\",\"id\":13}'),
(491, '2023-02-22 08:54:54', '\\App', '1', NULL, NULL, 'Access', '13', 'info', 'create', '', '{\"user_id\":19,\"controller_func_id\":\"13\",\"created\":\"2023-02-22T14:24:54+05:30\",\"id\":13}'),
(492, '2023-02-22 08:54:54', 'Access', '14', NULL, NULL, 'Access', '14', 'info', 'create', '', '{\"user_id\":19,\"controller_func_id\":\"14\",\"created\":\"2023-02-22T14:24:54+05:30\",\"id\":14}'),
(493, '2023-02-22 08:54:54', '\\App', '1', NULL, NULL, 'Access', '14', 'info', 'create', '', '{\"user_id\":19,\"controller_func_id\":\"14\",\"created\":\"2023-02-22T14:24:54+05:30\",\"id\":14}'),
(494, '2023-02-22 08:54:54', 'Access', '15', NULL, NULL, 'Access', '15', 'info', 'create', '', '{\"user_id\":19,\"controller_func_id\":\"15\",\"created\":\"2023-02-22T14:24:54+05:30\",\"id\":15}'),
(495, '2023-02-22 08:54:54', '\\App', '1', NULL, NULL, 'Access', '15', 'info', 'create', '', '{\"user_id\":19,\"controller_func_id\":\"15\",\"created\":\"2023-02-22T14:24:54+05:30\",\"id\":15}'),
(496, '2023-02-22 08:54:54', 'Access', '16', NULL, NULL, 'Access', '16', 'info', 'create', '', '{\"user_id\":19,\"controller_func_id\":\"16\",\"created\":\"2023-02-22T14:24:54+05:30\",\"id\":16}'),
(497, '2023-02-22 08:54:54', '\\App', '1', NULL, NULL, 'Access', '16', 'info', 'create', '', '{\"user_id\":19,\"controller_func_id\":\"16\",\"created\":\"2023-02-22T14:24:54+05:30\",\"id\":16}'),
(498, '2023-02-22 08:54:54', 'Access', '17', NULL, NULL, 'Access', '17', 'info', 'create', '', '{\"user_id\":19,\"controller_func_id\":\"17\",\"created\":\"2023-02-22T14:24:54+05:30\",\"id\":17}'),
(499, '2023-02-22 08:54:54', '\\App', '1', NULL, NULL, 'Access', '17', 'info', 'create', '', '{\"user_id\":19,\"controller_func_id\":\"17\",\"created\":\"2023-02-22T14:24:54+05:30\",\"id\":17}'),
(500, '2023-02-22 08:54:54', 'Access', '18', NULL, NULL, 'Access', '18', 'info', 'create', '', '{\"user_id\":19,\"controller_func_id\":\"18\",\"created\":\"2023-02-22T14:24:54+05:30\",\"id\":18}'),
(501, '2023-02-22 08:54:54', '\\App', '1', NULL, NULL, 'Access', '18', 'info', 'create', '', '{\"user_id\":19,\"controller_func_id\":\"18\",\"created\":\"2023-02-22T14:24:54+05:30\",\"id\":18}'),
(502, '2023-02-22 08:54:54', 'Access', '19', NULL, NULL, 'Access', '19', 'info', 'create', '', '{\"user_id\":19,\"controller_func_id\":\"19\",\"created\":\"2023-02-22T14:24:54+05:30\",\"id\":19}'),
(503, '2023-02-22 08:54:54', '\\App', '1', NULL, NULL, 'Access', '19', 'info', 'create', '', '{\"user_id\":19,\"controller_func_id\":\"19\",\"created\":\"2023-02-22T14:24:54+05:30\",\"id\":19}'),
(504, '2023-02-22 08:54:54', 'Access', '20', NULL, NULL, 'Access', '20', 'info', 'create', '', '{\"user_id\":19,\"controller_func_id\":\"20\",\"created\":\"2023-02-22T14:24:54+05:30\",\"id\":20}'),
(505, '2023-02-22 08:54:54', '\\App', '1', NULL, NULL, 'Access', '20', 'info', 'create', '', '{\"user_id\":19,\"controller_func_id\":\"20\",\"created\":\"2023-02-22T14:24:54+05:30\",\"id\":20}'),
(506, '2023-02-22 08:54:54', 'Access', '21', NULL, NULL, 'Access', '21', 'info', 'create', '', '{\"user_id\":19,\"controller_func_id\":\"21\",\"created\":\"2023-02-22T14:24:54+05:30\",\"id\":21}'),
(507, '2023-02-22 08:54:54', '\\App', '1', NULL, NULL, 'Access', '21', 'info', 'create', '', '{\"user_id\":19,\"controller_func_id\":\"21\",\"created\":\"2023-02-22T14:24:54+05:30\",\"id\":21}'),
(508, '2023-02-22 08:54:54', 'Access', '22', NULL, NULL, 'Access', '22', 'info', 'create', '', '{\"user_id\":19,\"controller_func_id\":\"22\",\"created\":\"2023-02-22T14:24:54+05:30\",\"id\":22}'),
(509, '2023-02-22 08:54:54', '\\App', '1', NULL, NULL, 'Access', '22', 'info', 'create', '', '{\"user_id\":19,\"controller_func_id\":\"22\",\"created\":\"2023-02-22T14:24:54+05:30\",\"id\":22}'),
(510, '2023-02-22 08:54:54', 'Access', '23', NULL, NULL, 'Access', '23', 'info', 'create', '', '{\"user_id\":19,\"controller_func_id\":\"23\",\"created\":\"2023-02-22T14:24:54+05:30\",\"id\":23}'),
(511, '2023-02-22 08:54:54', '\\App', '1', NULL, NULL, 'Access', '23', 'info', 'create', '', '{\"user_id\":19,\"controller_func_id\":\"23\",\"created\":\"2023-02-22T14:24:54+05:30\",\"id\":23}'),
(512, '2023-02-22 08:54:54', 'Access', '24', NULL, NULL, 'Access', '24', 'info', 'create', '', '{\"user_id\":19,\"controller_func_id\":\"24\",\"created\":\"2023-02-22T14:24:54+05:30\",\"id\":24}'),
(513, '2023-02-22 08:54:54', '\\App', '1', NULL, NULL, 'Access', '24', 'info', 'create', '', '{\"user_id\":19,\"controller_func_id\":\"24\",\"created\":\"2023-02-22T14:24:54+05:30\",\"id\":24}'),
(514, '2023-02-22 08:54:54', 'Access', '25', NULL, NULL, 'Access', '25', 'info', 'create', '', '{\"user_id\":19,\"controller_func_id\":\"25\",\"created\":\"2023-02-22T14:24:54+05:30\",\"id\":25}'),
(515, '2023-02-22 08:54:54', '\\App', '1', NULL, NULL, 'Access', '25', 'info', 'create', '', '{\"user_id\":19,\"controller_func_id\":\"25\",\"created\":\"2023-02-22T14:24:54+05:30\",\"id\":25}'),
(516, '2023-02-22 08:54:54', 'Access', '26', NULL, NULL, 'Access', '26', 'info', 'create', '', '{\"user_id\":19,\"controller_func_id\":\"26\",\"created\":\"2023-02-22T14:24:54+05:30\",\"id\":26}'),
(517, '2023-02-22 08:54:54', '\\App', '1', NULL, NULL, 'Access', '26', 'info', 'create', '', '{\"user_id\":19,\"controller_func_id\":\"26\",\"created\":\"2023-02-22T14:24:54+05:30\",\"id\":26}'),
(518, '2023-02-22 08:54:54', 'Access', '27', NULL, NULL, 'Access', '27', 'info', 'create', '', '{\"user_id\":19,\"controller_func_id\":\"27\",\"created\":\"2023-02-22T14:24:54+05:30\",\"id\":27}'),
(519, '2023-02-22 08:54:54', '\\App', '1', NULL, NULL, 'Access', '27', 'info', 'create', '', '{\"user_id\":19,\"controller_func_id\":\"27\",\"created\":\"2023-02-22T14:24:54+05:30\",\"id\":27}'),
(520, '2023-02-22 08:54:54', 'Access', '28', NULL, NULL, 'Access', '28', 'info', 'create', '', '{\"user_id\":19,\"controller_func_id\":\"28\",\"created\":\"2023-02-22T14:24:54+05:30\",\"id\":28}'),
(521, '2023-02-22 08:54:54', '\\App', '1', NULL, NULL, 'Access', '28', 'info', 'create', '', '{\"user_id\":19,\"controller_func_id\":\"28\",\"created\":\"2023-02-22T14:24:54+05:30\",\"id\":28}'),
(522, '2023-02-22 08:54:54', 'Access', '29', NULL, NULL, 'Access', '29', 'info', 'create', '', '{\"user_id\":19,\"controller_func_id\":\"29\",\"created\":\"2023-02-22T14:24:54+05:30\",\"id\":29}'),
(523, '2023-02-22 08:54:54', '\\App', '1', NULL, NULL, 'Access', '29', 'info', 'create', '', '{\"user_id\":19,\"controller_func_id\":\"29\",\"created\":\"2023-02-22T14:24:54+05:30\",\"id\":29}'),
(524, '2023-02-22 08:54:54', 'Access', '30', NULL, NULL, 'Access', '30', 'info', 'create', '', '{\"user_id\":19,\"controller_func_id\":\"30\",\"created\":\"2023-02-22T14:24:54+05:30\",\"id\":30}'),
(525, '2023-02-22 08:54:54', '\\App', '1', NULL, NULL, 'Access', '30', 'info', 'create', '', '{\"user_id\":19,\"controller_func_id\":\"30\",\"created\":\"2023-02-22T14:24:54+05:30\",\"id\":30}'),
(526, '2023-02-22 08:54:54', 'Access', '31', NULL, NULL, 'Access', '31', 'info', 'create', '', '{\"user_id\":19,\"controller_func_id\":\"31\",\"created\":\"2023-02-22T14:24:54+05:30\",\"id\":31}'),
(527, '2023-02-22 08:54:54', '\\App', '1', NULL, NULL, 'Access', '31', 'info', 'create', '', '{\"user_id\":19,\"controller_func_id\":\"31\",\"created\":\"2023-02-22T14:24:54+05:30\",\"id\":31}'),
(528, '2023-02-22 08:54:54', 'Access', '32', NULL, NULL, 'Access', '32', 'info', 'create', '', '{\"user_id\":19,\"controller_func_id\":\"32\",\"created\":\"2023-02-22T14:24:54+05:30\",\"id\":32}'),
(529, '2023-02-22 08:54:54', '\\App', '1', NULL, NULL, 'Access', '32', 'info', 'create', '', '{\"user_id\":19,\"controller_func_id\":\"32\",\"created\":\"2023-02-22T14:24:54+05:30\",\"id\":32}'),
(530, '2023-02-22 08:54:54', 'Access', '33', NULL, NULL, 'Access', '33', 'info', 'create', '', '{\"user_id\":19,\"controller_func_id\":\"33\",\"created\":\"2023-02-22T14:24:54+05:30\",\"id\":33}'),
(531, '2023-02-22 08:54:54', '\\App', '1', NULL, NULL, 'Access', '33', 'info', 'create', '', '{\"user_id\":19,\"controller_func_id\":\"33\",\"created\":\"2023-02-22T14:24:54+05:30\",\"id\":33}'),
(532, '2023-02-22 08:54:54', 'Access', '34', NULL, NULL, 'Access', '34', 'info', 'create', '', '{\"user_id\":19,\"controller_func_id\":\"34\",\"created\":\"2023-02-22T14:24:54+05:30\",\"id\":34}'),
(533, '2023-02-22 08:54:54', '\\App', '1', NULL, NULL, 'Access', '34', 'info', 'create', '', '{\"user_id\":19,\"controller_func_id\":\"34\",\"created\":\"2023-02-22T14:24:54+05:30\",\"id\":34}'),
(534, '2023-02-22 08:54:54', 'Access', '35', NULL, NULL, 'Access', '35', 'info', 'create', '', '{\"user_id\":19,\"controller_func_id\":\"35\",\"created\":\"2023-02-22T14:24:54+05:30\",\"id\":35}'),
(535, '2023-02-22 08:54:54', '\\App', '1', NULL, NULL, 'Access', '35', 'info', 'create', '', '{\"user_id\":19,\"controller_func_id\":\"35\",\"created\":\"2023-02-22T14:24:54+05:30\",\"id\":35}'),
(536, '2023-02-22 08:54:54', 'Access', '36', NULL, NULL, 'Access', '36', 'info', 'create', '', '{\"user_id\":19,\"controller_func_id\":\"36\",\"created\":\"2023-02-22T14:24:54+05:30\",\"id\":36}'),
(537, '2023-02-22 08:54:54', '\\App', '1', NULL, NULL, 'Access', '36', 'info', 'create', '', '{\"user_id\":19,\"controller_func_id\":\"36\",\"created\":\"2023-02-22T14:24:54+05:30\",\"id\":36}'),
(538, '2023-02-22 08:54:54', 'Access', '37', NULL, NULL, 'Access', '37', 'info', 'create', '', '{\"user_id\":19,\"controller_func_id\":\"37\",\"created\":\"2023-02-22T14:24:54+05:30\",\"id\":37}'),
(539, '2023-02-22 08:54:54', '\\App', '1', NULL, NULL, 'Access', '37', 'info', 'create', '', '{\"user_id\":19,\"controller_func_id\":\"37\",\"created\":\"2023-02-22T14:24:54+05:30\",\"id\":37}'),
(540, '2023-02-22 08:54:54', 'Access', '38', NULL, NULL, 'Access', '38', 'info', 'create', '', '{\"user_id\":19,\"controller_func_id\":\"38\",\"created\":\"2023-02-22T14:24:54+05:30\",\"id\":38}'),
(541, '2023-02-22 08:54:54', '\\App', '1', NULL, NULL, 'Access', '38', 'info', 'create', '', '{\"user_id\":19,\"controller_func_id\":\"38\",\"created\":\"2023-02-22T14:24:54+05:30\",\"id\":38}'),
(542, '2023-02-22 08:54:54', 'Access', '39', NULL, NULL, 'Access', '39', 'info', 'create', '', '{\"user_id\":19,\"controller_func_id\":\"39\",\"created\":\"2023-02-22T14:24:54+05:30\",\"id\":39}'),
(543, '2023-02-22 08:54:54', '\\App', '1', NULL, NULL, 'Access', '39', 'info', 'create', '', '{\"user_id\":19,\"controller_func_id\":\"39\",\"created\":\"2023-02-22T14:24:54+05:30\",\"id\":39}'),
(544, '2023-02-22 08:54:54', 'Access', '40', NULL, NULL, 'Access', '40', 'info', 'create', '', '{\"user_id\":19,\"controller_func_id\":\"40\",\"created\":\"2023-02-22T14:24:54+05:30\",\"id\":40}'),
(545, '2023-02-22 08:54:54', '\\App', '1', NULL, NULL, 'Access', '40', 'info', 'create', '', '{\"user_id\":19,\"controller_func_id\":\"40\",\"created\":\"2023-02-22T14:24:54+05:30\",\"id\":40}'),
(546, '2023-02-22 08:54:54', 'Access', '41', NULL, NULL, 'Access', '41', 'info', 'create', '', '{\"user_id\":19,\"controller_func_id\":\"41\",\"created\":\"2023-02-22T14:24:54+05:30\",\"id\":41}'),
(547, '2023-02-22 08:54:54', '\\App', '1', NULL, NULL, 'Access', '41', 'info', 'create', '', '{\"user_id\":19,\"controller_func_id\":\"41\",\"created\":\"2023-02-22T14:24:54+05:30\",\"id\":41}'),
(548, '2023-02-22 08:54:54', 'Access', '42', NULL, NULL, 'Access', '42', 'info', 'create', '', '{\"user_id\":19,\"controller_func_id\":\"42\",\"created\":\"2023-02-22T14:24:54+05:30\",\"id\":42}'),
(549, '2023-02-22 08:54:54', '\\App', '1', NULL, NULL, 'Access', '42', 'info', 'create', '', '{\"user_id\":19,\"controller_func_id\":\"42\",\"created\":\"2023-02-22T14:24:54+05:30\",\"id\":42}'),
(550, '2023-02-22 08:54:54', 'Access', '43', NULL, NULL, 'Access', '43', 'info', 'create', '', '{\"user_id\":19,\"controller_func_id\":\"43\",\"created\":\"2023-02-22T14:24:54+05:30\",\"id\":43}'),
(551, '2023-02-22 08:54:54', '\\App', '1', NULL, NULL, 'Access', '43', 'info', 'create', '', '{\"user_id\":19,\"controller_func_id\":\"43\",\"created\":\"2023-02-22T14:24:54+05:30\",\"id\":43}'),
(552, '2023-02-22 08:54:54', 'Access', '44', NULL, NULL, 'Access', '44', 'info', 'create', '', '{\"user_id\":19,\"controller_func_id\":\"44\",\"created\":\"2023-02-22T14:24:54+05:30\",\"id\":44}'),
(553, '2023-02-22 08:54:54', '\\App', '1', NULL, NULL, 'Access', '44', 'info', 'create', '', '{\"user_id\":19,\"controller_func_id\":\"44\",\"created\":\"2023-02-22T14:24:54+05:30\",\"id\":44}'),
(554, '2023-02-22 08:54:54', 'Access', '45', NULL, NULL, 'Access', '45', 'info', 'create', '', '{\"user_id\":19,\"controller_func_id\":\"45\",\"created\":\"2023-02-22T14:24:54+05:30\",\"id\":45}'),
(555, '2023-02-22 08:54:54', '\\App', '1', NULL, NULL, 'Access', '45', 'info', 'create', '', '{\"user_id\":19,\"controller_func_id\":\"45\",\"created\":\"2023-02-22T14:24:54+05:30\",\"id\":45}'),
(556, '2023-02-22 08:54:54', 'Access', '46', NULL, NULL, 'Access', '46', 'info', 'create', '', '{\"user_id\":19,\"controller_func_id\":\"46\",\"created\":\"2023-02-22T14:24:54+05:30\",\"id\":46}'),
(557, '2023-02-22 08:54:54', '\\App', '1', NULL, NULL, 'Access', '46', 'info', 'create', '', '{\"user_id\":19,\"controller_func_id\":\"46\",\"created\":\"2023-02-22T14:24:54+05:30\",\"id\":46}'),
(558, '2023-02-22 08:54:54', 'Access', '47', NULL, NULL, 'Access', '47', 'info', 'create', '', '{\"user_id\":19,\"controller_func_id\":\"47\",\"created\":\"2023-02-22T14:24:54+05:30\",\"id\":47}'),
(559, '2023-02-22 08:54:54', '\\App', '1', NULL, NULL, 'Access', '47', 'info', 'create', '', '{\"user_id\":19,\"controller_func_id\":\"47\",\"created\":\"2023-02-22T14:24:54+05:30\",\"id\":47}'),
(560, '2023-02-22 08:54:54', 'Access', '48', NULL, NULL, 'Access', '48', 'info', 'create', '', '{\"user_id\":19,\"controller_func_id\":\"48\",\"created\":\"2023-02-22T14:24:54+05:30\",\"id\":48}'),
(561, '2023-02-22 08:54:54', '\\App', '1', NULL, NULL, 'Access', '48', 'info', 'create', '', '{\"user_id\":19,\"controller_func_id\":\"48\",\"created\":\"2023-02-22T14:24:54+05:30\",\"id\":48}'),
(562, '2023-02-22 08:54:54', 'Access', '49', NULL, NULL, 'Access', '49', 'info', 'create', '', '{\"user_id\":19,\"controller_func_id\":\"49\",\"created\":\"2023-02-22T14:24:54+05:30\",\"id\":49}'),
(563, '2023-02-22 08:54:54', '\\App', '1', NULL, NULL, 'Access', '49', 'info', 'create', '', '{\"user_id\":19,\"controller_func_id\":\"49\",\"created\":\"2023-02-22T14:24:54+05:30\",\"id\":49}'),
(564, '2023-02-22 08:54:54', 'Access', '50', NULL, NULL, 'Access', '50', 'info', 'create', '', '{\"user_id\":19,\"controller_func_id\":\"50\",\"created\":\"2023-02-22T14:24:54+05:30\",\"id\":50}'),
(565, '2023-02-22 08:54:54', '\\App', '1', NULL, NULL, 'Access', '50', 'info', 'create', '', '{\"user_id\":19,\"controller_func_id\":\"50\",\"created\":\"2023-02-22T14:24:54+05:30\",\"id\":50}'),
(566, '2023-02-22 08:54:54', 'Access', '51', NULL, NULL, 'Access', '51', 'info', 'create', '', '{\"user_id\":19,\"controller_func_id\":\"51\",\"created\":\"2023-02-22T14:24:54+05:30\",\"id\":51}'),
(567, '2023-02-22 08:54:54', '\\App', '1', NULL, NULL, 'Access', '51', 'info', 'create', '', '{\"user_id\":19,\"controller_func_id\":\"51\",\"created\":\"2023-02-22T14:24:54+05:30\",\"id\":51}'),
(568, '2023-02-22 08:54:54', 'Access', '52', NULL, NULL, 'Access', '52', 'info', 'create', '', '{\"user_id\":19,\"controller_func_id\":\"52\",\"created\":\"2023-02-22T14:24:54+05:30\",\"id\":52}'),
(569, '2023-02-22 08:54:54', '\\App', '1', NULL, NULL, 'Access', '52', 'info', 'create', '', '{\"user_id\":19,\"controller_func_id\":\"52\",\"created\":\"2023-02-22T14:24:54+05:30\",\"id\":52}'),
(570, '2023-02-22 08:54:54', 'Access', '53', NULL, NULL, 'Access', '53', 'info', 'create', '', '{\"user_id\":19,\"controller_func_id\":\"53\",\"created\":\"2023-02-22T14:24:54+05:30\",\"id\":53}'),
(571, '2023-02-22 08:54:54', '\\App', '1', NULL, NULL, 'Access', '53', 'info', 'create', '', '{\"user_id\":19,\"controller_func_id\":\"53\",\"created\":\"2023-02-22T14:24:54+05:30\",\"id\":53}'),
(572, '2023-02-22 08:54:54', 'Access', '54', NULL, NULL, 'Access', '54', 'info', 'create', '', '{\"user_id\":19,\"controller_func_id\":\"54\",\"created\":\"2023-02-22T14:24:54+05:30\",\"id\":54}'),
(573, '2023-02-22 08:54:54', '\\App', '1', NULL, NULL, 'Access', '54', 'info', 'create', '', '{\"user_id\":19,\"controller_func_id\":\"54\",\"created\":\"2023-02-22T14:24:54+05:30\",\"id\":54}'),
(574, '2023-02-22 08:54:54', 'Access', '55', NULL, NULL, 'Access', '55', 'info', 'create', '', '{\"user_id\":19,\"controller_func_id\":\"55\",\"created\":\"2023-02-22T14:24:54+05:30\",\"id\":55}'),
(575, '2023-02-22 08:54:54', '\\App', '1', NULL, NULL, 'Access', '55', 'info', 'create', '', '{\"user_id\":19,\"controller_func_id\":\"55\",\"created\":\"2023-02-22T14:24:54+05:30\",\"id\":55}'),
(576, '2023-02-22 08:54:54', 'Access', '56', NULL, NULL, 'Access', '56', 'info', 'create', '', '{\"user_id\":19,\"controller_func_id\":\"56\",\"created\":\"2023-02-22T14:24:54+05:30\",\"id\":56}'),
(577, '2023-02-22 08:54:54', '\\App', '1', NULL, NULL, 'Access', '56', 'info', 'create', '', '{\"user_id\":19,\"controller_func_id\":\"56\",\"created\":\"2023-02-22T14:24:54+05:30\",\"id\":56}'),
(578, '2023-02-22 08:54:54', 'Access', '57', NULL, NULL, 'Access', '57', 'info', 'create', '', '{\"user_id\":19,\"controller_func_id\":\"57\",\"created\":\"2023-02-22T14:24:54+05:30\",\"id\":57}'),
(579, '2023-02-22 08:54:54', '\\App', '1', NULL, NULL, 'Access', '57', 'info', 'create', '', '{\"user_id\":19,\"controller_func_id\":\"57\",\"created\":\"2023-02-22T14:24:54+05:30\",\"id\":57}'),
(580, '2023-02-22 08:54:54', 'Access', '58', NULL, NULL, 'Access', '58', 'info', 'create', '', '{\"user_id\":19,\"controller_func_id\":\"58\",\"created\":\"2023-02-22T14:24:54+05:30\",\"id\":58}'),
(581, '2023-02-22 08:54:54', '\\App', '1', NULL, NULL, 'Access', '58', 'info', 'create', '', '{\"user_id\":19,\"controller_func_id\":\"58\",\"created\":\"2023-02-22T14:24:54+05:30\",\"id\":58}'),
(582, '2023-02-22 08:54:54', 'Access', '59', NULL, NULL, 'Access', '59', 'info', 'create', '', '{\"user_id\":19,\"controller_func_id\":\"59\",\"created\":\"2023-02-22T14:24:54+05:30\",\"id\":59}'),
(583, '2023-02-22 08:54:54', '\\App', '1', NULL, NULL, 'Access', '59', 'info', 'create', '', '{\"user_id\":19,\"controller_func_id\":\"59\",\"created\":\"2023-02-22T14:24:54+05:30\",\"id\":59}'),
(584, '2023-02-22 08:54:54', 'Access', '60', NULL, NULL, 'Access', '60', 'info', 'create', '', '{\"user_id\":19,\"controller_func_id\":\"60\",\"created\":\"2023-02-22T14:24:54+05:30\",\"id\":60}'),
(585, '2023-02-22 08:54:54', '\\App', '1', NULL, NULL, 'Access', '60', 'info', 'create', '', '{\"user_id\":19,\"controller_func_id\":\"60\",\"created\":\"2023-02-22T14:24:54+05:30\",\"id\":60}'),
(586, '2023-02-22 08:54:54', 'Access', '61', NULL, NULL, 'Access', '61', 'info', 'create', '', '{\"user_id\":19,\"controller_func_id\":\"61\",\"created\":\"2023-02-22T14:24:54+05:30\",\"id\":61}'),
(587, '2023-02-22 08:54:54', '\\App', '1', NULL, NULL, 'Access', '61', 'info', 'create', '', '{\"user_id\":19,\"controller_func_id\":\"61\",\"created\":\"2023-02-22T14:24:54+05:30\",\"id\":61}'),
(588, '2023-02-22 08:54:54', 'Access', '62', NULL, NULL, 'Access', '62', 'info', 'create', '', '{\"user_id\":19,\"controller_func_id\":\"62\",\"created\":\"2023-02-22T14:24:54+05:30\",\"id\":62}'),
(589, '2023-02-22 08:54:54', '\\App', '1', NULL, NULL, 'Access', '62', 'info', 'create', '', '{\"user_id\":19,\"controller_func_id\":\"62\",\"created\":\"2023-02-22T14:24:54+05:30\",\"id\":62}'),
(590, '2023-02-22 08:54:54', 'Access', '63', NULL, NULL, 'Access', '63', 'info', 'create', '', '{\"user_id\":19,\"controller_func_id\":\"63\",\"created\":\"2023-02-22T14:24:54+05:30\",\"id\":63}'),
(591, '2023-02-22 08:54:54', '\\App', '1', NULL, NULL, 'Access', '63', 'info', 'create', '', '{\"user_id\":19,\"controller_func_id\":\"63\",\"created\":\"2023-02-22T14:24:54+05:30\",\"id\":63}'),
(592, '2023-02-22 08:54:54', 'Access', '64', NULL, NULL, 'Access', '64', 'info', 'create', '', '{\"user_id\":19,\"controller_func_id\":\"64\",\"created\":\"2023-02-22T14:24:54+05:30\",\"id\":64}'),
(593, '2023-02-22 08:54:54', '\\App', '1', NULL, NULL, 'Access', '64', 'info', 'create', '', '{\"user_id\":19,\"controller_func_id\":\"64\",\"created\":\"2023-02-22T14:24:54+05:30\",\"id\":64}'),
(594, '2023-02-22 08:54:54', 'Access', '65', NULL, NULL, 'Access', '65', 'info', 'create', '', '{\"user_id\":19,\"controller_func_id\":\"65\",\"created\":\"2023-02-22T14:24:54+05:30\",\"id\":65}'),
(595, '2023-02-22 08:54:54', '\\App', '1', NULL, NULL, 'Access', '65', 'info', 'create', '', '{\"user_id\":19,\"controller_func_id\":\"65\",\"created\":\"2023-02-22T14:24:54+05:30\",\"id\":65}'),
(596, '2023-02-22 08:54:54', 'Access', '66', NULL, NULL, 'Access', '66', 'info', 'create', '', '{\"user_id\":19,\"controller_func_id\":\"66\",\"created\":\"2023-02-22T14:24:54+05:30\",\"id\":66}'),
(597, '2023-02-22 08:54:54', '\\App', '1', NULL, NULL, 'Access', '66', 'info', 'create', '', '{\"user_id\":19,\"controller_func_id\":\"66\",\"created\":\"2023-02-22T14:24:54+05:30\",\"id\":66}'),
(598, '2023-02-22 08:54:54', 'Access', '67', NULL, NULL, 'Access', '67', 'info', 'create', '', '{\"user_id\":19,\"controller_func_id\":\"67\",\"created\":\"2023-02-22T14:24:54+05:30\",\"id\":67}'),
(599, '2023-02-22 08:54:54', '\\App', '1', NULL, NULL, 'Access', '67', 'info', 'create', '', '{\"user_id\":19,\"controller_func_id\":\"67\",\"created\":\"2023-02-22T14:24:54+05:30\",\"id\":67}'),
(600, '2023-02-22 08:54:54', 'Access', '68', NULL, NULL, 'Access', '68', 'info', 'create', '', '{\"user_id\":19,\"controller_func_id\":\"68\",\"created\":\"2023-02-22T14:24:54+05:30\",\"id\":68}'),
(601, '2023-02-22 08:54:54', '\\App', '1', NULL, NULL, 'Access', '68', 'info', 'create', '', '{\"user_id\":19,\"controller_func_id\":\"68\",\"created\":\"2023-02-22T14:24:54+05:30\",\"id\":68}'),
(602, '2023-02-22 08:54:55', 'Access', '69', NULL, NULL, 'Access', '69', 'info', 'create', '', '{\"user_id\":19,\"controller_func_id\":\"69\",\"created\":\"2023-02-22T14:24:55+05:30\",\"id\":69}'),
(603, '2023-02-22 08:54:55', '\\App', '1', NULL, NULL, 'Access', '69', 'info', 'create', '', '{\"user_id\":19,\"controller_func_id\":\"69\",\"created\":\"2023-02-22T14:24:55+05:30\",\"id\":69}'),
(604, '2023-02-22 08:54:55', 'Access', '70', NULL, NULL, 'Access', '70', 'info', 'create', '', '{\"user_id\":19,\"controller_func_id\":\"70\",\"created\":\"2023-02-22T14:24:55+05:30\",\"id\":70}'),
(605, '2023-02-22 08:54:55', '\\App', '1', NULL, NULL, 'Access', '70', 'info', 'create', '', '{\"user_id\":19,\"controller_func_id\":\"70\",\"created\":\"2023-02-22T14:24:55+05:30\",\"id\":70}'),
(606, '2023-02-22 08:54:55', 'Access', '71', NULL, NULL, 'Access', '71', 'info', 'create', '', '{\"user_id\":19,\"controller_func_id\":\"71\",\"created\":\"2023-02-22T14:24:55+05:30\",\"id\":71}'),
(607, '2023-02-22 08:54:55', '\\App', '1', NULL, NULL, 'Access', '71', 'info', 'create', '', '{\"user_id\":19,\"controller_func_id\":\"71\",\"created\":\"2023-02-22T14:24:55+05:30\",\"id\":71}'),
(608, '2023-02-22 08:54:55', 'Access', '72', NULL, NULL, 'Access', '72', 'info', 'create', '', '{\"user_id\":19,\"controller_func_id\":\"72\",\"created\":\"2023-02-22T14:24:55+05:30\",\"id\":72}'),
(609, '2023-02-22 08:54:55', '\\App', '1', NULL, NULL, 'Access', '72', 'info', 'create', '', '{\"user_id\":19,\"controller_func_id\":\"72\",\"created\":\"2023-02-22T14:24:55+05:30\",\"id\":72}'),
(610, '2023-02-22 08:54:55', 'Access', '73', NULL, NULL, 'Access', '73', 'info', 'create', '', '{\"user_id\":19,\"controller_func_id\":\"73\",\"created\":\"2023-02-22T14:24:55+05:30\",\"id\":73}'),
(611, '2023-02-22 08:54:55', '\\App', '1', NULL, NULL, 'Access', '73', 'info', 'create', '', '{\"user_id\":19,\"controller_func_id\":\"73\",\"created\":\"2023-02-22T14:24:55+05:30\",\"id\":73}'),
(612, '2023-02-22 08:54:55', 'Access', '74', NULL, NULL, 'Access', '74', 'info', 'create', '', '{\"user_id\":19,\"controller_func_id\":\"74\",\"created\":\"2023-02-22T14:24:55+05:30\",\"id\":74}'),
(613, '2023-02-22 08:54:55', '\\App', '1', NULL, NULL, 'Access', '74', 'info', 'create', '', '{\"user_id\":19,\"controller_func_id\":\"74\",\"created\":\"2023-02-22T14:24:55+05:30\",\"id\":74}'),
(614, '2023-02-22 08:54:55', 'Access', '75', NULL, NULL, 'Access', '75', 'info', 'create', '', '{\"user_id\":19,\"controller_func_id\":\"75\",\"created\":\"2023-02-22T14:24:55+05:30\",\"id\":75}'),
(615, '2023-02-22 08:54:55', '\\App', '1', NULL, NULL, 'Access', '75', 'info', 'create', '', '{\"user_id\":19,\"controller_func_id\":\"75\",\"created\":\"2023-02-22T14:24:55+05:30\",\"id\":75}'),
(616, '2023-02-22 08:54:55', 'Access', '76', NULL, NULL, 'Access', '76', 'info', 'create', '', '{\"user_id\":19,\"controller_func_id\":\"76\",\"created\":\"2023-02-22T14:24:55+05:30\",\"id\":76}'),
(617, '2023-02-22 08:54:55', '\\App', '1', NULL, NULL, 'Access', '76', 'info', 'create', '', '{\"user_id\":19,\"controller_func_id\":\"76\",\"created\":\"2023-02-22T14:24:55+05:30\",\"id\":76}'),
(618, '2023-02-22 08:54:55', 'Access', '77', NULL, NULL, 'Access', '77', 'info', 'create', '', '{\"user_id\":19,\"controller_func_id\":\"77\",\"created\":\"2023-02-22T14:24:55+05:30\",\"id\":77}'),
(619, '2023-02-22 08:54:55', '\\App', '1', NULL, NULL, 'Access', '77', 'info', 'create', '', '{\"user_id\":19,\"controller_func_id\":\"77\",\"created\":\"2023-02-22T14:24:55+05:30\",\"id\":77}'),
(620, '2023-02-22 08:54:55', 'Access', '78', NULL, NULL, 'Access', '78', 'info', 'create', '', '{\"user_id\":19,\"controller_func_id\":\"78\",\"created\":\"2023-02-22T14:24:55+05:30\",\"id\":78}'),
(621, '2023-02-22 08:54:55', '\\App', '1', NULL, NULL, 'Access', '78', 'info', 'create', '', '{\"user_id\":19,\"controller_func_id\":\"78\",\"created\":\"2023-02-22T14:24:55+05:30\",\"id\":78}'),
(622, '2023-02-22 08:54:55', 'Access', '79', NULL, NULL, 'Access', '79', 'info', 'create', '', '{\"user_id\":19,\"controller_func_id\":\"79\",\"created\":\"2023-02-22T14:24:55+05:30\",\"id\":79}'),
(623, '2023-02-22 08:54:55', '\\App', '1', NULL, NULL, 'Access', '79', 'info', 'create', '', '{\"user_id\":19,\"controller_func_id\":\"79\",\"created\":\"2023-02-22T14:24:55+05:30\",\"id\":79}'),
(624, '2023-02-22 08:54:55', 'Access', '80', NULL, NULL, 'Access', '80', 'info', 'create', '', '{\"user_id\":19,\"controller_func_id\":\"80\",\"created\":\"2023-02-22T14:24:55+05:30\",\"id\":80}'),
(625, '2023-02-22 08:54:55', '\\App', '1', NULL, NULL, 'Access', '80', 'info', 'create', '', '{\"user_id\":19,\"controller_func_id\":\"80\",\"created\":\"2023-02-22T14:24:55+05:30\",\"id\":80}'),
(626, '2023-02-22 08:54:55', 'Access', '81', NULL, NULL, 'Access', '81', 'info', 'create', '', '{\"user_id\":19,\"controller_func_id\":\"81\",\"created\":\"2023-02-22T14:24:55+05:30\",\"id\":81}'),
(627, '2023-02-22 08:54:55', '\\App', '1', NULL, NULL, 'Access', '81', 'info', 'create', '', '{\"user_id\":19,\"controller_func_id\":\"81\",\"created\":\"2023-02-22T14:24:55+05:30\",\"id\":81}'),
(628, '2023-02-22 08:54:55', 'Access', '82', NULL, NULL, 'Access', '82', 'info', 'create', '', '{\"user_id\":19,\"controller_func_id\":\"82\",\"created\":\"2023-02-22T14:24:55+05:30\",\"id\":82}'),
(629, '2023-02-22 08:54:55', '\\App', '1', NULL, NULL, 'Access', '82', 'info', 'create', '', '{\"user_id\":19,\"controller_func_id\":\"82\",\"created\":\"2023-02-22T14:24:55+05:30\",\"id\":82}'),
(630, '2023-02-22 08:54:55', 'Access', '83', NULL, NULL, 'Access', '83', 'info', 'create', '', '{\"user_id\":19,\"controller_func_id\":\"83\",\"created\":\"2023-02-22T14:24:55+05:30\",\"id\":83}'),
(631, '2023-02-22 08:54:55', '\\App', '1', NULL, NULL, 'Access', '83', 'info', 'create', '', '{\"user_id\":19,\"controller_func_id\":\"83\",\"created\":\"2023-02-22T14:24:55+05:30\",\"id\":83}'),
(632, '2023-02-22 08:54:55', 'Access', '84', NULL, NULL, 'Access', '84', 'info', 'create', '', '{\"user_id\":19,\"controller_func_id\":\"84\",\"created\":\"2023-02-22T14:24:55+05:30\",\"id\":84}'),
(633, '2023-02-22 08:54:55', '\\App', '1', NULL, NULL, 'Access', '84', 'info', 'create', '', '{\"user_id\":19,\"controller_func_id\":\"84\",\"created\":\"2023-02-22T14:24:55+05:30\",\"id\":84}'),
(634, '2023-02-22 08:54:55', 'Access', '85', NULL, NULL, 'Access', '85', 'info', 'create', '', '{\"user_id\":19,\"controller_func_id\":\"85\",\"created\":\"2023-02-22T14:24:55+05:30\",\"id\":85}'),
(635, '2023-02-22 08:54:55', '\\App', '1', NULL, NULL, 'Access', '85', 'info', 'create', '', '{\"user_id\":19,\"controller_func_id\":\"85\",\"created\":\"2023-02-22T14:24:55+05:30\",\"id\":85}'),
(636, '2023-02-22 08:54:55', 'Access', '86', NULL, NULL, 'Access', '86', 'info', 'create', '', '{\"user_id\":19,\"controller_func_id\":\"86\",\"created\":\"2023-02-22T14:24:55+05:30\",\"id\":86}'),
(637, '2023-02-22 08:54:55', '\\App', '1', NULL, NULL, 'Access', '86', 'info', 'create', '', '{\"user_id\":19,\"controller_func_id\":\"86\",\"created\":\"2023-02-22T14:24:55+05:30\",\"id\":86}'),
(638, '2023-02-22 08:54:55', 'Access', '87', NULL, NULL, 'Access', '87', 'info', 'create', '', '{\"user_id\":19,\"controller_func_id\":\"87\",\"created\":\"2023-02-22T14:24:55+05:30\",\"id\":87}'),
(639, '2023-02-22 08:54:55', '\\App', '1', NULL, NULL, 'Access', '87', 'info', 'create', '', '{\"user_id\":19,\"controller_func_id\":\"87\",\"created\":\"2023-02-22T14:24:55+05:30\",\"id\":87}'),
(640, '2023-02-22 08:54:55', 'Access', '88', NULL, NULL, 'Access', '88', 'info', 'create', '', '{\"user_id\":19,\"controller_func_id\":\"88\",\"created\":\"2023-02-22T14:24:55+05:30\",\"id\":88}'),
(641, '2023-02-22 08:54:55', '\\App', '1', NULL, NULL, 'Access', '88', 'info', 'create', '', '{\"user_id\":19,\"controller_func_id\":\"88\",\"created\":\"2023-02-22T14:24:55+05:30\",\"id\":88}'),
(642, '2023-02-22 08:54:55', 'Access', '89', NULL, NULL, 'Access', '89', 'info', 'create', '', '{\"user_id\":19,\"controller_func_id\":\"89\",\"created\":\"2023-02-22T14:24:55+05:30\",\"id\":89}'),
(643, '2023-02-22 08:54:55', '\\App', '1', NULL, NULL, 'Access', '89', 'info', 'create', '', '{\"user_id\":19,\"controller_func_id\":\"89\",\"created\":\"2023-02-22T14:24:55+05:30\",\"id\":89}'),
(644, '2023-02-22 08:54:55', 'Access', '90', NULL, NULL, 'Access', '90', 'info', 'create', '', '{\"user_id\":19,\"controller_func_id\":\"90\",\"created\":\"2023-02-22T14:24:55+05:30\",\"id\":90}'),
(645, '2023-02-22 08:54:55', '\\App', '1', NULL, NULL, 'Access', '90', 'info', 'create', '', '{\"user_id\":19,\"controller_func_id\":\"90\",\"created\":\"2023-02-22T14:24:55+05:30\",\"id\":90}'),
(646, '2023-02-22 08:54:55', 'Access', '91', NULL, NULL, 'Access', '91', 'info', 'create', '', '{\"user_id\":19,\"controller_func_id\":\"91\",\"created\":\"2023-02-22T14:24:55+05:30\",\"id\":91}'),
(647, '2023-02-22 08:54:55', '\\App', '1', NULL, NULL, 'Access', '91', 'info', 'create', '', '{\"user_id\":19,\"controller_func_id\":\"91\",\"created\":\"2023-02-22T14:24:55+05:30\",\"id\":91}'),
(648, '2023-02-22 08:54:55', 'Access', '92', NULL, NULL, 'Access', '92', 'info', 'create', '', '{\"user_id\":19,\"controller_func_id\":\"92\",\"created\":\"2023-02-22T14:24:55+05:30\",\"id\":92}'),
(649, '2023-02-22 08:54:55', '\\App', '1', NULL, NULL, 'Access', '92', 'info', 'create', '', '{\"user_id\":19,\"controller_func_id\":\"92\",\"created\":\"2023-02-22T14:24:55+05:30\",\"id\":92}'),
(650, '2023-02-22 08:54:55', 'Access', '93', NULL, NULL, 'Access', '93', 'info', 'create', '', '{\"user_id\":19,\"controller_func_id\":\"93\",\"created\":\"2023-02-22T14:24:55+05:30\",\"id\":93}'),
(651, '2023-02-22 08:54:55', '\\App', '1', NULL, NULL, 'Access', '93', 'info', 'create', '', '{\"user_id\":19,\"controller_func_id\":\"93\",\"created\":\"2023-02-22T14:24:55+05:30\",\"id\":93}'),
(652, '2023-02-22 08:54:55', 'Access', '94', NULL, NULL, 'Access', '94', 'info', 'create', '', '{\"user_id\":19,\"controller_func_id\":\"94\",\"created\":\"2023-02-22T14:24:55+05:30\",\"id\":94}'),
(653, '2023-02-22 08:54:55', '\\App', '1', NULL, NULL, 'Access', '94', 'info', 'create', '', '{\"user_id\":19,\"controller_func_id\":\"94\",\"created\":\"2023-02-22T14:24:55+05:30\",\"id\":94}'),
(654, '2023-02-22 08:54:55', 'Access', '95', NULL, NULL, 'Access', '95', 'info', 'create', '', '{\"user_id\":19,\"controller_func_id\":\"95\",\"created\":\"2023-02-22T14:24:55+05:30\",\"id\":95}'),
(655, '2023-02-22 08:54:55', '\\App', '1', NULL, NULL, 'Access', '95', 'info', 'create', '', '{\"user_id\":19,\"controller_func_id\":\"95\",\"created\":\"2023-02-22T14:24:55+05:30\",\"id\":95}'),
(656, '2023-02-22 08:54:55', 'Access', '96', NULL, NULL, 'Access', '96', 'info', 'create', '', '{\"user_id\":19,\"controller_func_id\":\"96\",\"created\":\"2023-02-22T14:24:55+05:30\",\"id\":96}'),
(657, '2023-02-22 08:54:55', '\\App', '1', NULL, NULL, 'Access', '96', 'info', 'create', '', '{\"user_id\":19,\"controller_func_id\":\"96\",\"created\":\"2023-02-22T14:24:55+05:30\",\"id\":96}'),
(658, '2023-02-22 08:54:55', 'Access', '97', NULL, NULL, 'Access', '97', 'info', 'create', '', '{\"user_id\":19,\"controller_func_id\":\"97\",\"created\":\"2023-02-22T14:24:55+05:30\",\"id\":97}'),
(659, '2023-02-22 08:54:55', '\\App', '1', NULL, NULL, 'Access', '97', 'info', 'create', '', '{\"user_id\":19,\"controller_func_id\":\"97\",\"created\":\"2023-02-22T14:24:55+05:30\",\"id\":97}'),
(660, '2023-02-22 08:54:55', 'Access', '98', NULL, NULL, 'Access', '98', 'info', 'create', '', '{\"user_id\":19,\"controller_func_id\":\"98\",\"created\":\"2023-02-22T14:24:55+05:30\",\"id\":98}'),
(661, '2023-02-22 08:54:55', '\\App', '1', NULL, NULL, 'Access', '98', 'info', 'create', '', '{\"user_id\":19,\"controller_func_id\":\"98\",\"created\":\"2023-02-22T14:24:55+05:30\",\"id\":98}'),
(662, '2023-02-22 08:54:55', 'Access', '99', NULL, NULL, 'Access', '99', 'info', 'create', '', '{\"user_id\":19,\"controller_func_id\":\"99\",\"created\":\"2023-02-22T14:24:55+05:30\",\"id\":99}'),
(663, '2023-02-22 08:54:55', '\\App', '1', NULL, NULL, 'Access', '99', 'info', 'create', '', '{\"user_id\":19,\"controller_func_id\":\"99\",\"created\":\"2023-02-22T14:24:55+05:30\",\"id\":99}'),
(664, '2023-02-22 08:54:55', 'Access', '100', NULL, NULL, 'Access', '100', 'info', 'create', '', '{\"user_id\":19,\"controller_func_id\":\"100\",\"created\":\"2023-02-22T14:24:55+05:30\",\"id\":100}'),
(665, '2023-02-22 08:54:55', '\\App', '1', NULL, NULL, 'Access', '100', 'info', 'create', '', '{\"user_id\":19,\"controller_func_id\":\"100\",\"created\":\"2023-02-22T14:24:55+05:30\",\"id\":100}'),
(666, '2023-02-22 08:54:55', 'Access', '101', NULL, NULL, 'Access', '101', 'info', 'create', '', '{\"user_id\":19,\"controller_func_id\":\"101\",\"created\":\"2023-02-22T14:24:55+05:30\",\"id\":101}'),
(667, '2023-02-22 08:54:55', '\\App', '1', NULL, NULL, 'Access', '101', 'info', 'create', '', '{\"user_id\":19,\"controller_func_id\":\"101\",\"created\":\"2023-02-22T14:24:55+05:30\",\"id\":101}'),
(668, '2023-02-22 08:54:55', 'Access', '102', NULL, NULL, 'Access', '102', 'info', 'create', '', '{\"user_id\":19,\"controller_func_id\":\"102\",\"created\":\"2023-02-22T14:24:55+05:30\",\"id\":102}'),
(669, '2023-02-22 08:54:55', '\\App', '1', NULL, NULL, 'Access', '102', 'info', 'create', '', '{\"user_id\":19,\"controller_func_id\":\"102\",\"created\":\"2023-02-22T14:24:55+05:30\",\"id\":102}'),
(670, '2023-02-22 08:54:55', 'Access', '103', NULL, NULL, 'Access', '103', 'info', 'create', '', '{\"user_id\":19,\"controller_func_id\":\"103\",\"created\":\"2023-02-22T14:24:55+05:30\",\"id\":103}'),
(671, '2023-02-22 08:54:55', '\\App', '1', NULL, NULL, 'Access', '103', 'info', 'create', '', '{\"user_id\":19,\"controller_func_id\":\"103\",\"created\":\"2023-02-22T14:24:55+05:30\",\"id\":103}'),
(672, '2023-02-22 08:54:55', 'Access', '104', NULL, NULL, 'Access', '104', 'info', 'create', '', '{\"user_id\":19,\"controller_func_id\":\"104\",\"created\":\"2023-02-22T14:24:55+05:30\",\"id\":104}'),
(673, '2023-02-22 08:54:55', '\\App', '1', NULL, NULL, 'Access', '104', 'info', 'create', '', '{\"user_id\":19,\"controller_func_id\":\"104\",\"created\":\"2023-02-22T14:24:55+05:30\",\"id\":104}'),
(674, '2023-02-22 08:54:55', 'Access', '105', NULL, NULL, 'Access', '105', 'info', 'create', '', '{\"user_id\":19,\"controller_func_id\":\"105\",\"created\":\"2023-02-22T14:24:55+05:30\",\"id\":105}'),
(675, '2023-02-22 08:54:55', '\\App', '1', NULL, NULL, 'Access', '105', 'info', 'create', '', '{\"user_id\":19,\"controller_func_id\":\"105\",\"created\":\"2023-02-22T14:24:55+05:30\",\"id\":105}'),
(676, '2023-02-22 08:54:55', 'Access', '106', NULL, NULL, 'Access', '106', 'info', 'create', '', '{\"user_id\":19,\"controller_func_id\":\"106\",\"created\":\"2023-02-22T14:24:55+05:30\",\"id\":106}'),
(677, '2023-02-22 08:54:55', '\\App', '1', NULL, NULL, 'Access', '106', 'info', 'create', '', '{\"user_id\":19,\"controller_func_id\":\"106\",\"created\":\"2023-02-22T14:24:55+05:30\",\"id\":106}'),
(678, '2023-02-22 08:54:55', 'Access', '107', NULL, NULL, 'Access', '107', 'info', 'create', '', '{\"user_id\":19,\"controller_func_id\":\"107\",\"created\":\"2023-02-22T14:24:55+05:30\",\"id\":107}'),
(679, '2023-02-22 08:54:55', '\\App', '1', NULL, NULL, 'Access', '107', 'info', 'create', '', '{\"user_id\":19,\"controller_func_id\":\"107\",\"created\":\"2023-02-22T14:24:55+05:30\",\"id\":107}'),
(680, '2023-02-22 08:54:55', 'Access', '108', NULL, NULL, 'Access', '108', 'info', 'create', '', '{\"user_id\":19,\"controller_func_id\":\"108\",\"created\":\"2023-02-22T14:24:55+05:30\",\"id\":108}'),
(681, '2023-02-22 08:54:55', '\\App', '1', NULL, NULL, 'Access', '108', 'info', 'create', '', '{\"user_id\":19,\"controller_func_id\":\"108\",\"created\":\"2023-02-22T14:24:55+05:30\",\"id\":108}'),
(682, '2023-02-22 08:54:55', 'Access', '109', NULL, NULL, 'Access', '109', 'info', 'create', '', '{\"user_id\":19,\"controller_func_id\":\"109\",\"created\":\"2023-02-22T14:24:55+05:30\",\"id\":109}'),
(683, '2023-02-22 08:54:55', '\\App', '1', NULL, NULL, 'Access', '109', 'info', 'create', '', '{\"user_id\":19,\"controller_func_id\":\"109\",\"created\":\"2023-02-22T14:24:55+05:30\",\"id\":109}'),
(684, '2023-02-22 08:54:55', 'Access', '110', NULL, NULL, 'Access', '110', 'info', 'create', '', '{\"user_id\":19,\"controller_func_id\":\"110\",\"created\":\"2023-02-22T14:24:55+05:30\",\"id\":110}'),
(685, '2023-02-22 08:54:55', '\\App', '1', NULL, NULL, 'Access', '110', 'info', 'create', '', '{\"user_id\":19,\"controller_func_id\":\"110\",\"created\":\"2023-02-22T14:24:55+05:30\",\"id\":110}'),
(686, '2023-02-22 08:54:55', 'Access', '111', NULL, NULL, 'Access', '111', 'info', 'create', '', '{\"user_id\":19,\"controller_func_id\":\"111\",\"created\":\"2023-02-22T14:24:55+05:30\",\"id\":111}'),
(687, '2023-02-22 08:54:55', '\\App', '1', NULL, NULL, 'Access', '111', 'info', 'create', '', '{\"user_id\":19,\"controller_func_id\":\"111\",\"created\":\"2023-02-22T14:24:55+05:30\",\"id\":111}'),
(688, '2023-02-22 08:54:55', 'Access', '112', NULL, NULL, 'Access', '112', 'info', 'create', '', '{\"user_id\":19,\"controller_func_id\":\"112\",\"created\":\"2023-02-22T14:24:55+05:30\",\"id\":112}'),
(689, '2023-02-22 08:54:55', '\\App', '1', NULL, NULL, 'Access', '112', 'info', 'create', '', '{\"user_id\":19,\"controller_func_id\":\"112\",\"created\":\"2023-02-22T14:24:55+05:30\",\"id\":112}'),
(690, '2023-02-22 08:54:55', 'Access', '113', NULL, NULL, 'Access', '113', 'info', 'create', '', '{\"user_id\":19,\"controller_func_id\":\"113\",\"created\":\"2023-02-22T14:24:55+05:30\",\"id\":113}'),
(691, '2023-02-22 08:54:55', '\\App', '1', NULL, NULL, 'Access', '113', 'info', 'create', '', '{\"user_id\":19,\"controller_func_id\":\"113\",\"created\":\"2023-02-22T14:24:55+05:30\",\"id\":113}'),
(692, '2023-02-22 08:54:55', 'Access', '114', NULL, NULL, 'Access', '114', 'info', 'create', '', '{\"user_id\":19,\"controller_func_id\":\"114\",\"created\":\"2023-02-22T14:24:55+05:30\",\"id\":114}'),
(693, '2023-02-22 08:54:55', '\\App', '1', NULL, NULL, 'Access', '114', 'info', 'create', '', '{\"user_id\":19,\"controller_func_id\":\"114\",\"created\":\"2023-02-22T14:24:55+05:30\",\"id\":114}'),
(694, '2023-02-22 08:54:55', 'Access', '115', NULL, NULL, 'Access', '115', 'info', 'create', '', '{\"user_id\":19,\"controller_func_id\":\"115\",\"created\":\"2023-02-22T14:24:55+05:30\",\"id\":115}'),
(695, '2023-02-22 08:54:55', '\\App', '1', NULL, NULL, 'Access', '115', 'info', 'create', '', '{\"user_id\":19,\"controller_func_id\":\"115\",\"created\":\"2023-02-22T14:24:55+05:30\",\"id\":115}'),
(696, '2023-02-22 08:54:55', 'Access', '116', NULL, NULL, 'Access', '116', 'info', 'create', '', '{\"user_id\":19,\"controller_func_id\":\"116\",\"created\":\"2023-02-22T14:24:55+05:30\",\"id\":116}'),
(697, '2023-02-22 08:54:55', '\\App', '1', NULL, NULL, 'Access', '116', 'info', 'create', '', '{\"user_id\":19,\"controller_func_id\":\"116\",\"created\":\"2023-02-22T14:24:55+05:30\",\"id\":116}');
INSERT INTO `activity_logs` (`id`, `created_at`, `scope_model`, `scope_id`, `issuer_model`, `issuer_id`, `object_model`, `object_id`, `level`, `action`, `message`, `data`) VALUES
(698, '2023-02-22 08:54:55', 'Access', '117', NULL, NULL, 'Access', '117', 'info', 'create', '', '{\"user_id\":19,\"controller_func_id\":\"117\",\"created\":\"2023-02-22T14:24:55+05:30\",\"id\":117}'),
(699, '2023-02-22 08:54:55', '\\App', '1', NULL, NULL, 'Access', '117', 'info', 'create', '', '{\"user_id\":19,\"controller_func_id\":\"117\",\"created\":\"2023-02-22T14:24:55+05:30\",\"id\":117}'),
(700, '2023-02-22 08:54:55', 'Access', '118', NULL, NULL, 'Access', '118', 'info', 'create', '', '{\"user_id\":19,\"controller_func_id\":\"118\",\"created\":\"2023-02-22T14:24:55+05:30\",\"id\":118}'),
(701, '2023-02-22 08:54:55', '\\App', '1', NULL, NULL, 'Access', '118', 'info', 'create', '', '{\"user_id\":19,\"controller_func_id\":\"118\",\"created\":\"2023-02-22T14:24:55+05:30\",\"id\":118}'),
(702, '2023-02-22 08:54:55', 'Access', '119', NULL, NULL, 'Access', '119', 'info', 'create', '', '{\"user_id\":19,\"controller_func_id\":\"119\",\"created\":\"2023-02-22T14:24:55+05:30\",\"id\":119}'),
(703, '2023-02-22 08:54:55', '\\App', '1', NULL, NULL, 'Access', '119', 'info', 'create', '', '{\"user_id\":19,\"controller_func_id\":\"119\",\"created\":\"2023-02-22T14:24:55+05:30\",\"id\":119}'),
(704, '2023-02-22 08:54:55', 'Access', '120', NULL, NULL, 'Access', '120', 'info', 'create', '', '{\"user_id\":19,\"controller_func_id\":\"120\",\"created\":\"2023-02-22T14:24:55+05:30\",\"id\":120}'),
(705, '2023-02-22 08:54:55', '\\App', '1', NULL, NULL, 'Access', '120', 'info', 'create', '', '{\"user_id\":19,\"controller_func_id\":\"120\",\"created\":\"2023-02-22T14:24:55+05:30\",\"id\":120}'),
(706, '2023-02-22 08:54:55', 'Access', '121', NULL, NULL, 'Access', '121', 'info', 'create', '', '{\"user_id\":19,\"controller_func_id\":\"121\",\"created\":\"2023-02-22T14:24:55+05:30\",\"id\":121}'),
(707, '2023-02-22 08:54:55', '\\App', '1', NULL, NULL, 'Access', '121', 'info', 'create', '', '{\"user_id\":19,\"controller_func_id\":\"121\",\"created\":\"2023-02-22T14:24:55+05:30\",\"id\":121}'),
(708, '2023-02-22 08:54:55', 'Access', '122', NULL, NULL, 'Access', '122', 'info', 'create', '', '{\"user_id\":19,\"controller_func_id\":\"122\",\"created\":\"2023-02-22T14:24:55+05:30\",\"id\":122}'),
(709, '2023-02-22 08:54:55', '\\App', '1', NULL, NULL, 'Access', '122', 'info', 'create', '', '{\"user_id\":19,\"controller_func_id\":\"122\",\"created\":\"2023-02-22T14:24:55+05:30\",\"id\":122}'),
(710, '2023-02-22 08:54:55', 'Access', '123', NULL, NULL, 'Access', '123', 'info', 'create', '', '{\"user_id\":19,\"controller_func_id\":\"123\",\"created\":\"2023-02-22T14:24:55+05:30\",\"id\":123}'),
(711, '2023-02-22 08:54:55', '\\App', '1', NULL, NULL, 'Access', '123', 'info', 'create', '', '{\"user_id\":19,\"controller_func_id\":\"123\",\"created\":\"2023-02-22T14:24:55+05:30\",\"id\":123}'),
(712, '2023-02-22 08:54:55', 'Access', '124', NULL, NULL, 'Access', '124', 'info', 'create', '', '{\"user_id\":19,\"controller_func_id\":\"124\",\"created\":\"2023-02-22T14:24:55+05:30\",\"id\":124}'),
(713, '2023-02-22 08:54:55', '\\App', '1', NULL, NULL, 'Access', '124', 'info', 'create', '', '{\"user_id\":19,\"controller_func_id\":\"124\",\"created\":\"2023-02-22T14:24:55+05:30\",\"id\":124}'),
(714, '2023-02-22 08:54:55', 'Access', '125', NULL, NULL, 'Access', '125', 'info', 'create', '', '{\"user_id\":19,\"controller_func_id\":\"125\",\"created\":\"2023-02-22T14:24:55+05:30\",\"id\":125}'),
(715, '2023-02-22 08:54:55', '\\App', '1', NULL, NULL, 'Access', '125', 'info', 'create', '', '{\"user_id\":19,\"controller_func_id\":\"125\",\"created\":\"2023-02-22T14:24:55+05:30\",\"id\":125}'),
(716, '2023-02-22 08:54:55', 'Access', '126', NULL, NULL, 'Access', '126', 'info', 'create', '', '{\"user_id\":19,\"controller_func_id\":\"126\",\"created\":\"2023-02-22T14:24:55+05:30\",\"id\":126}'),
(717, '2023-02-22 08:54:55', '\\App', '1', NULL, NULL, 'Access', '126', 'info', 'create', '', '{\"user_id\":19,\"controller_func_id\":\"126\",\"created\":\"2023-02-22T14:24:55+05:30\",\"id\":126}'),
(718, '2023-02-22 08:54:55', 'Access', '127', NULL, NULL, 'Access', '127', 'info', 'create', '', '{\"user_id\":19,\"controller_func_id\":\"127\",\"created\":\"2023-02-22T14:24:55+05:30\",\"id\":127}'),
(719, '2023-02-22 08:54:55', '\\App', '1', NULL, NULL, 'Access', '127', 'info', 'create', '', '{\"user_id\":19,\"controller_func_id\":\"127\",\"created\":\"2023-02-22T14:24:55+05:30\",\"id\":127}'),
(720, '2023-02-22 08:54:55', 'Access', '128', NULL, NULL, 'Access', '128', 'info', 'create', '', '{\"user_id\":19,\"controller_func_id\":\"128\",\"created\":\"2023-02-22T14:24:55+05:30\",\"id\":128}'),
(721, '2023-02-22 08:54:55', '\\App', '1', NULL, NULL, 'Access', '128', 'info', 'create', '', '{\"user_id\":19,\"controller_func_id\":\"128\",\"created\":\"2023-02-22T14:24:55+05:30\",\"id\":128}'),
(722, '2023-02-22 08:54:55', 'Access', '129', NULL, NULL, 'Access', '129', 'info', 'create', '', '{\"user_id\":19,\"controller_func_id\":\"129\",\"created\":\"2023-02-22T14:24:55+05:30\",\"id\":129}'),
(723, '2023-02-22 08:54:55', '\\App', '1', NULL, NULL, 'Access', '129', 'info', 'create', '', '{\"user_id\":19,\"controller_func_id\":\"129\",\"created\":\"2023-02-22T14:24:55+05:30\",\"id\":129}'),
(724, '2023-02-22 08:54:55', 'Access', '130', NULL, NULL, 'Access', '130', 'info', 'create', '', '{\"user_id\":19,\"controller_func_id\":\"130\",\"created\":\"2023-02-22T14:24:55+05:30\",\"id\":130}'),
(725, '2023-02-22 08:54:55', '\\App', '1', NULL, NULL, 'Access', '130', 'info', 'create', '', '{\"user_id\":19,\"controller_func_id\":\"130\",\"created\":\"2023-02-22T14:24:55+05:30\",\"id\":130}'),
(726, '2023-02-22 08:54:55', 'Access', '131', NULL, NULL, 'Access', '131', 'info', 'create', '', '{\"user_id\":19,\"controller_func_id\":\"131\",\"created\":\"2023-02-22T14:24:55+05:30\",\"id\":131}'),
(727, '2023-02-22 08:54:55', '\\App', '1', NULL, NULL, 'Access', '131', 'info', 'create', '', '{\"user_id\":19,\"controller_func_id\":\"131\",\"created\":\"2023-02-22T14:24:55+05:30\",\"id\":131}'),
(728, '2023-02-22 10:58:54', 'Payments', '28', NULL, NULL, 'Payments', '28', 'info', 'update', '', '{\"title\":\"Test\",\"price\":\"50.00\",\"payment_date\":\"2023-02-22 16:28:54\",\"payment_currency\":\"USD\",\"txn_id\":\"PAYID2023022228\"}'),
(729, '2023-02-22 10:58:54', '\\App', '1', NULL, NULL, 'Payments', '28', 'info', 'update', '', '{\"title\":\"Test\",\"price\":\"50.00\",\"payment_date\":\"2023-02-22 16:28:54\",\"payment_currency\":\"USD\",\"txn_id\":\"PAYID2023022228\"}'),
(730, '2023-02-22 14:52:56', 'Countries', '2', NULL, NULL, 'Countries', '2', 'info', 'create', '', '{\"name\":\"adminUser\",\"created\":\"2023-02-22T20:22:56+05:30\",\"id\":2}'),
(731, '2023-02-22 14:52:56', '\\App', '1', NULL, NULL, 'Countries', '2', 'info', 'create', '', '{\"name\":\"adminUser\",\"created\":\"2023-02-22T20:22:56+05:30\",\"id\":2}'),
(732, '2023-02-25 06:15:03', '\\App', '1', NULL, NULL, 'XmlSheets', '7', 'info', 'create', '', '{\"name\":\"Test Xlm Help\",\"version\":\"0.5\",\"status\":\"1\",\"user_id\":1,\"file\":\"help_immiyami_29_01_2023.xml\",\"created\":\"2023-02-25T11:45:03+05:30\",\"file_dir\":\"6d5e9c70-1004-4d28-9a21-2065f58c6c36\",\"id\":7}'),
(733, '2023-02-25 06:23:08', '\\App', '1', NULL, NULL, 'XmlSheets', '8', 'info', 'create', '', '{\"name\":\"Test Xlm Help\",\"version\":\"0.5.1\",\"status\":\"1\",\"user_id\":2,\"file\":\"help_immiyami_29_01_2023.xml\",\"created\":\"2023-02-25T11:53:08+05:30\",\"file_dir\":\"37f956af-7dcc-47b8-a9c8-68541251a071\",\"id\":8}'),
(734, '2023-03-02 08:49:16', 'Posts', '1', NULL, NULL, 'Posts', '1', 'info', 'update', '', '{\"clicks\":7}'),
(735, '2023-03-02 08:49:16', '\\App', '1', NULL, NULL, 'Posts', '1', 'info', 'update', '', '{\"clicks\":7}'),
(736, '2023-03-02 08:49:47', 'Posts', '1', NULL, NULL, 'Posts', '1', 'info', 'update', '', '{\"clicks\":8}'),
(737, '2023-03-02 08:49:47', '\\App', '1', NULL, NULL, 'Posts', '1', 'info', 'update', '', '{\"clicks\":8}'),
(738, '2023-03-02 08:50:29', 'Posts', '1', NULL, NULL, 'Posts', '1', 'info', 'update', '', '{\"clicks\":9}'),
(739, '2023-03-02 08:50:29', '\\App', '1', NULL, NULL, 'Posts', '1', 'info', 'update', '', '{\"clicks\":9}'),
(740, '2023-03-02 08:51:26', 'Posts', '1', NULL, NULL, 'Posts', '1', 'info', 'update', '', '{\"clicks\":10}'),
(741, '2023-03-02 08:51:26', '\\App', '1', NULL, NULL, 'Posts', '1', 'info', 'update', '', '{\"clicks\":10}');

-- --------------------------------------------------------

--
-- Table structure for table `articles`
--

DROP TABLE IF EXISTS `articles`;
CREATE TABLE IF NOT EXISTS `articles` (
  `id` bigint(20) NOT NULL AUTO_INCREMENT,
  `title` varchar(255) COLLATE utf8_unicode_ci DEFAULT NULL,
  `short_description` text COLLATE utf8_unicode_ci,
  `description` text COLLATE utf8_unicode_ci,
  `photo` varchar(255) COLLATE utf8_unicode_ci DEFAULT NULL,
  `photo_dir` varchar(255) COLLATE utf8_unicode_ci DEFAULT NULL,
  `status` enum('0','1') COLLATE utf8_unicode_ci NOT NULL DEFAULT '0',
  `user_id` bigint(20) DEFAULT NULL,
  `created` timestamp NOT NULL DEFAULT CURRENT_TIMESTAMP,
  PRIMARY KEY (`id`),
  KEY `fk_articl_usr_id` (`user_id`)
) ENGINE=InnoDB AUTO_INCREMENT=5 DEFAULT CHARSET=utf8 COLLATE=utf8_unicode_ci;

--
-- Dumping data for table `articles`
--

INSERT INTO `articles` (`id`, `title`, `short_description`, `description`, `photo`, `photo_dir`, `status`, `user_id`, `created`) VALUES
(1, 'UK and New Zealand expand working holiday visas', '<p>The UK and New Zealand will allow more younger people to live and work in both countries for longer.</p>', '<p><strong>The UK and New Zealand will allow more younger people to live and work in both countries for longer.</strong></p><p>UK Prime Minister Boris Johnson and his Kiwi counterpart Jacinda Ardern agreed to extend the Youth Mobility and Working Holiday schemes.</p><p>The age limit for applicants will go up from 30 to 35, and the maximum length of time people can stay in the host country will now be three years.</p><p>It follows similar deal to allow young people to <a href=\"https://www.bbc.com/news/business-59690080\">work and travel in Australia</a>.</p><p>The UK-New Zealand scheme was previously open to 18-30 year olds.</p><p>Home Secretary Priti Patel said the move \"will give even more young Brits and New Zealanders the opportunity to develop their skills, make life-long connections and contribute to their host country\".</p><figure class=\"image\"><img src=\"https://ichef.bbci.co.uk/news/640/cpsprodpb/11262/production/_125724207_hi077091937.jpg\" alt=\"Boris Johnson and Jacinda Ardern\" srcset=\"https://ichef.bbci.co.uk/news/240/cpsprodpb/11262/production/_125724207_hi077091937.jpg.webp 240w, https://ichef.bbci.co.uk/news/320/cpsprodpb/11262/production/_125724207_hi077091937.jpg.webp 320w, https://ichef.bbci.co.uk/news/480/cpsprodpb/11262/production/_125724207_hi077091937.jpg.webp 480w, https://ichef.bbci.co.uk/news/624/cpsprodpb/11262/production/_125724207_hi077091937.jpg.webp 624w, https://ichef.bbci.co.uk/news/800/cpsprodpb/11262/production/_125724207_hi077091937.jpg.webp 800w\" sizes=\"100vw\"></figure><p>IMAGE SOURCE,REUTERS</p><p>Image caption,</p><p>Boris Johnson and Jacinda Ardern met for talks at Downing Street</p><p>Ms Ardern, who is in London for talks with Mr Johnson, said New Zealand had long advocated for improvements to working holiday visas.</p><p>The NZ Labour Party leader previously lived in London when she worked in Whitehall as a senior policy adviser before entering politics.</p><p>\"I was one of many Kiwis to enjoy living and working in the UK, and we look forward to offering Brits the same wonderful experience in New Zealand,\" she added.</p><p>The prime ministers met at Downing Street following the Nato summit in Madrid which finished on Thursday.</p><p>Ms Ardern said the pair would be discussing the <a href=\"https://www.bbc.com/news/business-58988711\">free trade deal signed last year</a> as well as the response to the war in Ukraine</p><p>Mr Johnson praised the \"very strong line\" New Zealand was taking, and Ms Ardern said: \"We have also provided our military aid via our partnership with you,\"</p><p>The Home Office said more information on the <a href=\"https://www.gov.uk/youth-mobility\">Youth Mobility and Working Holiday</a> scheme will be announced next year.</p>', '01.jpg', 'a8464c47-342c-48b1-898c-0aa0d3ad5445', '1', NULL, '2022-08-04 11:38:23'),
(2, 'PM Jacinda Ardern says work underway to address nursing shortage, union remains unconvinced', '<p>Prime Minister Jacinda Ardern says the government is working to reduce the global nursing shortage\'s impact on the healthcare system.</p>', '<p>Prime Minister Jacinda Ardern. File photo Photo: RNZ / Angus Dreaver</p><p>Nearly one-in-three nursing students are dropping out before qualifying, due to financial pressure, family responsibilities and other factors made worse by Covid-19.</p><p>At the same time, health boards and rest homes are spending hundreds of thousands of dollars trying to attract nurses from overseas to fill an estimated 4000 vacancies.</p><p>But there are forces working the other way. The New South Wales government has unveiled a $4.5 billion package to recruit more than 10,000 staff - with New Zealanders sure to be in its sights.</p><p>Prime Minister Jacinda Ardern told <i>Morning Report </i>the government was aware of the global shortage of nurses and would be continuing campaigns to attract people to the industry from within the country and overseas.</p><p>\"I think it\'d be fair to say we\'ve been aware of the global shortage of nursing staff so we\'ve been running our own internal campaigns to try and attract our previous qualified nurses to come back,\" she said.</p><p><a href=\"https://www.rnz.co.nz/national/programmes/morningreport/audio/2018844873/government-aware-of-global-nursing-shortage-ardern\"><strong>\"We do hold a lot of vacancies because we\'ve also sought to create more nursing places\" - PM Jacinda Ardern duration7′ :38″</strong></a></p><p><a href=\"https://www.rnz.co.nz/national/programmes/morningreport\">from Morning Report</a></p><p><a href=\"https://www.rnz.co.nz/national/programmes/morningreport/audio/2018844873/government-aware-of-global-nursing-shortage-ardern\"><strong>Add to playlist</strong></a></p><p>&nbsp;</p><p><a href=\"https://podcast.radionz.co.nz/mnr/mnr-20220607-0709-ardern_on_nursing_workforce_pressure-128.mp3\">Download</a></p><ul><li><a href=\"https://podcast.radionz.co.nz/downloads/mnr/mnr-20220607-0709-ardern_on_nursing_workforce_pressure-02.ogg\">Download as Ogg</a></li><li><a href=\"https://podcast.radionz.co.nz/downloads/mnr/mnr-20220607-0709-ardern_on_nursing_workforce_pressure-128.mp3\">Download as MP3</a></li><li><a href=\"https://podcast.radionz.co.nz/mnr/mnr-20220607-0709-ardern_on_nursing_workforce_pressure-02.ogg\">Play Ogg in browser</a></li><li><a href=\"https://podcast.radionz.co.nz/mnr/mnr-20220607-0709-ardern_on_nursing_workforce_pressure-128.mp3\">Play MP3 in browser</a></li></ul><p><a href=\"https://www.rnz.co.nz/national/programmes/morningreport/audio/2018844873/government-aware-of-global-nursing-shortage-ardern\">\"We do hold a lot of vacancies because we\'ve also sought to create more nursing places\" - PM Jacinda Ardern</a></p><p>To attract overseas nurses to the country, the government has given those in the profession the opportunity to gain residence after working in the field for two years.</p><p>Returning nurses are also being offered a one-off payment of $5000 to cover re-registration and other costs.</p><p>However, some nurses were upset the residence status had not been offered automatically upon arrival, Ardern said the inclusion of the two-year requirement was due to concerns around staff retention at some DHBs.</p><p>\"Essentially all it does is ask that you just work in the field for two years so it is recency we just ask that you stay as a nurse and one of the reasons for that is we did have raised with us by some DHBs the concern of whether of not we were retaining everyone that was coming in as a nurse.\"</p><p>Ardern was unable to provide the number of nurses that had returned to or arrived in the country as a result of the residency scheme, which was announced a month ago.</p><p>\"One of the things we also need to factor in is we have also increased the number of nursing staff so we do hold a lot of vacancies because we\'ve also sought to create more nursing places.</p><p>\"So this is one of struggles we have, we want to take some of the pressure off our hospitals by increasing those STEs at a time where everyone in recruiting,\" she said.</p><p>Ardern argued the data on nursing graduate dropouts did not reflect the current situation, but said the introduction of the fees free scheme had alleviated some of the financial pressures facing students.</p><p>Meanwhile, she said targeted nursing scholarships were on offer to boost Māori and Pasifika representation in the workforce.</p><figure class=\"image\"><img src=\"https://rnz-ressh.cloudinary.com/image/upload/s--o5Ge4I6w--/ar_16:10,c_fill,f_auto,g_auto,q_auto,w_1050/4MX92LC_image_crop_97219\" alt=\"Kerri Nuku, kaiwhakahaere for the Nurses Organisation\"></figure><p>Nurses Organisation director Kerri Nuku. File photo Photo: RNZ / Richard Tindiller</p><p><a href=\"https://www.rnz.co.nz/national/programmes/morningreport/audio/2018844877/nurses-organisation-concerned-shortage-will-get-worse\"><strong>\"At the moment I think nurses would fail to see what is actively being done\" - Nurses\' Organisation director Kerri Nuku duration6′ :33″</strong></a></p><p><a href=\"https://www.rnz.co.nz/national/programmes/morningreport\">from Morning Report</a></p><p><a href=\"https://www.rnz.co.nz/national/programmes/morningreport/audio/2018844877/nurses-organisation-concerned-shortage-will-get-worse\"><strong>Add to playlist</strong></a></p><p>&nbsp;</p><p><a href=\"https://podcast.radionz.co.nz/mnr/mnr-20220607-0735-nurses_organisation_concerned_shortage_will_get_worse-128.mp3\">Download</a></p><ul><li><a href=\"https://podcast.radionz.co.nz/downloads/mnr/mnr-20220607-0735-nurses_organisation_concerned_shortage_will_get_worse-02.ogg\">Download as Ogg</a></li><li><a href=\"https://podcast.radionz.co.nz/downloads/mnr/mnr-20220607-0735-nurses_organisation_concerned_shortage_will_get_worse-128.mp3\">Download as MP3</a></li><li><a href=\"https://podcast.radionz.co.nz/mnr/mnr-20220607-0735-nurses_organisation_concerned_shortage_will_get_worse-02.ogg\">Play Ogg in browser</a></li><li><a href=\"https://podcast.radionz.co.nz/mnr/mnr-20220607-0735-nurses_organisation_concerned_shortage_will_get_worse-128.mp3\">Play MP3 in browser</a></li></ul><p><a href=\"https://www.rnz.co.nz/national/programmes/morningreport/audio/2018844877/nurses-organisation-concerned-shortage-will-get-worse\">\"At the moment I think nurses would fail to see what is actively being done\" - Nurses\' Organisation director Kerri Nuku</a></p><p>Nurses\' Organisation director Kerri Nuku told <i>Morning Report</i> nurses did not feel enough was being done to bolster their workforce.</p><p>\"At the moment I think nurses would fail to see what is actively being done and this isn\'t just about recruiting from overseas this is about supporting the development of our own nurses inside Aotearoa.\"</p><p>Nuku said the educational pipeline for nurses had been blocked by the pandemic, with financial pressures leading some students to postpone their studies and level four lockdowns blocking students from undertaking practical training within hospitals.</p><p>To prevent the number of students dropping out, DHBs needed to increase learning pathways and access to pastoral care, Nuku said.</p><p>However, she said the best step the government could take would be to reduce student nurses\' tertiary fees.</p><p>\"When a nursing student graduates they have around about a $30,000-to-$40,000 debt... now that\'s fine if they go to work in a district health board where they\'ve got the opportunity to walk alongside senior nurses and pay that off.</p><p>\"But if you go out into a primary healthcare sector or some of our other areas where they\'re not getting paid the same rates as district health boards then you\'re actually training nurses to work in some of our poorest areas and that\'s not okay.\"</p><p>Nuku said the Nurses\' Organisation would push against the use of employment bonding as they believed that increasing support for the profession would encourage graduates to stay in the country.</p><p>The College of Midwives also called for the government to invest in staff training and recruitment.</p><p>The four-year midwifery degree was expensive and the college <a href=\"https://www.rnz.co.nz/news/national/468623/burned-out-or-leaving-for-overseas-midwifery-sector-in-downward-spiral-says-union\">would like more financial support to retain students</a>, chief executive Alison Eddy said.</p><p><a href=\"https://www.rnz.co.nz/national/programmes/morningreport/audio/2018844887/student-nurse-on-pressure-on-the-workforce\"><strong>\'We need support as well\' - Third-year nursing student Jade Power duration4′ :14″</strong></a></p><p><a href=\"https://www.rnz.co.nz/national/programmes/morningreport\">from Morning Report</a></p><p><a href=\"https://www.rnz.co.nz/national/programmes/morningreport/audio/2018844887/student-nurse-on-pressure-on-the-workforce\"><strong>Add to playlist</strong></a></p><p>&nbsp;</p><p><a href=\"https://podcast.radionz.co.nz/mnr/mnr-20220607-0815-student_nurse_on_pressure_on_the_workforce-128.mp3\">Download</a></p><ul><li><a href=\"https://podcast.radionz.co.nz/downloads/mnr/mnr-20220607-0815-student_nurse_on_pressure_on_the_workforce-02.ogg\">Download as Ogg</a></li><li><a href=\"https://podcast.radionz.co.nz/downloads/mnr/mnr-20220607-0815-student_nurse_on_pressure_on_the_workforce-128.mp3\">Download as MP3</a></li><li><a href=\"https://podcast.radionz.co.nz/mnr/mnr-20220607-0815-student_nurse_on_pressure_on_the_workforce-02.ogg\">Play Ogg in browser</a></li><li><a href=\"https://podcast.radionz.co.nz/mnr/mnr-20220607-0815-student_nurse_on_pressure_on_the_workforce-128.mp3\">Play MP3 in browser</a></li></ul><p><a href=\"https://www.rnz.co.nz/national/programmes/morningreport/audio/2018844887/student-nurse-on-pressure-on-the-workforce\">\'We need support as well\' - Third-year nursing student Jade Power</a></p><p>Third-year Otago Polytechnic nursing student Jade Power has been following the difficult situation from ground zero.</p><p>Power, who also chairs the national student unit of the Nurses Organisation, told <i>Morning Report </i>the pressure of the Covid-19 pandemic had forced many students to make tough decisions.</p><p>\"With level four lockdowns, most of us couldn\'t attend placements and get our hours required to sit Nursing Council state final so you had a lot of people deciding if they could continue on due to financial pressure with Covid not being able to work, only being able to study.\"</p><p>She said this had particularly affected those nursing students with children or other dependents.</p><p>The solution was a simple one, Power said, pay nurses for their placement training.</p><p>\"That\'s a very easy answer, getting paid for placements or having fees free for our education because we work 40 hour weeks for placement, for free essentially, and then we have to work part time to live.\"</p><p>Power said plenty of students were already eyeing up moves to the likes of Australia where they would be paid a more competitive rate.</p><p>However, she was aiming to stay in New Zealand and said more needed to be done to encourage others to do the same.</p><p>\"We need support as well, we want to keep our New Zealand nurses here and we need to do that by paying them better and creating better and safer work environments.\"</p>', '02.jpg', '56677d9a-ed66-447b-855b-2335946acc1d', '1', NULL, '2022-08-04 11:41:15'),
(3, 'Border inspector slams UK\'s handling of migrants arriving by boat', '<p>LONDON, July 21 (Reuters) - An independent border inspection has slammed Britain\'s handling of migrants who arrive by small boats from France, calling it unacceptable, ineffective and inefficient.</p>', '<p>LONDON, July 21 (Reuters) - An independent border inspection has slammed Britain\'s handling of migrants who arrive by small boats from France, calling it unacceptable, ineffective and inefficient.</p><p>The number of people attempting the dangerous crossing over the Channel to enter Britain has risen sharply. The government is facing criticism from some quarters that border controls are too weak, while others say people seeking asylum are being treated inhumanely.</p><p>Advertisement · Scroll to continue</p><p>&nbsp;</p><p>The inspection, led by Chief Inspector of Borders and Immigration David Neal and published on Thursday, focused on the initial processing of migrants at two government centres between December 2021 and January 2022.</p><p>\"These migrants crossed the Channel in dire circumstances. Many were vulnerable and at risk, including children and women on their own, and when they arrived in Dover the way they were dealt with was unacceptable,\" Neal said.</p><p>Advertisement · Scroll to continue</p><p>&nbsp;</p><p>\"This is because the Home Office has failed over the past three years to move from a crisis response to having better systems and procedures in place and treating this as business as usual.\"</p><p>A Home Office spokesperson said that the department had accepted the report\'s recommendations. The spokesperson said almost all the related work had already been completed, including the closure of one of the sites and the opening of a new facility.</p><p>Advertisement · Scroll to continue</p><p>&nbsp;</p><p>\"We have transformed how we manage the arrival of migrants,\" the spokesperson said.</p><p>In November 2021, 27 people died while attempting to cross the Channel in an inflatable dinghy - the worst recorded accident of its kind in the Channel - triggering a blame game between Britain and France.</p><p>London has announced a new immigration policy to send migrants to Rwanda for processing, but that has run into legal challenges.</p><p>The report said the government response to the surge in migrant arrivals at Dover on the southern English coast had exposed gaps in security procedures and left vulnerable migrants at risk, the report said.</p><p>The number of people arriving by small boats rose to 28,526 last year, compared with 8,486 in 2020 and 1,834 in 2019. Many of the migrants were from Iran and Iraq.</p><p>Neal also criticised record keeping as \"inexcusably awful\".</p>', '03.jpg', 'c0597e8b-1c9d-4b53-9e9e-817bed3f703d', '1', NULL, '2022-08-04 11:42:02'),
(4, 'Canada will reopen all PR programs under Express Entry from July 6', '<p>Canada will be lifting the last pandemic-era restriction on its immigration services. The country announced that all Express Entry draws will resume starting July 6.</p><p>&nbsp;</p>', '<p>Canada will be lifting the last pandemic-era restriction on its immigration services. The country announced that all Express Entry draws will resume starting July 6.</p><p>Canada first imposed restrictions at the start of the pandemic- over 18 months ago.</p><p>Think you check all the immigration boxes? Find out<br><br>Immigration minister Sean Fraser took to Twitter to invite all eligible candidates to apply under</p><p>This comes as a time when the country is already struggling to cope with massive processing delays. According to data shared with ET, Immigration, Refugees and Citizenship Canada (IRCC) had an immigration backlog of almost 2.4 million people, as of June 6, 2022.<br><br>Last month, Canadian Prime Minister Justin Trudeau also announced a new task force to tackle the delays, saying, “we know service delays, particularly in recent months, are unacceptable...we will continue to do everything we ca&nbsp;..<br>&nbsp;</p><p><a href=\"http://immiyami.mylap/pages/article-view?page_id=Canada-will-reopen-all-PR-programs-under-Express-Entry-from-July-6-4\">http://immiyami.mylap/pages/article-view?page_id=Canada-will-reopen-all-PR-programs-under-Express-Entry-from-July-6-4</a></p>', '04.jpg', 'a016cc48-8368-438d-9b21-7febc2df88b7', '1', NULL, '2022-08-04 11:44:43');

-- --------------------------------------------------------

--
-- Table structure for table `banners`
--

DROP TABLE IF EXISTS `banners`;
CREATE TABLE IF NOT EXISTS `banners` (
  `id` bigint(20) NOT NULL AUTO_INCREMENT,
  `title` varchar(255) COLLATE utf8_unicode_ci DEFAULT NULL,
  `sponsor_name` varchar(255) COLLATE utf8_unicode_ci DEFAULT NULL,
  `photo` varchar(255) COLLATE utf8_unicode_ci DEFAULT NULL,
  `photo_dir` varchar(255) COLLATE utf8_unicode_ci DEFAULT NULL,
  `start_date` date DEFAULT NULL,
  `end_date` date DEFAULT NULL,
  `url` varchar(255) COLLATE utf8_unicode_ci DEFAULT NULL,
  `position` enum('top','left_top','left_bottom','right_top','right_bottom') COLLATE utf8_unicode_ci DEFAULT NULL,
  `price` decimal(12,2) DEFAULT NULL,
  `status` enum('0','1') COLLATE utf8_unicode_ci NOT NULL DEFAULT '0',
  `note` text COLLATE utf8_unicode_ci,
  `banner_type_id` bigint(20) DEFAULT NULL,
  `user_id` bigint(20) DEFAULT NULL,
  `created` timestamp NOT NULL DEFAULT CURRENT_TIMESTAMP,
  PRIMARY KEY (`id`),
  KEY `fk_banner_user_id` (`user_id`),
  KEY `fk_banner_type_id_in_ban` (`banner_type_id`)
) ENGINE=InnoDB AUTO_INCREMENT=11 DEFAULT CHARSET=utf8 COLLATE=utf8_unicode_ci;

--
-- Dumping data for table `banners`
--

INSERT INTO `banners` (`id`, `title`, `sponsor_name`, `photo`, `photo_dir`, `start_date`, `end_date`, `url`, `position`, `price`, `status`, `note`, `banner_type_id`, `user_id`, `created`) VALUES
(1, 'Top Banner 1', 'Sponsor 1', '02.jpg', '5129a06b-4285-4559-93d5-c1ca6d5825a0', '2022-08-03', '2023-12-14', 'https://google.com/', 'top', '1000.00', '1', NULL, 1, 1, '2022-08-03 07:14:29'),
(2, 'Top Banner 2', 'Sponsor 1', '02.jpg', '2d89193e-9427-4e37-b778-5e8792cf199b', '2022-08-03', '2023-08-10', 'https://google.com/', 'top', '1000.00', '1', NULL, 2, 1, '2022-08-03 07:18:28'),
(3, 'Left Top Banner 1', 'Sponsor 2', '01.jpg', 'f8254315-b2b0-4405-946f-671f5972ceab', '2022-08-03', '2023-04-20', 'https://google.com/', 'left_top', '0.00', '1', NULL, 1, 1, '2022-08-03 07:20:14'),
(4, 'Left Top Banner 2', 'Sponsor 2', '01.jpg', 'd39e3759-ee63-4ae3-9a02-a1cd51ee6d08', '2022-08-03', '2023-04-26', 'https://google.com/', 'left_top', '0.00', '1', NULL, 1, 1, '2022-08-03 07:23:28'),
(5, 'Right Top Banner 1', 'Sponsor 3', '01.jpg', 'dadad4ee-0d6d-4307-9109-25741a791196', '2022-08-03', '2023-05-15', 'https://google.com/', 'right_top', '0.00', '1', NULL, 1, NULL, '2022-08-03 07:24:34'),
(6, 'Right Top Banner 2', 'Sponsor 3', '01.jpg', '1fabe737-b230-4c30-b388-aa9e5abb645e', '2022-08-03', '2023-04-13', 'https://google.com/', 'right_top', '0.00', '1', NULL, 1, 1, '2022-08-03 07:25:58'),
(7, 'Left Bottom Banner 1', 'Sponsor 4', '01.jpg', 'b468b248-3ccd-447d-aa4a-5ba5acce249b', '2022-08-03', '2023-07-12', '/list-posts', 'left_bottom', '0.00', '1', '', 1, NULL, '2022-08-03 07:27:52'),
(8, 'Left Bottom Banner 2', 'Sponsor 4', '01.jpg', '177b4353-7132-4335-8f1d-e8866702b1c1', '2022-08-03', '2023-04-19', '/list-posts', 'left_bottom', '1000.00', '1', '', 2, NULL, '2022-08-03 07:28:38'),
(9, 'Right Bottom Banner 1', 'Sponsor 5', '01.jpg', '3af394c0-7265-4fe6-94e2-ab32226a3a51', '2022-08-03', '2023-05-29', '/list-posts', 'right_bottom', '0.00', '1', '', 2, 1, '2022-08-03 07:29:37'),
(10, 'Right Bottom Banner 2', 'Sponsor 5', '01.jpg', 'ef75e98a-5589-43e9-bc82-b431e44cbfb5', '2022-08-03', '2023-05-11', '/list-posts', 'right_bottom', '0.00', '1', '', 1, NULL, '2022-08-03 07:30:24');

-- --------------------------------------------------------

--
-- Table structure for table `banner_types`
--

DROP TABLE IF EXISTS `banner_types`;
CREATE TABLE IF NOT EXISTS `banner_types` (
  `id` bigint(20) NOT NULL AUTO_INCREMENT,
  `name` varchar(255) COLLATE utf8_unicode_ci DEFAULT NULL,
  `created` timestamp NOT NULL DEFAULT CURRENT_TIMESTAMP,
  PRIMARY KEY (`id`)
) ENGINE=InnoDB AUTO_INCREMENT=3 DEFAULT CHARSET=utf8 COLLATE=utf8_unicode_ci;

--
-- Dumping data for table `banner_types`
--

INSERT INTO `banner_types` (`id`, `name`, `created`) VALUES
(1, 'Free', '2022-08-03 07:08:37'),
(2, 'Paid', '2022-08-03 07:14:50');

-- --------------------------------------------------------

--
-- Table structure for table `campaigns`
--

DROP TABLE IF EXISTS `campaigns`;
CREATE TABLE IF NOT EXISTS `campaigns` (
  `id` bigint(20) NOT NULL AUTO_INCREMENT,
  `title` varchar(255) COLLATE utf8_unicode_ci NOT NULL,
  `start_date` datetime DEFAULT NULL,
  `end_date` datetime DEFAULT NULL,
  `url` text COLLATE utf8_unicode_ci,
  `status` enum('0','1') COLLATE utf8_unicode_ci NOT NULL DEFAULT '0',
  `clicks` bigint(20) DEFAULT '0',
  `created` timestamp NOT NULL DEFAULT CURRENT_TIMESTAMP,
  PRIMARY KEY (`id`)
) ENGINE=InnoDB AUTO_INCREMENT=2 DEFAULT CHARSET=utf8 COLLATE=utf8_unicode_ci;

--
-- Dumping data for table `campaigns`
--

INSERT INTO `campaigns` (`id`, `title`, `start_date`, `end_date`, `url`, `status`, `clicks`, `created`) VALUES
(1, 'Test', NULL, NULL, 'http://immiyami.mylap/pages/article-view?page_id=UK-and-New-Zealand-expand-working-holiday-visas-1', '1', 2, '2023-01-17 16:44:12');

-- --------------------------------------------------------

--
-- Table structure for table `categories`
--

DROP TABLE IF EXISTS `categories`;
CREATE TABLE IF NOT EXISTS `categories` (
  `id` bigint(20) NOT NULL AUTO_INCREMENT,
  `name` varchar(255) COLLATE utf8_unicode_ci DEFAULT NULL,
  `created` timestamp NOT NULL DEFAULT CURRENT_TIMESTAMP,
  PRIMARY KEY (`id`)
) ENGINE=InnoDB AUTO_INCREMENT=4 DEFAULT CHARSET=utf8 COLLATE=utf8_unicode_ci;

--
-- Dumping data for table `categories`
--

INSERT INTO `categories` (`id`, `name`, `created`) VALUES
(1, 'IELTS', '2022-08-08 16:15:14'),
(2, '123', '2023-01-16 09:13:02'),
(3, '456', '2023-01-16 09:13:02');

-- --------------------------------------------------------

--
-- Table structure for table `controller_func`
--

DROP TABLE IF EXISTS `controller_func`;
CREATE TABLE IF NOT EXISTS `controller_func` (
  `id` bigint(20) NOT NULL AUTO_INCREMENT,
  `controller` varchar(255) DEFAULT NULL,
  `func` varchar(255) DEFAULT NULL,
  `created` timestamp NULL DEFAULT CURRENT_TIMESTAMP,
  PRIMARY KEY (`id`)
) ENGINE=InnoDB AUTO_INCREMENT=132 DEFAULT CHARSET=latin1;

--
-- Dumping data for table `controller_func`
--

INSERT INTO `controller_func` (`id`, `controller`, `func`, `created`) VALUES
(1, 'Users', '*', '2022-08-16 12:07:32'),
(2, 'Users', 'index', '2022-08-16 12:07:32'),
(3, 'Users', 'member', '2022-08-16 12:07:32'),
(4, 'Users', 'sponsor', '2022-08-16 12:07:32'),
(5, 'Users', 'supplier', '2022-08-16 12:07:32'),
(6, 'Users', 'add', '2022-08-16 12:07:32'),
(7, 'Users', 'addMember', '2022-08-16 12:07:32'),
(8, 'Users', 'addSponsor', '2022-08-16 12:07:32'),
(9, 'Users', 'addSupplier', '2022-08-16 12:07:32'),
(10, 'Users', 'changestatusmember', '2022-08-16 12:07:32'),
(11, 'Users', 'changestatussupplier', '2022-08-16 12:07:32'),
(12, 'Users', 'edit', '2022-08-16 12:07:32'),
(13, 'Users', 'editMember', '2022-08-16 12:07:32'),
(14, 'Users', 'editSponsor', '2022-08-16 12:07:32'),
(15, 'Users', 'editSupplier', '2022-08-16 12:07:32'),
(16, 'Users', 'delete', '2022-08-16 12:07:32'),
(17, 'Users', 'multiAction', '2022-08-16 12:07:32'),
(18, 'Users', 'view', '2022-08-16 12:07:32'),
(19, 'Access', '*', '2022-08-16 12:07:32'),
(20, 'Access', 'index', '2022-08-16 12:07:32'),
(21, 'Access', 'add', '2022-08-16 12:07:32'),
(22, 'Access', 'edit', '2022-08-16 12:07:32'),
(23, 'Access', 'delete', '2022-08-16 12:07:32'),
(24, 'Access', 'multiAction', '2022-08-16 12:07:32'),
(25, 'Access', 'view', '2022-08-16 12:07:32'),
(26, 'Articles', '*', '2022-08-16 12:07:32'),
(27, 'Articles', 'index', '2022-08-16 12:07:32'),
(28, 'Articles', 'add', '2022-08-16 12:07:32'),
(29, 'Articles', 'edit', '2022-08-16 12:07:32'),
(30, 'Articles', 'delete', '2022-08-16 12:07:32'),
(31, 'Articles', 'multiAction', '2022-08-16 12:07:32'),
(32, 'Articles', 'view', '2022-08-16 12:07:32'),
(33, 'Banners', '*', '2022-08-16 12:07:32'),
(34, 'Banners', 'index', '2022-08-16 12:07:32'),
(35, 'Banners', 'changestatus', '2022-08-16 12:07:32'),
(36, 'Banners', 'add', '2022-08-16 12:07:32'),
(37, 'Banners', 'edit', '2022-08-16 12:07:32'),
(38, 'Banners', 'delete', '2022-08-16 12:07:32'),
(39, 'Banners', 'multiAction', '2022-08-16 12:07:32'),
(40, 'Banners', 'view', '2022-08-16 12:07:32'),
(41, 'BannerTypes', '*', '2022-08-16 12:07:32'),
(42, 'BannerTypes', 'index', '2022-08-16 12:07:32'),
(43, 'BannerTypes', 'add', '2022-08-16 12:07:32'),
(44, 'BannerTypes', 'edit', '2022-08-16 12:07:32'),
(45, 'BannerTypes', 'delete', '2022-08-16 12:07:32'),
(46, 'BannerTypes', 'multiAction', '2022-08-16 12:07:32'),
(47, 'BannerTypes', 'view', '2022-08-16 12:07:32'),
(48, 'Categories', '*', '2022-08-16 12:07:32'),
(49, 'Categories', 'index', '2022-08-16 12:07:32'),
(50, 'Categories', 'add', '2022-08-16 12:07:32'),
(51, 'Categories', 'edit', '2022-08-16 12:07:32'),
(52, 'Categories', 'delete', '2022-08-16 12:07:32'),
(53, 'Categories', 'multiAction', '2022-08-16 12:07:32'),
(54, 'Categories', 'view', '2022-08-16 12:07:32'),
(55, 'ControllerFunc', '*', '2022-08-16 12:07:32'),
(56, 'ControllerFunc', 'index', '2022-08-16 12:07:32'),
(57, 'ControllerFunc', 'add', '2022-08-16 12:07:32'),
(58, 'ControllerFunc', 'edit', '2022-08-16 12:07:32'),
(59, 'ControllerFunc', 'delete', '2022-08-16 12:07:32'),
(60, 'ControllerFunc', 'multiAction', '2022-08-16 12:07:32'),
(61, 'ControllerFunc', 'view', '2022-08-16 12:07:32'),
(62, 'Countries', '*', '2022-08-16 12:07:32'),
(63, 'Countries', 'index', '2022-08-16 12:07:32'),
(64, 'Countries', 'add', '2022-08-16 12:07:32'),
(65, 'Countries', 'edit', '2022-08-16 12:07:32'),
(66, 'Countries', 'delete', '2022-08-16 12:07:32'),
(67, 'Countries', 'multiAction', '2022-08-16 12:07:32'),
(68, 'Countries', 'view', '2022-08-16 12:07:32'),
(69, 'Coupons', '*', '2022-08-16 12:07:32'),
(70, 'Coupons', 'index', '2022-08-16 12:07:32'),
(71, 'Coupons', 'add', '2022-08-16 12:07:32'),
(72, 'Coupons', 'edit', '2022-08-16 12:07:32'),
(73, 'Coupons', 'delete', '2022-08-16 12:07:32'),
(74, 'Coupons', 'multiAction', '2022-08-16 12:07:32'),
(75, 'Coupons', 'view', '2022-08-16 12:07:32'),
(76, 'Galleries', '*', '2022-08-16 12:07:32'),
(77, 'Galleries', 'index', '2022-08-16 12:07:32'),
(78, 'Galleries', 'add', '2022-08-16 12:07:32'),
(79, 'Galleries', 'edit', '2022-08-16 12:07:32'),
(80, 'Galleries', 'delete', '2022-08-16 12:07:32'),
(81, 'Galleries', 'multiAction', '2022-08-16 12:07:32'),
(82, 'Galleries', 'view', '2022-08-16 12:07:32'),
(83, 'Payments', '*', '2022-08-16 12:07:32'),
(84, 'Payments', 'index', '2022-08-16 12:07:32'),
(85, 'Payments', 'add', '2022-08-16 12:07:32'),
(86, 'Payments', 'edit', '2022-08-16 12:07:32'),
(87, 'Payments', 'delete', '2022-08-16 12:07:32'),
(88, 'Payments', 'multiAction', '2022-08-16 12:07:32'),
(89, 'Payments', 'view', '2022-08-16 12:07:32'),
(90, 'PostImages', '*', '2022-08-16 12:07:32'),
(91, 'PostImages', 'index', '2022-08-16 12:07:32'),
(92, 'PostImages', 'add', '2022-08-16 12:07:32'),
(93, 'PostImages', 'edit', '2022-08-16 12:07:32'),
(94, 'PostImages', 'delete', '2022-08-16 12:07:32'),
(95, 'PostImages', 'multiAction', '2022-08-16 12:07:32'),
(96, 'PostImages', 'view', '2022-08-16 12:07:32'),
(97, 'Posts', '*', '2022-08-16 12:07:32'),
(98, 'Posts', 'index', '2022-08-16 12:07:32'),
(99, 'Posts', 'add', '2022-08-16 12:07:32'),
(100, 'Posts', 'edit', '2022-08-16 12:07:32'),
(101, 'Posts', 'delete', '2022-08-16 12:07:32'),
(102, 'Posts', 'multiAction', '2022-08-16 12:07:32'),
(103, 'Posts', 'view', '2022-08-16 12:07:32'),
(104, 'PreferredCountries', '*', '2022-08-16 12:07:32'),
(105, 'PreferredCountries', 'index', '2022-08-16 12:07:32'),
(106, 'PreferredCountries', 'add', '2022-08-16 12:07:32'),
(107, 'PreferredCountries', 'edit', '2022-08-16 12:07:32'),
(108, 'PreferredCountries', 'delete', '2022-08-16 12:07:32'),
(109, 'PreferredCountries', 'multiAction', '2022-08-16 12:07:32'),
(110, 'PreferredCountries', 'view', '2022-08-16 12:07:32'),
(111, 'Settings', '*', '2022-08-16 12:07:32'),
(112, 'Settings', 'index', '2022-08-16 12:07:32'),
(113, 'Settings', 'add', '2022-08-16 12:07:32'),
(114, 'Settings', 'edit', '2022-08-16 12:07:32'),
(115, 'Settings', 'delete', '2022-08-16 12:07:32'),
(116, 'Settings', 'multiAction', '2022-08-16 12:07:32'),
(117, 'Settings', 'view', '2022-08-16 12:07:32'),
(118, 'Subscriptions', '*', '2022-08-16 12:07:32'),
(119, 'Subscriptions', 'index', '2022-08-16 12:07:32'),
(120, 'Subscriptions', 'add', '2022-08-16 12:07:32'),
(121, 'Subscriptions', 'edit', '2022-08-16 12:07:32'),
(122, 'Subscriptions', 'delete', '2022-08-16 12:07:32'),
(123, 'Subscriptions', 'multiAction', '2022-08-16 12:07:32'),
(124, 'Subscriptions', 'view', '2022-08-16 12:07:32'),
(125, 'Videos', '*', '2022-08-16 12:07:32'),
(126, 'Videos', 'index', '2022-08-16 12:07:32'),
(127, 'Videos', 'add', '2022-08-16 12:07:32'),
(128, 'Videos', 'edit', '2022-08-16 12:07:32'),
(129, 'Videos', 'delete', '2022-08-16 12:07:32'),
(130, 'Videos', 'multiAction', '2022-08-16 12:07:32'),
(131, 'Videos', 'view', '2022-08-16 12:07:32');

-- --------------------------------------------------------

--
-- Table structure for table `countries`
--

DROP TABLE IF EXISTS `countries`;
CREATE TABLE IF NOT EXISTS `countries` (
  `id` bigint(20) NOT NULL AUTO_INCREMENT,
  `name` varchar(255) COLLATE utf8_unicode_ci DEFAULT NULL,
  `phone_code` varchar(10) COLLATE utf8_unicode_ci DEFAULT NULL,
  `created` timestamp NOT NULL DEFAULT CURRENT_TIMESTAMP,
  PRIMARY KEY (`id`)
) ENGINE=InnoDB AUTO_INCREMENT=3 DEFAULT CHARSET=utf8 COLLATE=utf8_unicode_ci;

--
-- Dumping data for table `countries`
--

INSERT INTO `countries` (`id`, `name`, `phone_code`, `created`) VALUES
(1, 'Srl Lanka', NULL, '2022-08-08 16:14:09'),
(2, 'adminUser', NULL, '2023-02-22 20:22:56');

-- --------------------------------------------------------

--
-- Table structure for table `coupons`
--

DROP TABLE IF EXISTS `coupons`;
CREATE TABLE IF NOT EXISTS `coupons` (
  `id` bigint(20) NOT NULL AUTO_INCREMENT,
  `name` varchar(255) COLLATE utf8_unicode_ci DEFAULT NULL,
  `code` varchar(255) COLLATE utf8_unicode_ci DEFAULT NULL,
  `price` decimal(12,2) DEFAULT NULL,
  `start_date` date DEFAULT NULL,
  `end_date` date DEFAULT NULL,
  `status` enum('0','1') COLLATE utf8_unicode_ci NOT NULL DEFAULT '0',
  `limitation` bigint(20) DEFAULT '1',
  `created` timestamp NOT NULL DEFAULT CURRENT_TIMESTAMP,
  PRIMARY KEY (`id`)
) ENGINE=InnoDB AUTO_INCREMENT=2 DEFAULT CHARSET=utf8 COLLATE=utf8_unicode_ci;

--
-- Dumping data for table `coupons`
--

INSERT INTO `coupons` (`id`, `name`, `code`, `price`, `start_date`, `end_date`, `status`, `limitation`, `created`) VALUES
(1, 'Test', '230101', '5.00', '2023-01-15', '2023-01-24', '1', 1, '2023-01-16 11:52:09');

-- --------------------------------------------------------

--
-- Table structure for table `discussions`
--

DROP TABLE IF EXISTS `discussions`;
CREATE TABLE IF NOT EXISTS `discussions` (
  `id` bigint(20) NOT NULL AUTO_INCREMENT,
  `supplier_id` bigint(20) DEFAULT NULL,
  `member_id` bigint(20) DEFAULT NULL,
  `date` timestamp NOT NULL DEFAULT CURRENT_TIMESTAMP,
  `description` text COLLATE utf8_unicode_ci,
  `created` timestamp NOT NULL DEFAULT CURRENT_TIMESTAMP,
  PRIMARY KEY (`id`),
  KEY `fk_supplier` (`supplier_id`),
  KEY `fk_member` (`member_id`)
) ENGINE=InnoDB DEFAULT CHARSET=utf8 COLLATE=utf8_unicode_ci;

-- --------------------------------------------------------

--
-- Table structure for table `elastic_activity_logger_phinxlog`
--

DROP TABLE IF EXISTS `elastic_activity_logger_phinxlog`;
CREATE TABLE IF NOT EXISTS `elastic_activity_logger_phinxlog` (
  `version` bigint(20) NOT NULL,
  `migration_name` varchar(100) DEFAULT NULL,
  `start_time` timestamp NULL DEFAULT NULL,
  `end_time` timestamp NULL DEFAULT NULL,
  `breakpoint` tinyint(1) NOT NULL DEFAULT '0',
  PRIMARY KEY (`version`)
) ENGINE=InnoDB DEFAULT CHARSET=utf8;

--
-- Dumping data for table `elastic_activity_logger_phinxlog`
--

INSERT INTO `elastic_activity_logger_phinxlog` (`version`, `migration_name`, `start_time`, `end_time`, `breakpoint`) VALUES
(20160527115807, 'CreateActivityLogs', '2022-08-04 08:48:53', '2022-08-04 08:48:53', 0),
(20180905135501, 'ChangeEncodings', '2022-08-04 08:48:53', '2022-08-04 08:48:53', 0),
(20190122155101, 'IncreaseIdFieldsLength', '2022-08-04 08:48:53', '2022-08-04 08:48:53', 0),
(20210325152201, 'IncreaseModelFieldsLength', '2022-08-04 08:48:53', '2022-08-04 08:48:53', 0);

-- --------------------------------------------------------

--
-- Table structure for table `galleries`
--

DROP TABLE IF EXISTS `galleries`;
CREATE TABLE IF NOT EXISTS `galleries` (
  `id` bigint(20) NOT NULL AUTO_INCREMENT,
  `title` varchar(255) COLLATE utf8_unicode_ci DEFAULT NULL,
  `photo` varchar(255) COLLATE utf8_unicode_ci DEFAULT NULL,
  `photo_dir` varchar(255) COLLATE utf8_unicode_ci DEFAULT NULL,
  `status` enum('0','1') COLLATE utf8_unicode_ci NOT NULL DEFAULT '0',
  `user_id` bigint(20) DEFAULT NULL,
  `created` timestamp NOT NULL DEFAULT CURRENT_TIMESTAMP,
  PRIMARY KEY (`id`),
  KEY `fk_galery_user_id` (`user_id`)
) ENGINE=InnoDB DEFAULT CHARSET=utf8 COLLATE=utf8_unicode_ci;

-- --------------------------------------------------------

--
-- Table structure for table `helps`
--

DROP TABLE IF EXISTS `helps`;
CREATE TABLE IF NOT EXISTS `helps` (
  `id` bigint(20) NOT NULL AUTO_INCREMENT,
  `title` varchar(255) COLLATE utf8_unicode_ci DEFAULT NULL,
  `description` text COLLATE utf8_unicode_ci,
  `status` enum('0','1') COLLATE utf8_unicode_ci NOT NULL DEFAULT '1',
  `created` timestamp NOT NULL DEFAULT CURRENT_TIMESTAMP,
  PRIMARY KEY (`id`)
) ENGINE=MyISAM AUTO_INCREMENT=2 DEFAULT CHARSET=utf8 COLLATE=utf8_unicode_ci;

--
-- Dumping data for table `helps`
--

INSERT INTO `helps` (`id`, `title`, `description`, `status`, `created`) VALUES
(1, 'Test', '<p>Test</p>', '1', '2022-09-24 15:18:07');

-- --------------------------------------------------------

--
-- Table structure for table `payments`
--

DROP TABLE IF EXISTS `payments`;
CREATE TABLE IF NOT EXISTS `payments` (
  `id` bigint(20) NOT NULL AUTO_INCREMENT,
  `title` varchar(255) COLLATE utf8_unicode_ci DEFAULT NULL,
  `price` decimal(12,2) DEFAULT NULL,
  `payment_date` datetime DEFAULT NULL,
  `type` enum('member','sponsor') COLLATE utf8_unicode_ci NOT NULL DEFAULT 'member',
  `package` enum('free','gold','platinum') COLLATE utf8_unicode_ci NOT NULL DEFAULT 'free',
  `status` enum('0','1') COLLATE utf8_unicode_ci NOT NULL DEFAULT '0',
  `payment_status` varchar(255) COLLATE utf8_unicode_ci DEFAULT 'pending',
  `payment_currency` varchar(255) COLLATE utf8_unicode_ci DEFAULT NULL,
  `txn_id` varchar(255) COLLATE utf8_unicode_ci DEFAULT NULL,
  `custom` text COLLATE utf8_unicode_ci,
  `user_id` bigint(20) DEFAULT NULL,
  `created` timestamp NOT NULL DEFAULT CURRENT_TIMESTAMP,
  PRIMARY KEY (`id`),
  KEY `fk_paymt_user_id` (`user_id`)
) ENGINE=InnoDB AUTO_INCREMENT=29 DEFAULT CHARSET=utf8 COLLATE=utf8_unicode_ci;

--
-- Dumping data for table `payments`
--

INSERT INTO `payments` (`id`, `title`, `price`, `payment_date`, `type`, `package`, `status`, `payment_status`, `payment_currency`, `txn_id`, `custom`, `user_id`, `created`) VALUES
(2, 'Registation payment of Shaluka ', '0.00', '2022-11-15 10:56:36', 'member', 'free', '1', 'approved', 'USD', 'PAYIDUP2022Nov2', NULL, 2, '2022-08-16 10:34:02'),
(17, 'Upgraded free to gold', '8.99', '2022-11-16 13:59:56', 'member', 'gold', '1', 'approved', 'USD', 'PAYIDUP202211162', NULL, 2, '2022-11-16 13:59:56'),
(26, 'Upgraded gold to platinum', '13.99', '2023-01-16 13:19:31', 'member', 'platinum', '0', 'pending', 'USD', 'PAYIDUP2023011618', NULL, 2, '2023-01-16 13:19:31'),
(27, 'Upgraded platinum to platinum', '13.99', '2023-01-16 13:22:49', 'member', 'platinum', '0', 'pending', 'USD', 'PAYIDUP2023011627', NULL, 2, '2023-01-16 13:22:49'),
(28, 'Test', '50.00', '2023-02-22 16:28:54', 'sponsor', 'free', '0', 'pending', 'USD', 'PAYID2023022228', NULL, 18, '2023-01-17 10:11:39');

-- --------------------------------------------------------

--
-- Table structure for table `posts`
--

DROP TABLE IF EXISTS `posts`;
CREATE TABLE IF NOT EXISTS `posts` (
  `id` bigint(20) NOT NULL AUTO_INCREMENT,
  `title` varchar(255) COLLATE utf8_unicode_ci DEFAULT NULL,
  `short_description` text COLLATE utf8_unicode_ci,
  `description` text COLLATE utf8_unicode_ci,
  `photo` varchar(255) COLLATE utf8_unicode_ci DEFAULT NULL,
  `photo_dir` varchar(255) COLLATE utf8_unicode_ci DEFAULT NULL,
  `url` varchar(255) COLLATE utf8_unicode_ci DEFAULT NULL,
  `status` enum('0','1') COLLATE utf8_unicode_ci NOT NULL DEFAULT '0',
  `clicks` bigint(20) DEFAULT NULL,
  `user_id` bigint(20) DEFAULT NULL,
  `created` timestamp NOT NULL DEFAULT CURRENT_TIMESTAMP,
  PRIMARY KEY (`id`),
  KEY `fk_post_user_id` (`user_id`)
) ENGINE=InnoDB AUTO_INCREMENT=19 DEFAULT CHARSET=utf8 COLLATE=utf8_unicode_ci;

--
-- Dumping data for table `posts`
--

INSERT INTO `posts` (`id`, `title`, `short_description`, `description`, `photo`, `photo_dir`, `url`, `status`, `clicks`, `user_id`, `created`) VALUES
(1, 'Test title details 1', 'Test 1', 'Test 1', '499246.jpg', '47a47b67-d6bf-42bc-a418-75140689819b', 'Test 1', '1', 10, 2, '2022-09-17 12:41:16'),
(6, 'Test title details 6', 'Test 6', 'Test 6', '499246.jpg', 'ed8254ea-e9a3-49fd-811d-c05667df73c9', 'Test 6', '0', NULL, 2, '2022-09-17 12:50:34'),
(7, 'Test title details 7', 'Test 7', 'Test 7', '499246.jpg', '066eed07-b7ac-4c1d-a2f6-9bb8b55767df', 'Test 7', '0', 3, 2, '2022-09-17 12:51:51'),
(8, 'test', 'rer', 'erf', 'beautify.jpg', '7b213074-6d6a-4e54-a6c6-b470ccf16936', '/list-posts', '1', 2, 6, '2022-12-14 15:17:46'),
(9, 'Test 2', 'ascas', 'asca', 'beautify.jpg', '9c16c620-4774-4efe-b706-94f28db78194', 'https://google.com/', '0', NULL, 6, '2022-12-16 15:36:18'),
(15, 'asaas 222', 'asasc', 'asc', 'beautify.jpg', '9c16c620-4774-4efe-b706-94f28db78194', 'https://vimeo.com/75876635', '0', NULL, 6, '2023-01-16 14:36:32'),
(16, 'acasc', 'acsas', 'asc', NULL, NULL, '/list-posts', '0', NULL, 6, '2023-01-16 14:44:16'),
(17, 'asc', 'asc', 'csa', NULL, NULL, '/list-posts', '0', 1, 6, '2023-01-16 15:40:00'),
(18, 'Test Ag', 'Tst', 'Test', 'Facebook-Ads.jpg', '612a171d-e775-408e-b09c-5d71ee271604', 'https://vimeo.com/75876635', '1', NULL, 6, '2023-02-22 11:33:59');

-- --------------------------------------------------------

--
-- Table structure for table `posts_categories`
--

DROP TABLE IF EXISTS `posts_categories`;
CREATE TABLE IF NOT EXISTS `posts_categories` (
  `id` bigint(20) NOT NULL AUTO_INCREMENT,
  `post_id` bigint(20) DEFAULT NULL,
  `category_id` bigint(20) DEFAULT NULL,
  PRIMARY KEY (`id`),
  KEY `fk_category_p` (`category_id`),
  KEY `fk_post_p` (`post_id`)
) ENGINE=InnoDB AUTO_INCREMENT=19 DEFAULT CHARSET=utf8 COLLATE=utf8_unicode_ci;

--
-- Dumping data for table `posts_categories`
--

INSERT INTO `posts_categories` (`id`, `post_id`, `category_id`) VALUES
(3, 15, 1),
(12, 1, 1),
(13, 1, 3),
(16, 17, 1),
(17, 17, 3),
(18, 18, 1);

-- --------------------------------------------------------

--
-- Table structure for table `post_images`
--

DROP TABLE IF EXISTS `post_images`;
CREATE TABLE IF NOT EXISTS `post_images` (
  `id` bigint(20) NOT NULL AUTO_INCREMENT,
  `photo` varchar(255) COLLATE utf8_unicode_ci DEFAULT NULL,
  `photo_dir` varchar(255) COLLATE utf8_unicode_ci DEFAULT NULL,
  `post_id` bigint(20) DEFAULT NULL,
  `created` timestamp NOT NULL DEFAULT CURRENT_TIMESTAMP,
  PRIMARY KEY (`id`)
) ENGINE=InnoDB AUTO_INCREMENT=11 DEFAULT CHARSET=utf8 COLLATE=utf8_unicode_ci;

--
-- Dumping data for table `post_images`
--

INSERT INTO `post_images` (`id`, `photo`, `photo_dir`, `post_id`, `created`) VALUES
(1, '499246.jpg', '4e23b00a-891b-43bc-9cce-ef4211cdd4c3', NULL, '2022-09-17 12:50:35'),
(2, 'Capture.PNG', '1f319998-9102-469c-bfd6-73baca09abe4', NULL, '2022-09-17 12:50:35'),
(3, 'Capture2.PNG', 'd51da4b3-b59c-47c0-8d0c-9f5290f7f771', NULL, '2022-09-17 12:50:36'),
(4, '499246.jpg', '53c9cf25-ce62-4ae6-a682-5ff95ff24396', 7, '2022-09-17 12:51:52'),
(5, 'Capture.PNG', 'ed227e07-b9bc-4c7b-bd79-37e072d9a062', 7, '2022-09-17 12:51:53'),
(6, 'Capture2.PNG', 'f55b9678-edee-455b-8d43-d8591df84824', 7, '2022-09-17 12:51:53'),
(7, 'charted.jpg', 'bcf01a24-0b31-428e-94b6-ed8e47b561f7', 8, '2022-12-14 15:17:47'),
(8, 'charted.jpg', '4fd693d4-7211-42d4-b8b9-a1c2f2948754', 9, '2022-12-16 15:36:18'),
(9, 'Brand Logo.png', '81a9b104-a3d9-43e7-8a20-0a55aa874f79', 18, '2023-02-22 11:34:00'),
(10, 'Facebook-Ads.jpg', '26c8f81d-cc08-4014-bd2c-7a98e7a20d1d', 18, '2023-02-22 11:34:01');

-- --------------------------------------------------------

--
-- Table structure for table `preferred_countries`
--

DROP TABLE IF EXISTS `preferred_countries`;
CREATE TABLE IF NOT EXISTS `preferred_countries` (
  `id` bigint(20) NOT NULL AUTO_INCREMENT,
  `name` varchar(255) COLLATE utf8_unicode_ci DEFAULT NULL,
  `created` timestamp NOT NULL DEFAULT CURRENT_TIMESTAMP,
  PRIMARY KEY (`id`)
) ENGINE=InnoDB AUTO_INCREMENT=2 DEFAULT CHARSET=utf8 COLLATE=utf8_unicode_ci;

--
-- Dumping data for table `preferred_countries`
--

INSERT INTO `preferred_countries` (`id`, `name`, `created`) VALUES
(1, 'India', '2022-08-08 16:14:28');

-- --------------------------------------------------------

--
-- Table structure for table `queue_submissions`
--

DROP TABLE IF EXISTS `queue_submissions`;
CREATE TABLE IF NOT EXISTS `queue_submissions` (
  `id` bigint(20) NOT NULL AUTO_INCREMENT,
  `message` text COLLATE utf8_unicode_ci,
  `member_id` bigint(20) DEFAULT NULL,
  `supplier_id` bigint(20) DEFAULT NULL,
  `created` timestamp NOT NULL DEFAULT CURRENT_TIMESTAMP,
  PRIMARY KEY (`id`),
  KEY `fkmembq` (`member_id`),
  KEY `fksupbq` (`supplier_id`)
) ENGINE=InnoDB AUTO_INCREMENT=15 DEFAULT CHARSET=utf8 COLLATE=utf8_unicode_ci;

--
-- Dumping data for table `queue_submissions`
--

INSERT INTO `queue_submissions` (`id`, `message`, `member_id`, `supplier_id`, `created`) VALUES
(1, '123', 2, 6, '2022-11-18 12:31:23'),
(3, '', 2, 17, '2022-11-18 13:24:24'),
(10, 'dsscs', 2, 17, '2022-11-18 14:01:04'),
(11, 'ssa', 2, 6, '2022-11-18 14:01:12'),
(12, 'asxa', 2, 17, '2022-11-18 14:01:18'),
(13, 'Test', 2, 6, '2022-11-18 14:09:35'),
(14, 'Test', 2, 17, '2022-11-18 14:14:08');

-- --------------------------------------------------------

--
-- Table structure for table `settings`
--

DROP TABLE IF EXISTS `settings`;
CREATE TABLE IF NOT EXISTS `settings` (
  `id` bigint(20) NOT NULL AUTO_INCREMENT,
  `name` varchar(255) COLLATE utf8_unicode_ci DEFAULT NULL,
  `key_value` varchar(255) COLLATE utf8_unicode_ci DEFAULT NULL,
  `value` varchar(255) COLLATE utf8_unicode_ci DEFAULT NULL,
  `created` timestamp NOT NULL DEFAULT CURRENT_TIMESTAMP,
  PRIMARY KEY (`id`)
) ENGINE=InnoDB AUTO_INCREMENT=9 DEFAULT CHARSET=utf8 COLLATE=utf8_unicode_ci;

--
-- Dumping data for table `settings`
--

INSERT INTO `settings` (`id`, `name`, `key_value`, `value`, `created`) VALUES
(3, 'Right bottom ad slider time (milliseconds)', 'right-bottom-ad-slider', '5000', '2022-08-10 11:33:01'),
(4, 'Right top ad slider time (milliseconds)', 'right-top-ad-slider', '4000', '2022-08-10 11:33:28'),
(5, 'Left bottom ad slider time (milliseconds)', 'left-bottom-ad-slider', '5000', '2022-08-10 11:33:57'),
(6, 'Left top ad slider time (milliseconds)', 'left-top-ad-slider', '4000', '2022-08-10 11:34:16'),
(7, 'Top ad slider time (milliseconds)', 'top-ad-slider', '5000', '2022-08-10 11:34:46'),
(8, 'Advertisements Creation Duration (Minutes)', 'ad_create_due_min', '60', '2023-01-16 16:05:32');

-- --------------------------------------------------------

--
-- Table structure for table `subscriptions`
--

DROP TABLE IF EXISTS `subscriptions`;
CREATE TABLE IF NOT EXISTS `subscriptions` (
  `id` bigint(20) NOT NULL AUTO_INCREMENT,
  `email` varchar(255) COLLATE utf8_unicode_ci DEFAULT NULL,
  `status` enum('0','1') COLLATE utf8_unicode_ci NOT NULL DEFAULT '1',
  `created` timestamp NOT NULL DEFAULT CURRENT_TIMESTAMP,
  PRIMARY KEY (`id`)
) ENGINE=InnoDB DEFAULT CHARSET=utf8 COLLATE=utf8_unicode_ci;

-- --------------------------------------------------------

--
-- Table structure for table `users`
--

DROP TABLE IF EXISTS `users`;
CREATE TABLE IF NOT EXISTS `users` (
  `id` bigint(20) NOT NULL AUTO_INCREMENT,
  `first_name` varchar(255) COLLATE utf8_unicode_ci DEFAULT NULL,
  `last_name` varchar(255) COLLATE utf8_unicode_ci DEFAULT NULL,
  `email` varchar(255) COLLATE utf8_unicode_ci DEFAULT NULL,
  `password` varchar(255) COLLATE utf8_unicode_ci DEFAULT NULL,
  `bio` text COLLATE utf8_unicode_ci,
  `contact` varchar(255) COLLATE utf8_unicode_ci DEFAULT NULL,
  `photo` varchar(255) COLLATE utf8_unicode_ci DEFAULT NULL,
  `photo_dir` varchar(255) COLLATE utf8_unicode_ci DEFAULT NULL,
  `last_login` datetime DEFAULT NULL,
  `password_reset_token` varchar(255) COLLATE utf8_unicode_ci DEFAULT NULL,
  `company_name` varchar(255) COLLATE utf8_unicode_ci DEFAULT NULL,
  `status` enum('0','1') COLLATE utf8_unicode_ci NOT NULL DEFAULT '0',
  `q` enum('0','1') COLLATE utf8_unicode_ci NOT NULL DEFAULT '0',
  `q_active` enum('0','1') COLLATE utf8_unicode_ci NOT NULL DEFAULT '0',
  `qm` enum('0','1') COLLATE utf8_unicode_ci NOT NULL DEFAULT '0',
  `sup_p` enum('0','1') COLLATE utf8_unicode_ci NOT NULL DEFAULT '0',
  `role` enum('superuser','admin','user','member','supplier','sponsor') COLLATE utf8_unicode_ci NOT NULL DEFAULT 'member',
  `category_id` bigint(20) DEFAULT NULL,
  `country_id` bigint(20) DEFAULT NULL,
  `preferred_country_id` bigint(20) DEFAULT NULL,
  `coupon_id` bigint(20) DEFAULT NULL,
  `created` timestamp NOT NULL DEFAULT CURRENT_TIMESTAMP,
  PRIMARY KEY (`id`),
  KEY `fk_category` (`category_id`),
  KEY `fk_coupon` (`coupon_id`),
  KEY `fk_country` (`country_id`),
  KEY `fk_preferred_countries_id` (`preferred_country_id`)
) ENGINE=InnoDB AUTO_INCREMENT=20 DEFAULT CHARSET=utf8 COLLATE=utf8_unicode_ci;

--
-- Dumping data for table `users`
--

INSERT INTO `users` (`id`, `first_name`, `last_name`, `email`, `password`, `bio`, `contact`, `photo`, `photo_dir`, `last_login`, `password_reset_token`, `company_name`, `status`, `q`, `q_active`, `qm`, `sup_p`, `role`, `category_id`, `country_id`, `preferred_country_id`, `coupon_id`, `created`) VALUES
(1, 'Shaluka', NULL, 'admin@gmail.com', '$2y$10$JjWqMiYp5fq00DEtYp9tQOfvjfsPsLhRdQmUXxMiWJr84220kGMze', '<p>123</p>', '', '', '', NULL, '', '', '1', '0', '0', '0', '0', 'superuser', NULL, NULL, NULL, NULL, '2022-07-26 05:30:31'),
(2, 'Shaluka', 'Samaranayaka2', 'Shaluws95@gmail.com', '$2y$10$I9Kd2qNyUyUw5M2wUHSPTuuOYuKqgM/sWBHIpAu5Sglb8JLBl.Q92', '<p>Test</p>', '+706770111', 'ss.jpg', 'b7a3d461-4d45-4eaa-89ea-47b4a8fdbd38', NULL, NULL, 'conscience', '1', '0', '0', '1', '0', 'member', 1, 1, 1, 1, '2022-08-15 08:16:40'),
(6, 'Shaluka', '123456lk2', 's.eyes.lk@gmail.com', '$2y$10$qg7FH2hF43yRyziwzEp3/.HNrufaulUuKmpIheL7QM/EsfGPxqb2O', '', '+15706770000', NULL, NULL, NULL, NULL, 'conscience', '1', '1', '1', '0', '1', 'supplier', 1, 1, NULL, NULL, '2022-08-16 10:34:02'),
(17, 'Conscience', NULL, 's.eyes.lk@gmail.coms', '$2y$10$8Y2v0MfOCuqBI44YRX1rsucP7izdJRuBYOxkBHZvxgZD/OLYK2.Em', NULL, '07112312312', NULL, NULL, NULL, NULL, NULL, '1', '0', '1', '0', '0', 'supplier', NULL, 1, 1, NULL, '2022-10-31 12:49:37'),
(18, 'Conscienc', 'dd', 's.eyes.lks@gmail.com', NULL, '', '0719342678', NULL, NULL, NULL, NULL, 'conscience', '1', '0', '0', '0', '0', 'sponsor', NULL, NULL, NULL, NULL, '2023-01-17 10:10:58'),
(19, 'Shaluka', 'Samaranayaka', 'Shaluws9s5@gmail.com', '$2y$10$3X2WDxMBPYFurr.rYCA.d.xLFJVbkMlse7I8NEci0ssRmaKvQDQiG', NULL, '+94719342678', NULL, NULL, NULL, NULL, NULL, '1', '0', '0', '0', '0', 'admin', NULL, NULL, NULL, NULL, '2023-02-22 14:24:53');

-- --------------------------------------------------------

--
-- Table structure for table `user_logs`
--

DROP TABLE IF EXISTS `user_logs`;
CREATE TABLE IF NOT EXISTS `user_logs` (
  `id` int(11) NOT NULL AUTO_INCREMENT,
  `user_id` int(11) DEFAULT NULL,
  `action` varchar(255) DEFAULT NULL,
  `useragent` varchar(256) DEFAULT NULL,
  `os` varchar(255) DEFAULT NULL,
  `ip` varchar(50) DEFAULT NULL,
  `host` varchar(255) DEFAULT NULL,
  `referrer` varchar(255) DEFAULT NULL,
  `status` int(1) DEFAULT '1',
  `created` datetime DEFAULT NULL,
  `modified` datetime DEFAULT NULL,
  PRIMARY KEY (`id`)
) ENGINE=MyISAM AUTO_INCREMENT=268 DEFAULT CHARSET=utf8;

--
-- Dumping data for table `user_logs`
--

INSERT INTO `user_logs` (`id`, `user_id`, `action`, `useragent`, `os`, `ip`, `host`, `referrer`, `status`, `created`, `modified`) VALUES
(1, 1, 'Login', 'Mozilla/5.0 (Windows NT 10.0; Win64; x64) AppleWebKit/537.36 (KHTML, like Gecko) Chrome/104.0.0.0 Safari/537.36', 'build 19043 (Windows 10)', '::1', 'Shaluka-Samaranayaka', NULL, 1, '2022-08-28 15:47:20', '2022-08-28 15:47:20'),
(2, 1, 'Login', 'Mozilla/5.0 (Windows NT 10.0; Win64; x64) AppleWebKit/537.36 (KHTML, like Gecko) Chrome/104.0.0.0 Safari/537.36', 'build 19043 (Windows 10)', '::1', 'Shaluka-Samaranayaka', NULL, 1, '2022-08-30 12:01:25', '2022-08-30 12:01:25'),
(3, 1, 'Logout', 'Mozilla/5.0 (Windows NT 10.0; Win64; x64) AppleWebKit/537.36 (KHTML, like Gecko) Chrome/104.0.0.0 Safari/537.36', 'build 19043 (Windows 10)', '::1', 'Shaluka-Samaranayaka', 'http://immiyami.mylap/Countries', 1, '2022-08-30 12:21:24', '2022-08-30 12:21:24'),
(4, 1, 'Login', 'Mozilla/5.0 (Windows NT 10.0; Win64; x64) AppleWebKit/537.36 (KHTML, like Gecko) Chrome/104.0.0.0 Safari/537.36', 'build 19043 (Windows 10)', '::1', 'Shaluka-Samaranayaka', NULL, 1, '2022-08-31 10:40:25', '2022-08-31 10:40:25'),
(5, 1, 'Logout', 'Mozilla/5.0 (Windows NT 10.0; Win64; x64) AppleWebKit/537.36 (KHTML, like Gecko) Chrome/104.0.0.0 Safari/537.36', 'build 19043 (Windows 10)', '::1', 'Shaluka-Samaranayaka', 'http://immiyami.mylap/Users/memberProfile', 1, '2022-08-31 11:15:17', '2022-08-31 11:15:17'),
(6, 1, 'Login', 'Mozilla/5.0 (Windows NT 10.0; Win64; x64) AppleWebKit/537.36 (KHTML, like Gecko) Chrome/104.0.0.0 Safari/537.36', 'build 19043 (Windows 10)', '::1', 'Shaluka-Samaranayaka', NULL, 1, '2022-08-31 11:48:27', '2022-08-31 11:48:27'),
(7, 1, 'Login', 'Mozilla/5.0 (Windows NT 10.0; Win64; x64) AppleWebKit/537.36 (KHTML, like Gecko) Chrome/104.0.0.0 Safari/537.36', 'build 19043 (Windows 10)', '::1', 'Shaluka-Samaranayaka', NULL, 1, '2022-09-04 15:15:25', '2022-09-04 15:15:25'),
(8, 1, 'Login', 'Mozilla/5.0 (Windows NT 10.0; Win64; x64) AppleWebKit/537.36 (KHTML, like Gecko) Chrome/104.0.0.0 Safari/537.36', 'build 19043 (Windows 10)', '::1', 'Shaluka-Samaranayaka', NULL, 1, '2022-09-05 14:20:16', '2022-09-05 14:20:16'),
(9, 1, 'Logout', 'Mozilla/5.0 (Windows NT 10.0; Win64; x64) AppleWebKit/537.36 (KHTML, like Gecko) Chrome/104.0.0.0 Safari/537.36', 'build 19043 (Windows 10)', '::1', 'Shaluka-Samaranayaka', 'http://immiyami.mylap/', 1, '2022-09-05 14:25:17', '2022-09-05 14:25:17'),
(10, 1, 'Login', 'Mozilla/5.0 (Windows NT 10.0; Win64; x64) AppleWebKit/537.36 (KHTML, like Gecko) Chrome/104.0.0.0 Safari/537.36', 'build 19043 (Windows 10)', '::1', 'Shaluka-Samaranayaka', NULL, 1, '2022-09-05 14:25:44', '2022-09-05 14:25:44'),
(11, 1, 'Logout', 'Mozilla/5.0 (Windows NT 10.0; Win64; x64) AppleWebKit/537.36 (KHTML, like Gecko) Chrome/104.0.0.0 Safari/537.36', 'build 19043 (Windows 10)', '::1', 'Shaluka-Samaranayaka', 'http://immiyami.mylap/Users/dashboard', 1, '2022-09-05 14:26:19', '2022-09-05 14:26:19'),
(12, 1, 'Login', 'Mozilla/5.0 (Windows NT 10.0; Win64; x64) AppleWebKit/537.36 (KHTML, like Gecko) Chrome/104.0.0.0 Safari/537.36', 'build 19043 (Windows 10)', '::1', 'Shaluka-Samaranayaka', NULL, 1, '2022-09-05 14:28:09', '2022-09-05 14:28:09'),
(13, 1, 'Login', 'Mozilla/5.0 (Windows NT 10.0; Win64; x64) AppleWebKit/537.36 (KHTML, like Gecko) Chrome/104.0.0.0 Safari/537.36', 'build 19043 (Windows 10)', '::1', 'Shaluka-Samaranayaka', NULL, 1, '2022-09-05 14:28:29', '2022-09-05 14:28:29'),
(14, 1, 'Login', 'Mozilla/5.0 (Windows NT 10.0; Win64; x64) AppleWebKit/537.36 (KHTML, like Gecko) Chrome/104.0.0.0 Safari/537.36', 'build 19043 (Windows 10)', '::1', 'Shaluka-Samaranayaka', NULL, 1, '2022-09-05 14:28:42', '2022-09-05 14:28:42'),
(15, 1, 'Logout', 'Mozilla/5.0 (Windows NT 10.0; Win64; x64) AppleWebKit/537.36 (KHTML, like Gecko) Chrome/104.0.0.0 Safari/537.36', 'build 19043 (Windows 10)', '::1', 'Shaluka-Samaranayaka', 'http://immiyami.mylap/memberProfile', 1, '2022-09-05 14:28:58', '2022-09-05 14:28:58'),
(16, 1, 'Login', 'Mozilla/5.0 (Windows NT 10.0; Win64; x64) AppleWebKit/537.36 (KHTML, like Gecko) Chrome/104.0.0.0 Safari/537.36', 'build 19043 (Windows 10)', '::1', 'Shaluka-Samaranayaka', NULL, 1, '2022-09-05 14:53:06', '2022-09-05 14:53:06'),
(17, 1, 'Logout', 'Mozilla/5.0 (Windows NT 10.0; Win64; x64) AppleWebKit/537.36 (KHTML, like Gecko) Chrome/104.0.0.0 Safari/537.36', 'build 19043 (Windows 10)', '::1', 'Shaluka-Samaranayaka', 'http://immiyami.mylap/', 1, '2022-09-05 15:02:25', '2022-09-05 15:02:25'),
(18, 1, 'Login', 'Mozilla/5.0 (Windows NT 10.0; Win64; x64) AppleWebKit/537.36 (KHTML, like Gecko) Chrome/104.0.0.0 Safari/537.36', 'build 19043 (Windows 10)', '::1', 'Shaluka-Samaranayaka', NULL, 1, '2022-09-05 15:05:06', '2022-09-05 15:05:06'),
(19, 1, 'Login', 'Mozilla/5.0 (Windows NT 10.0; Win64; x64) AppleWebKit/537.36 (KHTML, like Gecko) Chrome/104.0.0.0 Safari/537.36', 'build 19043 (Windows 10)', '::1', 'Shaluka-Samaranayaka', NULL, 1, '2022-09-07 11:30:00', '2022-09-07 11:30:00'),
(20, 1, 'Login', 'Mozilla/5.0 (Windows NT 10.0; Win64; x64) AppleWebKit/537.36 (KHTML, like Gecko) Chrome/104.0.0.0 Safari/537.36', 'build 19043 (Windows 10)', '::1', 'Shaluka-Samaranayaka', NULL, 1, '2022-09-08 12:01:17', '2022-09-08 12:01:17'),
(21, 1, 'Login', 'Mozilla/5.0 (Windows NT 10.0; Win64; x64) AppleWebKit/537.36 (KHTML, like Gecko) Chrome/104.0.0.0 Safari/537.36', 'build 19043 (Windows 10)', '::1', 'Shaluka-Samaranayaka', NULL, 1, '2022-09-08 14:27:27', '2022-09-08 14:27:27'),
(22, 1, 'Login', 'Mozilla/5.0 (Windows NT 10.0; Win64; x64) AppleWebKit/537.36 (KHTML, like Gecko) Chrome/104.0.0.0 Safari/537.36', 'build 19043 (Windows 10)', '::1', 'Shaluka-Samaranayaka', NULL, 1, '2022-09-09 16:46:15', '2022-09-09 16:46:15'),
(23, 1, 'Login', 'Mozilla/5.0 (Windows NT 10.0; Win64; x64) AppleWebKit/537.36 (KHTML, like Gecko) Chrome/105.0.0.0 Safari/537.36', 'build 19043 (Windows 10)', '::1', 'Shaluka-Samaranayaka', NULL, 1, '2022-09-12 14:13:44', '2022-09-12 14:13:44'),
(24, 1, 'Logout', 'Mozilla/5.0 (Windows NT 10.0; Win64; x64) AppleWebKit/537.36 (KHTML, like Gecko) Chrome/105.0.0.0 Safari/537.36', 'build 19043 (Windows 10)', '::1', 'Shaluka-Samaranayaka', 'http://immiyami.mylap/users/dashboard', 1, '2022-09-12 14:19:14', '2022-09-12 14:19:14'),
(25, 2, 'Login', 'Mozilla/5.0 (Windows NT 10.0; Win64; x64) AppleWebKit/537.36 (KHTML, like Gecko) Chrome/105.0.0.0 Safari/537.36', 'build 19043 (Windows 10)', '::1', 'Shaluka-Samaranayaka', NULL, 1, '2022-09-12 14:21:20', '2022-09-12 14:21:20'),
(26, 2, 'Login', 'Mozilla/5.0 (Windows NT 10.0; Win64; x64) AppleWebKit/537.36 (KHTML, like Gecko) Chrome/105.0.0.0 Safari/537.36', 'build 19043 (Windows 10)', '::1', 'Shaluka-Samaranayaka', NULL, 1, '2022-09-12 16:34:26', '2022-09-12 16:34:26'),
(27, 2, 'Logout', 'Mozilla/5.0 (Windows NT 10.0; Win64; x64) AppleWebKit/537.36 (KHTML, like Gecko) Chrome/105.0.0.0 Safari/537.36', 'build 19043 (Windows 10)', '::1', 'Shaluka-Samaranayaka', 'http://immiyami.mylap/memberProfile', 1, '2022-09-12 16:46:36', '2022-09-12 16:46:36'),
(28, 2, 'Login', 'Mozilla/5.0 (Windows NT 10.0; Win64; x64) AppleWebKit/537.36 (KHTML, like Gecko) Chrome/105.0.0.0 Safari/537.36', 'build 19043 (Windows 10)', '::1', 'Shaluka-Samaranayaka', NULL, 1, '2022-09-12 16:46:40', '2022-09-12 16:46:40'),
(29, 2, 'Login', 'Mozilla/5.0 (Windows NT 10.0; Win64; x64) AppleWebKit/537.36 (KHTML, like Gecko) Chrome/105.0.0.0 Safari/537.36', 'build 19043 (Windows 10)', '::1', 'Shaluka-Samaranayaka', NULL, 1, '2022-09-12 18:08:23', '2022-09-12 18:08:23'),
(30, 2, 'Login', 'Mozilla/5.0 (Windows NT 10.0; Win64; x64) AppleWebKit/537.36 (KHTML, like Gecko) Chrome/105.0.0.0 Safari/537.36', 'build 19043 (Windows 10)', '::1', 'Shaluka-Samaranayaka', NULL, 1, '2022-09-13 11:39:23', '2022-09-13 11:39:23'),
(31, 2, 'Logout', 'Mozilla/5.0 (Windows NT 10.0; Win64; x64) AppleWebKit/537.36 (KHTML, like Gecko) Chrome/105.0.0.0 Safari/537.36', 'build 19043 (Windows 10)', '::1', 'Shaluka-Samaranayaka', 'http://immiyami.mylap/supplierProfile', 1, '2022-09-13 12:25:03', '2022-09-13 12:25:03'),
(32, 2, 'Login', 'Mozilla/5.0 (Windows NT 10.0; Win64; x64) AppleWebKit/537.36 (KHTML, like Gecko) Chrome/105.0.0.0 Safari/537.36', 'build 19043 (Windows 10)', '::1', 'Shaluka-Samaranayaka', NULL, 1, '2022-09-13 12:25:07', '2022-09-13 12:25:07'),
(33, 2, 'Login', 'Mozilla/5.0 (Windows NT 10.0; Win64; x64) AppleWebKit/537.36 (KHTML, like Gecko) Chrome/105.0.0.0 Safari/537.36', 'build 19043 (Windows 10)', '::1', 'Shaluka-Samaranayaka', NULL, 1, '2022-09-14 13:18:11', '2022-09-14 13:18:11'),
(34, 2, 'Logout', 'Mozilla/5.0 (Windows NT 10.0; Win64; x64) AppleWebKit/537.36 (KHTML, like Gecko) Chrome/105.0.0.0 Safari/537.36', 'build 19043 (Windows 10)', '::1', 'Shaluka-Samaranayaka', 'http://immiyami.mylap/supplierProfile', 1, '2022-09-14 13:22:30', '2022-09-14 13:22:30'),
(35, 2, 'Login', 'Mozilla/5.0 (Windows NT 10.0; Win64; x64) AppleWebKit/537.36 (KHTML, like Gecko) Chrome/105.0.0.0 Safari/537.36', 'build 19043 (Windows 10)', '::1', 'Shaluka-Samaranayaka', NULL, 1, '2022-09-14 13:22:34', '2022-09-14 13:22:34'),
(36, 2, 'Logout', 'Mozilla/5.0 (Windows NT 10.0; Win64; x64) AppleWebKit/537.36 (KHTML, like Gecko) Chrome/105.0.0.0 Safari/537.36', 'build 19043 (Windows 10)', '::1', 'Shaluka-Samaranayaka', 'http://immiyami.mylap/memberProfile', 1, '2022-09-14 13:24:37', '2022-09-14 13:24:37'),
(37, 1, 'Login', 'Mozilla/5.0 (Windows NT 10.0; Win64; x64) AppleWebKit/537.36 (KHTML, like Gecko) Chrome/105.0.0.0 Safari/537.36', 'build 19043 (Windows 10)', '::1', 'Shaluka-Samaranayaka', NULL, 1, '2022-09-14 13:24:41', '2022-09-14 13:24:41'),
(38, 2, 'Login', 'Mozilla/5.0 (Windows NT 10.0; Win64; x64) AppleWebKit/537.36 (KHTML, like Gecko) Chrome/105.0.0.0 Safari/537.36', 'build 19043 (Windows 10)', '::1', 'Shaluka-Samaranayaka', NULL, 1, '2022-09-16 11:37:08', '2022-09-16 11:37:08'),
(39, 2, 'Logout', 'Mozilla/5.0 (Windows NT 10.0; Win64; x64) AppleWebKit/537.36 (KHTML, like Gecko) Chrome/105.0.0.0 Safari/537.36', 'build 19043 (Windows 10)', '::1', 'Shaluka-Samaranayaka', 'http://immiyami.mylap/', 1, '2022-09-16 12:22:06', '2022-09-16 12:22:06'),
(40, 2, 'Login', 'Mozilla/5.0 (Windows NT 10.0; Win64; x64) AppleWebKit/537.36 (KHTML, like Gecko) Chrome/105.0.0.0 Safari/537.36', 'build 19043 (Windows 10)', '::1', 'Shaluka-Samaranayaka', NULL, 1, '2022-09-16 12:22:10', '2022-09-16 12:22:10'),
(41, 2, 'Login', 'Mozilla/5.0 (Windows NT 10.0; Win64; x64) AppleWebKit/537.36 (KHTML, like Gecko) Chrome/105.0.0.0 Safari/537.36', 'build 19043 (Windows 10)', '::1', 'Shaluka-Samaranayaka', NULL, 1, '2022-09-16 13:50:40', '2022-09-16 13:50:40'),
(42, 2, 'Logout', 'Mozilla/5.0 (Windows NT 10.0; Win64; x64) AppleWebKit/537.36 (KHTML, like Gecko) Chrome/105.0.0.0 Safari/537.36', 'build 19043 (Windows 10)', '::1', 'Shaluka-Samaranayaka', 'http://immiyami.mylap/supplierProfile', 1, '2022-09-16 13:51:01', '2022-09-16 13:51:01'),
(43, 1, 'Login', 'Mozilla/5.0 (Windows NT 10.0; Win64; x64) AppleWebKit/537.36 (KHTML, like Gecko) Chrome/105.0.0.0 Safari/537.36', 'build 19043 (Windows 10)', '::1', 'Shaluka-Samaranayaka', NULL, 1, '2022-09-16 13:51:04', '2022-09-16 13:51:04'),
(44, 1, 'Login', 'Mozilla/5.0 (Windows NT 10.0; Win64; x64) AppleWebKit/537.36 (KHTML, like Gecko) Chrome/105.0.0.0 Safari/537.36', 'build 19043 (Windows 10)', '::1', 'Shaluka-Samaranayaka', NULL, 1, '2022-09-16 13:51:08', '2022-09-16 13:51:08'),
(45, 2, 'Login', 'Mozilla/5.0 (Windows NT 10.0; Win64; x64) AppleWebKit/537.36 (KHTML, like Gecko) Chrome/105.0.0.0 Safari/537.36', 'build 19043 (Windows 10)', '::1', 'Shaluka-Samaranayaka', NULL, 1, '2022-09-17 10:40:22', '2022-09-17 10:40:22'),
(46, 2, 'Login', 'Mozilla/5.0 (Windows NT 10.0; Win64; x64) AppleWebKit/537.36 (KHTML, like Gecko) Chrome/105.0.0.0 Safari/537.36', 'build 19043 (Windows 10)', '::1', 'Shaluka-Samaranayaka', NULL, 1, '2022-09-17 12:21:59', '2022-09-17 12:21:59'),
(47, 2, 'Logout', 'Mozilla/5.0 (Windows NT 10.0; Win64; x64) AppleWebKit/537.36 (KHTML, like Gecko) Chrome/105.0.0.0 Safari/537.36', 'build 19043 (Windows 10)', '::1', 'Shaluka-Samaranayaka', 'http://immiyami.mylap/supplierProfile', 1, '2022-09-17 13:08:42', '2022-09-17 13:08:42'),
(48, 2, 'Login', 'Mozilla/5.0 (Windows NT 10.0; Win64; x64) AppleWebKit/537.36 (KHTML, like Gecko) Chrome/105.0.0.0 Safari/537.36', 'build 19043 (Windows 10)', '::1', 'Shaluka-Samaranayaka', NULL, 1, '2022-09-17 13:08:57', '2022-09-17 13:08:57'),
(49, 2, 'Login', 'Mozilla/5.0 (Windows NT 10.0; Win64; x64) AppleWebKit/537.36 (KHTML, like Gecko) Chrome/105.0.0.0 Safari/537.36', 'build 19043 (Windows 10)', '::1', 'Shaluka-Samaranayaka', NULL, 1, '2022-09-17 13:29:21', '2022-09-17 13:29:21'),
(50, 2, 'Login', 'Mozilla/5.0 (Windows NT 10.0; Win64; x64) AppleWebKit/537.36 (KHTML, like Gecko) Chrome/105.0.0.0 Safari/537.36', 'build 19043 (Windows 10)', '::1', 'Shaluka-Samaranayaka', NULL, 1, '2022-09-17 13:58:09', '2022-09-17 13:58:09'),
(51, 2, 'Logout', 'Mozilla/5.0 (Windows NT 10.0; Win64; x64) AppleWebKit/537.36 (KHTML, like Gecko) Chrome/105.0.0.0 Safari/537.36', 'build 19043 (Windows 10)', '::1', 'Shaluka-Samaranayaka', 'http://immiyami.mylap/post-view?post_id=Test-7-7', 1, '2022-09-17 16:04:03', '2022-09-17 16:04:03'),
(52, 2, 'Login', 'Mozilla/5.0 (Windows NT 10.0; Win64; x64) AppleWebKit/537.36 (KHTML, like Gecko) Chrome/105.0.0.0 Safari/537.36', 'build 19043 (Windows 10)', '::1', 'Shaluka-Samaranayaka', NULL, 1, '2022-09-17 16:04:07', '2022-09-17 16:04:07'),
(53, 2, 'Login', 'Mozilla/5.0 (Windows NT 10.0; Win64; x64) AppleWebKit/537.36 (KHTML, like Gecko) Chrome/105.0.0.0 Safari/537.36', 'build 19043 (Windows 10)', '::1', 'Shaluka-Samaranayaka', NULL, 1, '2022-09-17 17:06:40', '2022-09-17 17:06:40'),
(54, 2, 'Login', 'Mozilla/5.0 (Windows NT 10.0; Win64; x64) AppleWebKit/537.36 (KHTML, like Gecko) Chrome/105.0.0.0 Safari/537.36', 'build 19043 (Windows 10)', '::1', 'Shaluka-Samaranayaka', NULL, 1, '2022-09-22 09:51:01', '2022-09-22 09:51:01'),
(55, 2, 'Login', 'Mozilla/5.0 (Windows NT 10.0; Win64; x64) AppleWebKit/537.36 (KHTML, like Gecko) Chrome/105.0.0.0 Safari/537.36', 'build 19043 (Windows 10)', '::1', 'Shaluka-Samaranayaka', NULL, 1, '2022-09-22 09:51:01', '2022-09-22 09:51:01'),
(56, 2, 'Login', 'Mozilla/5.0 (Windows NT 10.0; Win64; x64) AppleWebKit/537.36 (KHTML, like Gecko) Chrome/105.0.0.0 Safari/537.36', 'build 19043 (Windows 10)', '::1', 'Shaluka-Samaranayaka', NULL, 1, '2022-09-22 09:52:19', '2022-09-22 09:52:19'),
(57, 2, 'Login', 'Mozilla/5.0 (Windows NT 10.0; Win64; x64) AppleWebKit/537.36 (KHTML, like Gecko) Chrome/105.0.0.0 Safari/537.36', 'build 19043 (Windows 10)', '::1', 'Shaluka-Samaranayaka', NULL, 1, '2022-09-22 15:56:04', '2022-09-22 15:56:04'),
(58, 1, 'Login', 'Mozilla/5.0 (Windows NT 10.0; Win64; x64) AppleWebKit/537.36 (KHTML, like Gecko) Chrome/105.0.0.0 Safari/537.36', 'build 19043 (Windows 10)', '::1', 'Shaluka-Samaranayaka', NULL, 1, '2022-09-23 19:54:33', '2022-09-23 19:54:33'),
(59, 1, 'Login', 'Mozilla/5.0 (Windows NT 10.0; Win64; x64) AppleWebKit/537.36 (KHTML, like Gecko) Chrome/105.0.0.0 Safari/537.36', 'build 19043 (Windows 10)', '::1', 'Shaluka-Samaranayaka', NULL, 1, '2022-09-24 15:16:53', '2022-09-24 15:16:53'),
(60, 1, 'Logout', 'Mozilla/5.0 (Windows NT 10.0; Win64; x64) AppleWebKit/537.36 (KHTML, like Gecko) Chrome/105.0.0.0 Safari/537.36', 'build 19043 (Windows 10)', '::1', 'Shaluka-Samaranayaka', 'http://immiyami.mylap/Helps', 1, '2022-09-24 15:18:47', '2022-09-24 15:18:47'),
(61, 2, 'Login', 'Mozilla/5.0 (Windows NT 10.0; Win64; x64) AppleWebKit/537.36 (KHTML, like Gecko) Chrome/106.0.0.0 Safari/537.36', 'build 19043 (Windows 10)', '::1', 'Shaluka-Samaranayaka', NULL, 1, '2022-10-03 16:56:31', '2022-10-03 16:56:31'),
(62, 2, 'Login', 'Mozilla/5.0 (Windows NT 10.0; Win64; x64) AppleWebKit/537.36 (KHTML, like Gecko) Chrome/106.0.0.0 Safari/537.36', 'build 19043 (Windows 10)', '::1', 'Shaluka-Samaranayaka', NULL, 1, '2022-10-03 17:59:17', '2022-10-03 17:59:17'),
(63, 2, 'Login', 'Mozilla/5.0 (Windows NT 10.0; Win64; x64) AppleWebKit/537.36 (KHTML, like Gecko) Chrome/106.0.0.0 Safari/537.36', 'build 19043 (Windows 10)', '::1', 'Shaluka-Samaranayaka', NULL, 1, '2022-10-03 18:44:16', '2022-10-03 18:44:16'),
(64, 2, 'Login', 'Mozilla/5.0 (Windows NT 10.0; Win64; x64) AppleWebKit/537.36 (KHTML, like Gecko) Chrome/106.0.0.0 Safari/537.36', 'build 19043 (Windows 10)', '::1', 'Shaluka-Samaranayaka', NULL, 1, '2022-10-04 13:09:07', '2022-10-04 13:09:07'),
(65, 2, 'Logout', 'Mozilla/5.0 (Windows NT 10.0; Win64; x64) AppleWebKit/537.36 (KHTML, like Gecko) Chrome/106.0.0.0 Safari/537.36', 'build 19043 (Windows 10)', '::1', 'Shaluka-Samaranayaka', 'http://immiyami.mylap/post-view?post_id=Test-title-details-1', 1, '2022-10-04 13:21:37', '2022-10-04 13:21:37'),
(66, 2, 'Login', 'Mozilla/5.0 (Windows NT 10.0; Win64; x64) AppleWebKit/537.36 (KHTML, like Gecko) Chrome/106.0.0.0 Safari/537.36', 'build 19043 (Windows 10)', '::1', 'Shaluka-Samaranayaka', NULL, 1, '2022-10-04 13:21:45', '2022-10-04 13:21:45'),
(67, 2, 'Login', 'Mozilla/5.0 (Windows NT 10.0; Win64; x64) AppleWebKit/537.36 (KHTML, like Gecko) Chrome/106.0.0.0 Safari/537.36', 'build 19043 (Windows 10)', '::1', 'Shaluka-Samaranayaka', NULL, 1, '2022-10-04 13:42:48', '2022-10-04 13:42:48'),
(68, 2, 'Logout', 'Mozilla/5.0 (Windows NT 10.0; Win64; x64) AppleWebKit/537.36 (KHTML, like Gecko) Chrome/106.0.0.0 Safari/537.36', 'build 19043 (Windows 10)', '::1', 'Shaluka-Samaranayaka', 'http://immiyami.mylap/pages/upgrade?package=gold', 1, '2022-10-04 13:54:13', '2022-10-04 13:54:13'),
(69, 1, 'Login', 'Mozilla/5.0 (Windows NT 10.0; Win64; x64) AppleWebKit/537.36 (KHTML, like Gecko) Chrome/106.0.0.0 Safari/537.36', 'build 19043 (Windows 10)', '::1', 'Shaluka-Samaranayaka', NULL, 1, '2022-10-04 13:54:17', '2022-10-04 13:54:17'),
(70, 2, 'Login', 'Mozilla/5.0 (Windows NT 10.0; Win64; x64) AppleWebKit/537.36 (KHTML, like Gecko) Chrome/106.0.0.0 Safari/537.36', 'build 19043 (Windows 10)', '::1', 'Shaluka-Samaranayaka', NULL, 1, '2022-10-05 10:45:50', '2022-10-05 10:45:50'),
(71, 2, 'Logout', 'Mozilla/5.0 (Windows NT 10.0; Win64; x64) AppleWebKit/537.36 (KHTML, like Gecko) Chrome/106.0.0.0 Safari/537.36', 'build 19043 (Windows 10)', '::1', 'Shaluka-Samaranayaka', 'http://immiyami.mylap/list-posts/', 1, '2022-10-05 11:42:07', '2022-10-05 11:42:07'),
(72, 9, 'Login', 'Mozilla/5.0 (Windows NT 10.0; Win64; x64) AppleWebKit/537.36 (KHTML, like Gecko) Chrome/106.0.0.0 Safari/537.36', 'build 19043 (Windows 10)', '::1', 'Shaluka-Samaranayaka', NULL, 1, '2022-10-05 11:42:50', '2022-10-05 11:42:50'),
(73, 9, 'Logout', 'Mozilla/5.0 (Windows NT 10.0; Win64; x64) AppleWebKit/537.36 (KHTML, like Gecko) Chrome/106.0.0.0 Safari/537.36', 'build 19043 (Windows 10)', '::1', 'Shaluka-Samaranayaka', 'http://immiyami.mylap/supplierProfile', 1, '2022-10-05 11:49:00', '2022-10-05 11:49:00'),
(74, 9, 'Login', 'Mozilla/5.0 (Windows NT 10.0; Win64; x64) AppleWebKit/537.36 (KHTML, like Gecko) Chrome/106.0.0.0 Safari/537.36', 'build 19043 (Windows 10)', '::1', 'Shaluka-Samaranayaka', NULL, 1, '2022-10-05 11:49:06', '2022-10-05 11:49:06'),
(75, 9, 'Logout', 'Mozilla/5.0 (Windows NT 10.0; Win64; x64) AppleWebKit/537.36 (KHTML, like Gecko) Chrome/106.0.0.0 Safari/537.36', 'build 19043 (Windows 10)', '::1', 'Shaluka-Samaranayaka', 'http://immiyami.mylap/supplierProfile', 1, '2022-10-05 12:01:56', '2022-10-05 12:01:56'),
(76, 9, 'Login', 'Mozilla/5.0 (Windows NT 10.0; Win64; x64) AppleWebKit/537.36 (KHTML, like Gecko) Chrome/106.0.0.0 Safari/537.36', 'build 19043 (Windows 10)', '::1', 'Shaluka-Samaranayaka', NULL, 1, '2022-10-05 12:01:59', '2022-10-05 12:01:59'),
(77, 9, 'Logout', 'Mozilla/5.0 (Windows NT 10.0; Win64; x64) AppleWebKit/537.36 (KHTML, like Gecko) Chrome/106.0.0.0 Safari/537.36', 'build 19043 (Windows 10)', '::1', 'Shaluka-Samaranayaka', 'http://immiyami.mylap/supplierProfile', 1, '2022-10-05 12:22:32', '2022-10-05 12:22:32'),
(78, 9, 'Login', 'Mozilla/5.0 (Windows NT 10.0; Win64; x64) AppleWebKit/537.36 (KHTML, like Gecko) Chrome/106.0.0.0 Safari/537.36', 'build 19043 (Windows 10)', '::1', 'Shaluka-Samaranayaka', NULL, 1, '2022-10-05 12:22:38', '2022-10-05 12:22:38'),
(79, 9, 'Logout', 'Mozilla/5.0 (Windows NT 10.0; Win64; x64) AppleWebKit/537.36 (KHTML, like Gecko) Chrome/106.0.0.0 Safari/537.36', 'build 19043 (Windows 10)', '::1', 'Shaluka-Samaranayaka', 'http://immiyami.mylap/supplierProfile', 1, '2022-10-05 12:22:51', '2022-10-05 12:22:51'),
(80, 9, 'Login', 'Mozilla/5.0 (Windows NT 10.0; Win64; x64) AppleWebKit/537.36 (KHTML, like Gecko) Chrome/106.0.0.0 Safari/537.36', 'build 19043 (Windows 10)', '::1', 'Shaluka-Samaranayaka', NULL, 1, '2022-10-05 12:23:24', '2022-10-05 12:23:24'),
(81, 1, 'Login', 'Mozilla/5.0 (Windows NT 10.0; Win64; x64) AppleWebKit/537.36 (KHTML, like Gecko) Chrome/106.0.0.0 Safari/537.36', 'build 19043 (Windows 10)', '::1', 'Shaluka-Samaranayaka', NULL, 1, '2022-10-06 10:34:32', '2022-10-06 10:34:32'),
(82, 1, 'Logout', 'Mozilla/5.0 (Windows NT 10.0; Win64; x64) AppleWebKit/537.36 (KHTML, like Gecko) Chrome/106.0.0.0 Safari/537.36', 'build 19043 (Windows 10)', '::1', 'Shaluka-Samaranayaka', 'http://immiyami.mylap/users/supplierq', 1, '2022-10-06 10:47:50', '2022-10-06 10:47:50'),
(83, 2, 'Login', 'Mozilla/5.0 (Windows NT 10.0; Win64; x64) AppleWebKit/537.36 (KHTML, like Gecko) Chrome/106.0.0.0 Safari/537.36', 'build 19043 (Windows 10)', '::1', 'Shaluka-Samaranayaka', NULL, 1, '2022-10-06 10:48:24', '2022-10-06 10:48:24'),
(84, 1, 'Login', 'Mozilla/5.0 (Windows NT 10.0; Win64; x64) AppleWebKit/537.36 (KHTML, like Gecko) Chrome/106.0.0.0 Safari/537.36', 'build 19043 (Windows 10)', '::1', 'Shaluka-Samaranayaka', NULL, 1, '2022-10-07 13:14:04', '2022-10-07 13:14:04'),
(85, 1, 'Login', 'Mozilla/5.0 (Windows NT 10.0; Win64; x64) AppleWebKit/537.36 (KHTML, like Gecko) Chrome/106.0.0.0 Safari/537.36', 'build 19043 (Windows 10)', '::1', 'Shaluka-Samaranayaka', NULL, 1, '2022-10-09 13:49:37', '2022-10-09 13:49:37'),
(86, 1, 'Logout', 'Mozilla/5.0 (Windows NT 10.0; Win64; x64) AppleWebKit/537.36 (KHTML, like Gecko) Chrome/106.0.0.0 Safari/537.36', 'build 19043 (Windows 10)', '::1', 'Shaluka-Samaranayaka', 'http://immiyami.mylap/Users/supplierq', 1, '2022-10-09 13:53:03', '2022-10-09 13:53:03'),
(87, 1, 'Login', 'Mozilla/5.0 (Windows NT 10.0; Win64; x64) AppleWebKit/537.36 (KHTML, like Gecko) Chrome/106.0.0.0 Safari/537.36', 'build 19043 (Windows 10)', '::1', 'Shaluka-Samaranayaka', NULL, 1, '2022-10-11 14:57:07', '2022-10-11 14:57:07'),
(88, 1, 'Login', 'Mozilla/5.0 (Windows NT 10.0; Win64; x64) AppleWebKit/537.36 (KHTML, like Gecko) Chrome/106.0.0.0 Safari/537.36', 'build 19043 (Windows 10)', '::1', 'Shaluka-Samaranayaka', NULL, 1, '2022-10-13 12:30:27', '2022-10-13 12:30:27'),
(89, 1, 'Logout', 'Mozilla/5.0 (Windows NT 10.0; Win64; x64) AppleWebKit/537.36 (KHTML, like Gecko) Chrome/106.0.0.0 Safari/537.36', 'build 19043 (Windows 10)', '::1', 'Shaluka-Samaranayaka', 'http://immiyami.mylap/Users/dashboard', 1, '2022-10-13 12:30:32', '2022-10-13 12:30:32'),
(90, 1, 'Login', 'Mozilla/5.0 (Windows NT 10.0; Win64; x64) AppleWebKit/537.36 (KHTML, like Gecko) Chrome/106.0.0.0 Safari/537.36', 'build 19043 (Windows 10)', '::1', 'Shaluka-Samaranayaka', NULL, 1, '2022-10-13 12:30:40', '2022-10-13 12:30:40'),
(91, 1, 'Login', 'Mozilla/5.0 (Windows NT 10.0; Win64; x64) AppleWebKit/537.36 (KHTML, like Gecko) Chrome/106.0.0.0 Safari/537.36', 'build 19043 (Windows 10)', '::1', 'Shaluka-Samaranayaka', NULL, 1, '2022-10-18 11:17:08', '2022-10-18 11:17:08'),
(92, 1, 'Login', 'Mozilla/5.0 (Windows NT 10.0; Win64; x64) AppleWebKit/537.36 (KHTML, like Gecko) Chrome/106.0.0.0 Safari/537.36', 'build 19043 (Windows 10)', '::1', 'Shaluka-Samaranayaka', NULL, 1, '2022-10-18 13:31:54', '2022-10-18 13:31:54'),
(93, 1, 'Login', 'Mozilla/5.0 (Windows NT 10.0; Win64; x64) AppleWebKit/537.36 (KHTML, like Gecko) Chrome/106.0.0.0 Safari/537.36', 'build 19043 (Windows 10)', '::1', 'Shaluka-Samaranayaka', NULL, 1, '2022-10-18 15:10:26', '2022-10-18 15:10:26'),
(94, 1, 'Login', 'Mozilla/5.0 (Windows NT 10.0; Win64; x64) AppleWebKit/537.36 (KHTML, like Gecko) Chrome/106.0.0.0 Safari/537.36', 'build 19043 (Windows 10)', '::1', 'Shaluka-Samaranayaka', NULL, 1, '2022-10-18 15:10:27', '2022-10-18 15:10:27'),
(95, 1, 'Login', 'Mozilla/5.0 (Windows NT 10.0; Win64; x64) AppleWebKit/537.36 (KHTML, like Gecko) Chrome/106.0.0.0 Safari/537.36', 'build 19043 (Windows 10)', '::1', 'Shaluka-Samaranayaka', NULL, 1, '2022-10-24 10:06:06', '2022-10-24 10:06:06'),
(96, 1, 'Login', 'Mozilla/5.0 (Windows NT 10.0; Win64; x64) AppleWebKit/537.36 (KHTML, like Gecko) Chrome/106.0.0.0 Safari/537.36', 'build 19043 (Windows 10)', '::1', 'Shaluka-Samaranayaka', NULL, 1, '2022-10-24 11:25:43', '2022-10-24 11:25:43'),
(97, 1, 'Logout', 'Mozilla/5.0 (Windows NT 10.0; Win64; x64) AppleWebKit/537.36 (KHTML, like Gecko) Chrome/106.0.0.0 Safari/537.36', 'build 19043 (Windows 10)', '::1', 'Shaluka-Samaranayaka', 'http://immiyami.mylap/list-posts', 1, '2022-10-24 12:40:44', '2022-10-24 12:40:44'),
(98, 2, 'Login', 'Mozilla/5.0 (Windows NT 10.0; Win64; x64) AppleWebKit/537.36 (KHTML, like Gecko) Chrome/106.0.0.0 Safari/537.36', 'build 19043 (Windows 10)', '::1', 'Shaluka-Samaranayaka', NULL, 1, '2022-10-24 12:40:48', '2022-10-24 12:40:48'),
(99, 2, 'Logout', 'Mozilla/5.0 (Windows NT 10.0; Win64; x64) AppleWebKit/537.36 (KHTML, like Gecko) Chrome/106.0.0.0 Safari/537.36', 'build 19043 (Windows 10)', '::1', 'Shaluka-Samaranayaka', 'http://immiyami.mylap/memberProfile', 1, '2022-10-24 12:46:40', '2022-10-24 12:46:40'),
(100, 2, 'Login', 'Mozilla/5.0 (Windows NT 10.0; Win64; x64) AppleWebKit/537.36 (KHTML, like Gecko) Chrome/106.0.0.0 Safari/537.36', 'build 19043 (Windows 10)', '::1', 'Shaluka-Samaranayaka', NULL, 1, '2022-10-24 12:46:45', '2022-10-24 12:46:45'),
(101, 2, 'Login', 'Mozilla/5.0 (Windows NT 10.0; Win64; x64) AppleWebKit/537.36 (KHTML, like Gecko) Chrome/106.0.0.0 Safari/537.36', 'build 19043 (Windows 10)', '::1', 'Shaluka-Samaranayaka', NULL, 1, '2022-10-24 12:49:36', '2022-10-24 12:49:36'),
(102, 2, 'Login', 'Mozilla/5.0 (Windows NT 10.0; Win64; x64) AppleWebKit/537.36 (KHTML, like Gecko) Chrome/106.0.0.0 Safari/537.36', 'build 19043 (Windows 10)', '::1', 'Shaluka-Samaranayaka', NULL, 1, '2022-10-24 15:05:41', '2022-10-24 15:05:41'),
(103, 2, 'Login', 'Mozilla/5.0 (Windows NT 10.0; Win64; x64) AppleWebKit/537.36 (KHTML, like Gecko) Chrome/106.0.0.0 Safari/537.36', 'build 19043 (Windows 10)', '::1', 'Shaluka-Samaranayaka', NULL, 1, '2022-10-25 10:13:02', '2022-10-25 10:13:02'),
(104, 2, 'Logout', 'Mozilla/5.0 (Windows NT 10.0; Win64; x64) AppleWebKit/537.36 (KHTML, like Gecko) Chrome/106.0.0.0 Safari/537.36', 'build 19043 (Windows 10)', '::1', 'Shaluka-Samaranayaka', 'http://immiyami.mylap/', 1, '2022-10-25 11:22:49', '2022-10-25 11:22:49'),
(105, 2, 'Login', 'Mozilla/5.0 (Windows NT 10.0; Win64; x64) AppleWebKit/537.36 (KHTML, like Gecko) Chrome/106.0.0.0 Safari/537.36', 'build 19043 (Windows 10)', '::1', 'Shaluka-Samaranayaka', NULL, 1, '2022-10-25 11:22:53', '2022-10-25 11:22:53'),
(106, 2, 'Login', 'Mozilla/5.0 (Windows NT 10.0; Win64; x64) AppleWebKit/537.36 (KHTML, like Gecko) Chrome/106.0.0.0 Safari/537.36', 'build 19043 (Windows 10)', '::1', 'Shaluka-Samaranayaka', NULL, 1, '2022-10-27 11:52:46', '2022-10-27 11:52:46'),
(107, 1, 'Login', 'Mozilla/5.0 (Windows NT 10.0; Win64; x64) AppleWebKit/537.36 (KHTML, like Gecko) Chrome/106.0.0.0 Safari/537.36', 'build 19043 (Windows 10)', '::1', 'Shaluka-Samaranayaka', NULL, 1, '2022-10-28 11:53:14', '2022-10-28 11:53:14'),
(108, 2, 'Login', 'Mozilla/5.0 (Windows NT 10.0; Win64; x64) AppleWebKit/537.36 (KHTML, like Gecko) Chrome/106.0.0.0 Safari/537.36', 'build 19043 (Windows 10)', '::1', 'Shaluka-Samaranayaka', NULL, 1, '2022-10-28 12:58:14', '2022-10-28 12:58:14'),
(109, 2, 'Login', 'Mozilla/5.0 (Windows NT 10.0; Win64; x64) AppleWebKit/537.36 (KHTML, like Gecko) Chrome/106.0.0.0 Safari/537.36', 'build 19043 (Windows 10)', '::1', 'Shaluka-Samaranayaka', NULL, 1, '2022-10-28 12:58:14', '2022-10-28 12:58:14'),
(110, 2, 'Login', 'Mozilla/5.0 (Windows NT 10.0; Win64; x64) AppleWebKit/537.36 (KHTML, like Gecko) Chrome/106.0.0.0 Safari/537.36', 'build 19043 (Windows 10)', '::1', 'Shaluka-Samaranayaka', NULL, 1, '2022-10-28 15:58:01', '2022-10-28 15:58:01'),
(111, 2, 'Login', 'Mozilla/5.0 (Windows NT 10.0; Win64; x64) AppleWebKit/537.36 (KHTML, like Gecko) Chrome/106.0.0.0 Safari/537.36', 'build 19043 (Windows 10)', '::1', 'Shaluka-Samaranayaka', NULL, 1, '2022-10-28 15:58:02', '2022-10-28 15:58:02'),
(112, 2, 'Logout', 'Mozilla/5.0 (Windows NT 10.0; Win64; x64) AppleWebKit/537.36 (KHTML, like Gecko) Chrome/106.0.0.0 Safari/537.36', 'build 19043 (Windows 10)', '::1', 'Shaluka-Samaranayaka', 'http://immiyami.mylap/feesibility?visatypeName=%20Skilled%20Independent%20Visa-6', 1, '2022-10-28 16:03:31', '2022-10-28 16:03:31'),
(113, 1, 'Login', 'Mozilla/5.0 (Windows NT 10.0; Win64; x64) AppleWebKit/537.36 (KHTML, like Gecko) Chrome/106.0.0.0 Safari/537.36', 'build 19043 (Windows 10)', '::1', 'Shaluka-Samaranayaka', NULL, 1, '2022-10-28 16:03:35', '2022-10-28 16:03:35'),
(114, 1, 'Logout', 'Mozilla/5.0 (Windows NT 10.0; Win64; x64) AppleWebKit/537.36 (KHTML, like Gecko) Chrome/106.0.0.0 Safari/537.36', 'build 19043 (Windows 10)', '::1', 'Shaluka-Samaranayaka', 'http://immiyami.mylap/', 1, '2022-10-28 16:29:18', '2022-10-28 16:29:18'),
(115, 2, 'Login', 'Mozilla/5.0 (Windows NT 10.0; Win64; x64) AppleWebKit/537.36 (KHTML, like Gecko) Chrome/106.0.0.0 Safari/537.36', 'build 19043 (Windows 10)', '::1', 'Shaluka-Samaranayaka', NULL, 1, '2022-10-28 16:29:22', '2022-10-28 16:29:22'),
(116, 1, 'Login', 'Mozilla/5.0 (Windows NT 10.0; Win64; x64) AppleWebKit/537.36 (KHTML, like Gecko) Chrome/107.0.0.0 Safari/537.36', 'build 19043 (Windows 10)', '::1', 'Shaluka-Samaranayaka', NULL, 1, '2022-11-08 12:33:34', '2022-11-08 12:33:34'),
(117, 1, 'Login', 'Mozilla/5.0 (Windows NT 10.0; Win64; x64) AppleWebKit/537.36 (KHTML, like Gecko) Chrome/107.0.0.0 Safari/537.36', 'build 19043 (Windows 10)', '::1', 'Shaluka-Samaranayaka', NULL, 1, '2022-11-08 13:54:18', '2022-11-08 13:54:18'),
(118, 1, 'Login', 'Mozilla/5.0 (Windows NT 10.0; Win64; x64) AppleWebKit/537.36 (KHTML, like Gecko) Chrome/107.0.0.0 Safari/537.36', 'build 19043 (Windows 10)', '::1', 'Shaluka-Samaranayaka', NULL, 1, '2022-11-09 11:53:50', '2022-11-09 11:53:50'),
(119, 1, 'Login', 'Mozilla/5.0 (Windows NT 10.0; Win64; x64) AppleWebKit/537.36 (KHTML, like Gecko) Chrome/107.0.0.0 Safari/537.36', 'build 19043 (Windows 10)', '::1', 'Shaluka-Samaranayaka', NULL, 1, '2022-11-09 13:26:02', '2022-11-09 13:26:02'),
(120, 1, 'Login', 'Mozilla/5.0 (Windows NT 10.0; Win64; x64) AppleWebKit/537.36 (KHTML, like Gecko) Chrome/107.0.0.0 Safari/537.36', 'build 19043 (Windows 10)', '::1', 'Shaluka-Samaranayaka', NULL, 1, '2022-11-10 10:17:53', '2022-11-10 10:17:53'),
(121, 1, 'Login', 'Mozilla/5.0 (Windows NT 10.0; Win64; x64) AppleWebKit/537.36 (KHTML, like Gecko) Chrome/107.0.0.0 Safari/537.36', 'build 19043 (Windows 10)', '::1', 'Shaluka-Samaranayaka', NULL, 1, '2022-11-10 11:38:32', '2022-11-10 11:38:32'),
(122, 1, 'Login', 'Mozilla/5.0 (Windows NT 10.0; Win64; x64) AppleWebKit/537.36 (KHTML, like Gecko) Chrome/107.0.0.0 Safari/537.36', 'build 19043 (Windows 10)', '::1', 'Shaluka-Samaranayaka', NULL, 1, '2022-11-10 11:39:36', '2022-11-10 11:39:36'),
(123, 1, 'Login', 'Mozilla/5.0 (Windows NT 10.0; Win64; x64) AppleWebKit/537.36 (KHTML, like Gecko) Chrome/107.0.0.0 Safari/537.36', 'build 19043 (Windows 10)', '::1', 'Shaluka-Samaranayaka', NULL, 1, '2022-11-11 17:01:49', '2022-11-11 17:01:49'),
(124, 1, 'Login', 'Mozilla/5.0 (Windows NT 10.0; Win64; x64) AppleWebKit/537.36 (KHTML, like Gecko) Chrome/107.0.0.0 Safari/537.36', 'build 19043 (Windows 10)', '::1', 'Shaluka-Samaranayaka', NULL, 1, '2022-11-14 09:46:43', '2022-11-14 09:46:43'),
(125, 1, 'Logout', 'Mozilla/5.0 (Windows NT 10.0; Win64; x64) AppleWebKit/537.36 (KHTML, like Gecko) Chrome/107.0.0.0 Safari/537.36', 'build 19043 (Windows 10)', '::1', 'Shaluka-Samaranayaka', 'http://immiyami.mylap/', 1, '2022-11-14 10:17:37', '2022-11-14 10:17:37'),
(126, 2, 'Login', 'Mozilla/5.0 (Windows NT 10.0; Win64; x64) AppleWebKit/537.36 (KHTML, like Gecko) Chrome/107.0.0.0 Safari/537.36', 'build 19043 (Windows 10)', '::1', 'Shaluka-Samaranayaka', NULL, 1, '2022-11-14 10:17:40', '2022-11-14 10:17:40'),
(127, 2, 'Logout', 'Mozilla/5.0 (Windows NT 10.0; Win64; x64) AppleWebKit/537.36 (KHTML, like Gecko) Chrome/107.0.0.0 Safari/537.36', 'build 19043 (Windows 10)', '::1', 'Shaluka-Samaranayaka', 'http://immiyami.mylap/', 1, '2022-11-14 11:19:47', '2022-11-14 11:19:47'),
(128, 1, 'Login', 'Mozilla/5.0 (Windows NT 10.0; Win64; x64) AppleWebKit/537.36 (KHTML, like Gecko) Chrome/107.0.0.0 Safari/537.36', 'build 19043 (Windows 10)', '::1', 'Shaluka-Samaranayaka', NULL, 1, '2022-11-14 11:19:51', '2022-11-14 11:19:51'),
(129, 1, 'Logout', 'Mozilla/5.0 (Windows NT 10.0; Win64; x64) AppleWebKit/537.36 (KHTML, like Gecko) Chrome/107.0.0.0 Safari/537.36', 'build 19043 (Windows 10)', '::1', 'Shaluka-Samaranayaka', 'http://immiyami.mylap/Users/dashboard', 1, '2022-11-14 11:19:58', '2022-11-14 11:19:58'),
(130, 2, 'Login', 'Mozilla/5.0 (Windows NT 10.0; Win64; x64) AppleWebKit/537.36 (KHTML, like Gecko) Chrome/107.0.0.0 Safari/537.36', 'build 19043 (Windows 10)', '::1', 'Shaluka-Samaranayaka', NULL, 1, '2022-11-15 09:56:34', '2022-11-15 09:56:34'),
(131, 2, 'Login', 'Mozilla/5.0 (Windows NT 10.0; Win64; x64) AppleWebKit/537.36 (KHTML, like Gecko) Chrome/107.0.0.0 Safari/537.36', 'build 19043 (Windows 10)', '::1', 'Shaluka-Samaranayaka', NULL, 1, '2022-11-15 10:44:50', '2022-11-15 10:44:50'),
(132, 2, 'Logout', 'Mozilla/5.0 (Windows NT 10.0; Win64; x64) AppleWebKit/537.36 (KHTML, like Gecko) Chrome/107.0.0.0 Safari/537.36', 'build 19043 (Windows 10)', '::1', 'Shaluka-Samaranayaka', 'http://immiyami.mylap/memberProfile', 1, '2022-11-15 11:22:45', '2022-11-15 11:22:45'),
(133, 1, 'Login', 'Mozilla/5.0 (Windows NT 10.0; Win64; x64) AppleWebKit/537.36 (KHTML, like Gecko) Chrome/107.0.0.0 Safari/537.36', 'build 19043 (Windows 10)', '::1', 'Shaluka-Samaranayaka', NULL, 1, '2022-11-15 11:22:50', '2022-11-15 11:22:50'),
(134, 1, 'Login', 'Mozilla/5.0 (Windows NT 10.0; Win64; x64) AppleWebKit/537.36 (KHTML, like Gecko) Chrome/107.0.0.0 Safari/537.36', 'build 19043 (Windows 10)', '::1', 'Shaluka-Samaranayaka', NULL, 1, '2022-11-15 13:03:35', '2022-11-15 13:03:35'),
(135, 1, 'Logout', 'Mozilla/5.0 (Windows NT 10.0; Win64; x64) AppleWebKit/537.36 (KHTML, like Gecko) Chrome/107.0.0.0 Safari/537.36', 'build 19043 (Windows 10)', '::1', 'Shaluka-Samaranayaka', 'http://immiyami.mylap/users/dashboard', 1, '2022-11-15 13:22:02', '2022-11-15 13:22:02'),
(136, 2, 'Login', 'Mozilla/5.0 (Windows NT 10.0; Win64; x64) AppleWebKit/537.36 (KHTML, like Gecko) Chrome/107.0.0.0 Safari/537.36', 'build 19043 (Windows 10)', '::1', 'Shaluka-Samaranayaka', NULL, 1, '2022-11-15 13:22:07', '2022-11-15 13:22:07'),
(137, 2, 'Logout', 'Mozilla/5.0 (Windows NT 10.0; Win64; x64) AppleWebKit/537.36 (KHTML, like Gecko) Chrome/107.0.0.0 Safari/537.36', 'build 19043 (Windows 10)', '::1', 'Shaluka-Samaranayaka', 'http://immiyami.mylap/memberProfile', 1, '2022-11-15 13:22:27', '2022-11-15 13:22:27'),
(138, 1, 'Login', 'Mozilla/5.0 (Windows NT 10.0; Win64; x64) AppleWebKit/537.36 (KHTML, like Gecko) Chrome/107.0.0.0 Safari/537.36', 'build 19043 (Windows 10)', '::1', 'Shaluka-Samaranayaka', NULL, 1, '2022-11-15 13:22:37', '2022-11-15 13:22:37'),
(139, 1, 'Logout', 'Mozilla/5.0 (Windows NT 10.0; Win64; x64) AppleWebKit/537.36 (KHTML, like Gecko) Chrome/107.0.0.0 Safari/537.36', 'build 19043 (Windows 10)', '::1', 'Shaluka-Samaranayaka', 'http://immiyami.mylap/Users/dashboard', 1, '2022-11-15 13:22:43', '2022-11-15 13:22:43'),
(140, 2, 'Login', 'Mozilla/5.0 (Windows NT 10.0; Win64; x64) AppleWebKit/537.36 (KHTML, like Gecko) Chrome/107.0.0.0 Safari/537.36', 'build 19043 (Windows 10)', '::1', 'Shaluka-Samaranayaka', NULL, 1, '2022-11-15 13:22:49', '2022-11-15 13:22:49'),
(141, 2, 'Login', 'Mozilla/5.0 (Windows NT 10.0; Win64; x64) AppleWebKit/537.36 (KHTML, like Gecko) Chrome/107.0.0.0 Safari/537.36', 'build 19043 (Windows 10)', '::1', 'Shaluka-Samaranayaka', NULL, 1, '2022-11-15 13:28:35', '2022-11-15 13:28:35'),
(142, 1, 'Login', 'Mozilla/5.0 (Windows NT 10.0; Win64; x64) AppleWebKit/537.36 (KHTML, like Gecko) Chrome/107.0.0.0 Safari/537.36', 'build 19043 (Windows 10)', '::1', 'Shaluka-Samaranayaka', NULL, 1, '2022-11-15 15:05:20', '2022-11-15 15:05:20'),
(143, 1, 'Login', 'Mozilla/5.0 (Windows NT 10.0; Win64; x64) AppleWebKit/537.36 (KHTML, like Gecko) Chrome/107.0.0.0 Safari/537.36', 'build 19043 (Windows 10)', '::1', 'Shaluka-Samaranayaka', NULL, 1, '2022-11-16 13:56:59', '2022-11-16 13:56:59'),
(144, 1, 'Login', 'Mozilla/5.0 (Windows NT 10.0; Win64; x64) AppleWebKit/537.36 (KHTML, like Gecko) Chrome/107.0.0.0 Safari/537.36', 'build 19043 (Windows 10)', '::1', 'Shaluka-Samaranayaka', NULL, 1, '2022-11-16 13:56:59', '2022-11-16 13:56:59'),
(145, 1, 'Logout', 'Mozilla/5.0 (Windows NT 10.0; Win64; x64) AppleWebKit/537.36 (KHTML, like Gecko) Chrome/107.0.0.0 Safari/537.36', 'build 19043 (Windows 10)', '::1', 'Shaluka-Samaranayaka', 'http://immiyami.mylap/Payments/', 1, '2022-11-16 13:59:43', '2022-11-16 13:59:43'),
(146, 2, 'Login', 'Mozilla/5.0 (Windows NT 10.0; Win64; x64) AppleWebKit/537.36 (KHTML, like Gecko) Chrome/107.0.0.0 Safari/537.36', 'build 19043 (Windows 10)', '::1', 'Shaluka-Samaranayaka', NULL, 1, '2022-11-16 13:59:47', '2022-11-16 13:59:47'),
(147, 2, 'Logout', 'Mozilla/5.0 (Windows NT 10.0; Win64; x64) AppleWebKit/537.36 (KHTML, like Gecko) Chrome/107.0.0.0 Safari/537.36', 'build 19043 (Windows 10)', '::1', 'Shaluka-Samaranayaka', 'http://immiyami.mylap/', 1, '2022-11-16 14:00:32', '2022-11-16 14:00:32'),
(148, 1, 'Login', 'Mozilla/5.0 (Windows NT 10.0; Win64; x64) AppleWebKit/537.36 (KHTML, like Gecko) Chrome/107.0.0.0 Safari/537.36', 'build 19043 (Windows 10)', '::1', 'Shaluka-Samaranayaka', NULL, 1, '2022-11-16 14:00:45', '2022-11-16 14:00:45'),
(149, 1, 'Logout', 'Mozilla/5.0 (Windows NT 10.0; Win64; x64) AppleWebKit/537.36 (KHTML, like Gecko) Chrome/107.0.0.0 Safari/537.36', 'build 19043 (Windows 10)', '::1', 'Shaluka-Samaranayaka', 'http://immiyami.mylap/Payments/indexSponsor', 1, '2022-11-16 14:16:29', '2022-11-16 14:16:29'),
(150, 2, 'Login', 'Mozilla/5.0 (Windows NT 10.0; Win64; x64) AppleWebKit/537.36 (KHTML, like Gecko) Chrome/107.0.0.0 Safari/537.36', 'build 19043 (Windows 10)', '::1', 'Shaluka-Samaranayaka', NULL, 1, '2022-11-16 14:16:33', '2022-11-16 14:16:33'),
(151, 2, 'Login', 'Mozilla/5.0 (Windows NT 10.0; Win64; x64) AppleWebKit/537.36 (KHTML, like Gecko) Chrome/107.0.0.0 Safari/537.36', 'build 19043 (Windows 10)', '::1', 'Shaluka-Samaranayaka', NULL, 1, '2022-11-16 14:16:33', '2022-11-16 14:16:33'),
(152, 2, 'Logout', 'Mozilla/5.0 (Windows NT 10.0; Win64; x64) AppleWebKit/537.36 (KHTML, like Gecko) Chrome/107.0.0.0 Safari/537.36', 'build 19043 (Windows 10)', '::1', 'Shaluka-Samaranayaka', 'http://immiyami.mylap/list-posts', 1, '2022-11-16 14:29:51', '2022-11-16 14:29:51'),
(153, 1, 'Login', 'Mozilla/5.0 (Windows NT 10.0; Win64; x64) AppleWebKit/537.36 (KHTML, like Gecko) Chrome/107.0.0.0 Safari/537.36', 'build 19043 (Windows 10)', '::1', 'Shaluka-Samaranayaka', NULL, 1, '2022-11-16 14:29:56', '2022-11-16 14:29:56'),
(154, 1, 'Login', 'Mozilla/5.0 (Windows NT 10.0; Win64; x64) AppleWebKit/537.36 (KHTML, like Gecko) Chrome/107.0.0.0 Safari/537.36', 'build 19043 (Windows 10)', '::1', 'Shaluka-Samaranayaka', NULL, 1, '2022-11-17 13:28:39', '2022-11-17 13:28:39'),
(155, 1, 'Logout', 'Mozilla/5.0 (Windows NT 10.0; Win64; x64) AppleWebKit/537.36 (KHTML, like Gecko) Chrome/107.0.0.0 Safari/537.36', 'build 19043 (Windows 10)', '::1', 'Shaluka-Samaranayaka', 'http://immiyami.mylap/QueueSubmissions', 1, '2022-11-17 13:36:38', '2022-11-17 13:36:38'),
(156, 2, 'Login', 'Mozilla/5.0 (Windows NT 10.0; Win64; x64) AppleWebKit/537.36 (KHTML, like Gecko) Chrome/107.0.0.0 Safari/537.36', 'build 19043 (Windows 10)', '::1', 'Shaluka-Samaranayaka', NULL, 1, '2022-11-17 13:40:27', '2022-11-17 13:40:27'),
(157, 2, 'Login', 'Mozilla/5.0 (Windows NT 10.0; Win64; x64) AppleWebKit/537.36 (KHTML, like Gecko) Chrome/107.0.0.0 Safari/537.36', 'build 19043 (Windows 10)', '::1', 'Shaluka-Samaranayaka', NULL, 1, '2022-11-18 12:28:32', '2022-11-18 12:28:32'),
(158, 1, 'Login', 'Mozilla/5.0 (Windows NT 10.0; Win64; x64) AppleWebKit/537.36 (KHTML, like Gecko) Chrome/107.0.0.0 Safari/537.36', 'build 19043 (Windows 10)', '::1', 'Shaluka-Samaranayaka', NULL, 1, '2022-11-19 11:11:31', '2022-11-19 11:11:31'),
(159, 1, 'Logout', 'Mozilla/5.0 (Windows NT 10.0; Win64; x64) AppleWebKit/537.36 (KHTML, like Gecko) Chrome/107.0.0.0 Safari/537.36', 'build 19043 (Windows 10)', '::1', 'Shaluka-Samaranayaka', 'http://immiyami.mylap/QueueSubmissions/report', 1, '2022-11-19 11:47:27', '2022-11-19 11:47:27'),
(160, 2, 'Login', 'Mozilla/5.0 (Windows NT 10.0; Win64; x64) AppleWebKit/537.36 (KHTML, like Gecko) Chrome/107.0.0.0 Safari/537.36', 'build 19043 (Windows 10)', '::1', 'Shaluka-Samaranayaka', NULL, 1, '2022-11-19 11:47:53', '2022-11-19 11:47:53'),
(161, 1, 'Login', 'Mozilla/5.0 (Windows NT 10.0; Win64; x64) AppleWebKit/537.36 (KHTML, like Gecko) Chrome/107.0.0.0 Safari/537.36', 'build 19043 (Windows 10)', '::1', 'Shaluka-Samaranayaka', NULL, 1, '2022-11-19 11:58:57', '2022-11-19 11:58:57'),
(162, 2, 'Login', 'Mozilla/5.0 (Windows NT 10.0; Win64; x64) AppleWebKit/537.36 (KHTML, like Gecko) Chrome/108.0.0.0 Safari/537.36', 'build 19045 (Windows 10)', '::1', 'Shaluka-Samaranayaka', NULL, 1, '2022-12-05 15:10:17', '2022-12-05 15:10:17'),
(163, 2, 'Login', 'Mozilla/5.0 (Windows NT 10.0; Win64; x64) AppleWebKit/537.36 (KHTML, like Gecko) Chrome/108.0.0.0 Safari/537.36', 'build 19045 (Windows 10)', '::1', 'Shaluka-Samaranayaka', NULL, 1, '2022-12-05 15:42:10', '2022-12-05 15:42:10'),
(164, 2, 'Login', 'Mozilla/5.0 (Windows NT 10.0; Win64; x64) AppleWebKit/537.36 (KHTML, like Gecko) Chrome/108.0.0.0 Safari/537.36', 'build 19045 (Windows 10)', '::1', 'Shaluka-Samaranayaka', NULL, 1, '2022-12-06 14:14:27', '2022-12-06 14:14:27'),
(165, 2, 'Login', 'Mozilla/5.0 (Windows NT 10.0; Win64; x64) AppleWebKit/537.36 (KHTML, like Gecko) Chrome/108.0.0.0 Safari/537.36', 'build 19045 (Windows 10)', '::1', 'Shaluka-Samaranayaka', NULL, 1, '2022-12-06 15:22:08', '2022-12-06 15:22:08'),
(166, 1, 'Login', 'Mozilla/5.0 (Windows NT 10.0; Win64; x64) AppleWebKit/537.36 (KHTML, like Gecko) Chrome/108.0.0.0 Safari/537.36', 'build 19045 (Windows 10)', '::1', 'Shaluka-Samaranayaka', NULL, 1, '2022-12-14 14:48:49', '2022-12-14 14:48:49'),
(167, 1, 'Logout', 'Mozilla/5.0 (Windows NT 10.0; Win64; x64) AppleWebKit/537.36 (KHTML, like Gecko) Chrome/108.0.0.0 Safari/537.36', 'build 19045 (Windows 10)', '::1', 'Shaluka-Samaranayaka', 'http://immiyami.mylap/Users/dashboard', 1, '2022-12-14 14:48:58', '2022-12-14 14:48:58'),
(168, 1, 'Login', 'Mozilla/5.0 (Windows NT 10.0; Win64; x64) AppleWebKit/537.36 (KHTML, like Gecko) Chrome/108.0.0.0 Safari/537.36', 'build 19045 (Windows 10)', '::1', 'Shaluka-Samaranayaka', NULL, 1, '2022-12-14 14:49:09', '2022-12-14 14:49:09'),
(169, 1, 'Logout', 'Mozilla/5.0 (Windows NT 10.0; Win64; x64) AppleWebKit/537.36 (KHTML, like Gecko) Chrome/108.0.0.0 Safari/537.36', 'build 19045 (Windows 10)', '::1', 'Shaluka-Samaranayaka', 'http://immiyami.mylap/Users/dashboard', 1, '2022-12-14 14:58:12', '2022-12-14 14:58:12'),
(170, 2, 'Login', 'Mozilla/5.0 (Windows NT 10.0; Win64; x64) AppleWebKit/537.36 (KHTML, like Gecko) Chrome/108.0.0.0 Safari/537.36', 'build 19045 (Windows 10)', '::1', 'Shaluka-Samaranayaka', NULL, 1, '2022-12-14 14:58:16', '2022-12-14 14:58:16'),
(171, 2, 'Logout', 'Mozilla/5.0 (Windows NT 10.0; Win64; x64) AppleWebKit/537.36 (KHTML, like Gecko) Chrome/108.0.0.0 Safari/537.36', 'build 19045 (Windows 10)', '::1', 'Shaluka-Samaranayaka', 'http://immiyami.mylap/memberProfile', 1, '2022-12-14 15:06:26', '2022-12-14 15:06:26'),
(172, 6, 'Login', 'Mozilla/5.0 (Windows NT 10.0; Win64; x64) AppleWebKit/537.36 (KHTML, like Gecko) Chrome/108.0.0.0 Safari/537.36', 'build 19045 (Windows 10)', '::1', 'Shaluka-Samaranayaka', NULL, 1, '2022-12-14 15:08:37', '2022-12-14 15:08:37'),
(173, 1, 'Login', 'Mozilla/5.0 (Windows NT 10.0; Win64; x64) AppleWebKit/537.36 (KHTML, like Gecko) Chrome/108.0.0.0 Safari/537.36', 'build 19045 (Windows 10)', '::1', 'Shaluka-Samaranayaka', NULL, 1, '2022-12-15 09:48:53', '2022-12-15 09:48:53'),
(174, 2, 'Login', 'Mozilla/5.0 (Windows NT 10.0; Win64; x64) AppleWebKit/537.36 (KHTML, like Gecko) Chrome/108.0.0.0 Safari/537.36', 'build 19045 (Windows 10)', '::1', 'Shaluka-Samaranayaka', NULL, 1, '2022-12-15 11:16:10', '2022-12-15 11:16:10'),
(175, 2, 'Logout', 'Mozilla/5.0 (Windows NT 10.0; Win64; x64) AppleWebKit/537.36 (KHTML, like Gecko) Chrome/108.0.0.0 Safari/537.36', 'build 19045 (Windows 10)', '::1', 'Shaluka-Samaranayaka', 'http://immiyami.mylap/memberProfile', 1, '2022-12-15 11:16:30', '2022-12-15 11:16:30'),
(176, 2, 'Login', 'Mozilla/5.0 (Windows NT 10.0; Win64; x64) AppleWebKit/537.36 (KHTML, like Gecko) Chrome/108.0.0.0 Safari/537.36', 'build 19045 (Windows 10)', '::1', 'Shaluka-Samaranayaka', NULL, 1, '2022-12-15 11:18:23', '2022-12-15 11:18:23'),
(177, 2, 'Login', 'Mozilla/5.0 (Windows NT 10.0; Win64; x64) AppleWebKit/537.36 (KHTML, like Gecko) Chrome/108.0.0.0 Safari/537.36', 'build 19045 (Windows 10)', '::1', 'Shaluka-Samaranayaka', NULL, 1, '2022-12-16 15:09:46', '2022-12-16 15:09:46'),
(178, 2, 'Login', 'Mozilla/5.0 (Windows NT 10.0; Win64; x64) AppleWebKit/537.36 (KHTML, like Gecko) Chrome/108.0.0.0 Safari/537.36', 'build 19045 (Windows 10)', '::1', 'Shaluka-Samaranayaka', NULL, 1, '2022-12-16 15:09:47', '2022-12-16 15:09:47'),
(179, 2, 'Logout', 'Mozilla/5.0 (Windows NT 10.0; Win64; x64) AppleWebKit/537.36 (KHTML, like Gecko) Chrome/108.0.0.0 Safari/537.36', 'build 19045 (Windows 10)', '::1', 'Shaluka-Samaranayaka', 'http://immiyami.mylap/post-view?post_id=Test-title-details-1-1', 1, '2022-12-16 15:17:33', '2022-12-16 15:17:33'),
(180, 6, 'Login', 'Mozilla/5.0 (Windows NT 10.0; Win64; x64) AppleWebKit/537.36 (KHTML, like Gecko) Chrome/108.0.0.0 Safari/537.36', 'build 19045 (Windows 10)', '::1', 'Shaluka-Samaranayaka', NULL, 1, '2022-12-16 15:17:36', '2022-12-16 15:17:36'),
(181, 6, 'Logout', 'Mozilla/5.0 (Windows NT 10.0; Win64; x64) AppleWebKit/537.36 (KHTML, like Gecko) Chrome/108.0.0.0 Safari/537.36', 'build 19045 (Windows 10)', '::1', 'Shaluka-Samaranayaka', 'http://immiyami.mylap/supplierProfile', 1, '2022-12-16 15:17:49', '2022-12-16 15:17:49'),
(182, 1, 'Login', 'Mozilla/5.0 (Windows NT 10.0; Win64; x64) AppleWebKit/537.36 (KHTML, like Gecko) Chrome/108.0.0.0 Safari/537.36', 'build 19045 (Windows 10)', '::1', 'Shaluka-Samaranayaka', NULL, 1, '2022-12-16 15:17:55', '2022-12-16 15:17:55'),
(183, 1, 'Logout', 'Mozilla/5.0 (Windows NT 10.0; Win64; x64) AppleWebKit/537.36 (KHTML, like Gecko) Chrome/108.0.0.0 Safari/537.36', 'build 19045 (Windows 10)', '::1', 'Shaluka-Samaranayaka', 'http://immiyami.mylap/posts', 1, '2022-12-16 15:18:12', '2022-12-16 15:18:12'),
(184, 2, 'Login', 'Mozilla/5.0 (Windows NT 10.0; Win64; x64) AppleWebKit/537.36 (KHTML, like Gecko) Chrome/108.0.0.0 Safari/537.36', 'build 19045 (Windows 10)', '::1', 'Shaluka-Samaranayaka', NULL, 1, '2022-12-16 15:18:28', '2022-12-16 15:18:28'),
(185, 2, 'Logout', 'Mozilla/5.0 (Windows NT 10.0; Win64; x64) AppleWebKit/537.36 (KHTML, like Gecko) Chrome/108.0.0.0 Safari/537.36', 'build 19045 (Windows 10)', '::1', 'Shaluka-Samaranayaka', 'http://immiyami.mylap/post-view?post_id=test-8', 1, '2022-12-16 15:18:47', '2022-12-16 15:18:47'),
(186, 6, 'Login', 'Mozilla/5.0 (Windows NT 10.0; Win64; x64) AppleWebKit/537.36 (KHTML, like Gecko) Chrome/108.0.0.0 Safari/537.36', 'build 19045 (Windows 10)', '::1', 'Shaluka-Samaranayaka', NULL, 1, '2022-12-16 15:18:52', '2022-12-16 15:18:52'),
(187, 6, 'Logout', 'Mozilla/5.0 (Windows NT 10.0; Win64; x64) AppleWebKit/537.36 (KHTML, like Gecko) Chrome/108.0.0.0 Safari/537.36', 'build 19045 (Windows 10)', '::1', 'Shaluka-Samaranayaka', 'http://immiyami.mylap/supplierProfile', 1, '2022-12-16 15:25:48', '2022-12-16 15:25:48'),
(188, 2, 'Login', 'Mozilla/5.0 (Windows NT 10.0; Win64; x64) AppleWebKit/537.36 (KHTML, like Gecko) Chrome/108.0.0.0 Safari/537.36', 'build 19045 (Windows 10)', '::1', 'Shaluka-Samaranayaka', NULL, 1, '2022-12-16 15:26:47', '2022-12-16 15:26:47'),
(189, 2, 'Login', 'Mozilla/5.0 (Windows NT 10.0; Win64; x64) AppleWebKit/537.36 (KHTML, like Gecko) Chrome/108.0.0.0 Safari/537.36', 'build 19045 (Windows 10)', '::1', 'Shaluka-Samaranayaka', NULL, 1, '2022-12-16 15:27:33', '2022-12-16 15:27:33'),
(190, 1, 'Login', 'Mozilla/5.0 (Windows NT 10.0; Win64; x64) AppleWebKit/537.36 (KHTML, like Gecko) Chrome/108.0.0.0 Safari/537.36', 'build 19045 (Windows 10)', '::1', 'Shaluka-Samaranayaka', NULL, 1, '2022-12-16 15:31:43', '2022-12-16 15:31:43'),
(191, 1, 'Logout', 'Mozilla/5.0 (Windows NT 10.0; Win64; x64) AppleWebKit/537.36 (KHTML, like Gecko) Chrome/108.0.0.0 Safari/537.36', 'build 19045 (Windows 10)', '::1', 'Shaluka-Samaranayaka', 'http://immiyami.mylap/pages/membership', 1, '2022-12-16 15:32:47', '2022-12-16 15:32:47'),
(192, 6, 'Login', 'Mozilla/5.0 (Windows NT 10.0; Win64; x64) AppleWebKit/537.36 (KHTML, like Gecko) Chrome/108.0.0.0 Safari/537.36', 'build 19045 (Windows 10)', '::1', 'Shaluka-Samaranayaka', NULL, 1, '2022-12-16 15:32:51', '2022-12-16 15:32:51'),
(193, 2, 'Login', 'Mozilla/5.0 (Windows NT 10.0; Win64; x64) AppleWebKit/537.36 (KHTML, like Gecko) Chrome/108.0.0.0 Safari/537.36', 'build 19045 (Windows 10)', '::1', 'Shaluka-Samaranayaka', NULL, 1, '2022-12-16 16:26:27', '2022-12-16 16:26:27'),
(194, 1, 'Login', 'Mozilla/5.0 (Windows NT 10.0; Win64; x64) AppleWebKit/537.36 (KHTML, like Gecko) Chrome/108.0.0.0 Safari/537.36', 'build 19045 (Windows 10)', '::1', 'Shaluka-Samaranayaka', NULL, 1, '2023-01-05 11:48:00', '2023-01-05 11:48:00'),
(195, 1, 'Login', 'Mozilla/5.0 (Windows NT 10.0; Win64; x64) AppleWebKit/537.36 (KHTML, like Gecko) Chrome/108.0.0.0 Safari/537.36', 'build 19045 (Windows 10)', '::1', 'Shaluka-Samaranayaka', NULL, 1, '2023-01-06 22:48:58', '2023-01-06 22:48:58');
INSERT INTO `user_logs` (`id`, `user_id`, `action`, `useragent`, `os`, `ip`, `host`, `referrer`, `status`, `created`, `modified`) VALUES
(196, 1, 'Login', 'Mozilla/5.0 (Windows NT 10.0; Win64; x64) AppleWebKit/537.36 (KHTML, like Gecko) Chrome/108.0.0.0 Safari/537.36', 'build 19045 (Windows 10)', '::1', 'Shaluka-Samaranayaka', NULL, 1, '2023-01-07 12:33:20', '2023-01-07 12:33:20'),
(197, 1, 'Logout', 'Mozilla/5.0 (Windows NT 10.0; Win64; x64) AppleWebKit/537.36 (KHTML, like Gecko) Chrome/108.0.0.0 Safari/537.36', 'build 19045 (Windows 10)', '::1', 'Shaluka-Samaranayaka', 'http://immiyami.mylap/Users/dashboard', 1, '2023-01-07 12:33:27', '2023-01-07 12:33:27'),
(198, 2, 'Login', 'Mozilla/5.0 (Windows NT 10.0; Win64; x64) AppleWebKit/537.36 (KHTML, like Gecko) Chrome/108.0.0.0 Safari/537.36', 'build 19045 (Windows 10)', '::1', 'Shaluka-Samaranayaka', NULL, 1, '2023-01-07 12:33:33', '2023-01-07 12:33:33'),
(199, 1, 'Login', 'Mozilla/5.0 (Windows NT 10.0; Win64; x64) AppleWebKit/537.36 (KHTML, like Gecko) Chrome/109.0.0.0 Safari/537.36', 'build 19045 (Windows 10)', '::1', 'Shaluka-Samaranayaka', NULL, 1, '2023-01-16 11:45:50', '2023-01-16 11:45:50'),
(200, 1, 'Logout', 'Mozilla/5.0 (Windows NT 10.0; Win64; x64) AppleWebKit/537.36 (KHTML, like Gecko) Chrome/109.0.0.0 Safari/537.36', 'build 19045 (Windows 10)', '::1', 'Shaluka-Samaranayaka', 'http://immiyami.mylap/pages/membership', 1, '2023-01-16 11:48:49', '2023-01-16 11:48:49'),
(201, 2, 'Login', 'Mozilla/5.0 (Windows NT 10.0; Win64; x64) AppleWebKit/537.36 (KHTML, like Gecko) Chrome/109.0.0.0 Safari/537.36', 'build 19045 (Windows 10)', '::1', 'Shaluka-Samaranayaka', NULL, 1, '2023-01-16 11:48:52', '2023-01-16 11:48:52'),
(202, 2, 'Logout', 'Mozilla/5.0 (Windows NT 10.0; Win64; x64) AppleWebKit/537.36 (KHTML, like Gecko) Chrome/109.0.0.0 Safari/537.36', 'build 19045 (Windows 10)', '::1', 'Shaluka-Samaranayaka', 'http://immiyami.mylap/memberProfile', 1, '2023-01-16 11:48:58', '2023-01-16 11:48:58'),
(203, 1, 'Login', 'Mozilla/5.0 (Windows NT 10.0; Win64; x64) AppleWebKit/537.36 (KHTML, like Gecko) Chrome/109.0.0.0 Safari/537.36', 'build 19045 (Windows 10)', '::1', 'Shaluka-Samaranayaka', NULL, 1, '2023-01-16 11:49:02', '2023-01-16 11:49:02'),
(204, 1, 'Logout', 'Mozilla/5.0 (Windows NT 10.0; Win64; x64) AppleWebKit/537.36 (KHTML, like Gecko) Chrome/109.0.0.0 Safari/537.36', 'build 19045 (Windows 10)', '::1', 'Shaluka-Samaranayaka', 'http://immiyami.mylap/payments', 1, '2023-01-16 11:50:01', '2023-01-16 11:50:01'),
(205, 2, 'Login', 'Mozilla/5.0 (Windows NT 10.0; Win64; x64) AppleWebKit/537.36 (KHTML, like Gecko) Chrome/109.0.0.0 Safari/537.36', 'build 19045 (Windows 10)', '::1', 'Shaluka-Samaranayaka', NULL, 1, '2023-01-16 11:50:06', '2023-01-16 11:50:06'),
(206, 2, 'Logout', 'Mozilla/5.0 (Windows NT 10.0; Win64; x64) AppleWebKit/537.36 (KHTML, like Gecko) Chrome/109.0.0.0 Safari/537.36', 'build 19045 (Windows 10)', '::1', 'Shaluka-Samaranayaka', 'http://immiyami.mylap/memberProfile', 1, '2023-01-16 11:50:13', '2023-01-16 11:50:13'),
(207, 1, 'Login', 'Mozilla/5.0 (Windows NT 10.0; Win64; x64) AppleWebKit/537.36 (KHTML, like Gecko) Chrome/109.0.0.0 Safari/537.36', 'build 19045 (Windows 10)', '::1', 'Shaluka-Samaranayaka', NULL, 1, '2023-01-16 11:50:18', '2023-01-16 11:50:18'),
(208, 2, 'Login', 'Mozilla/5.0 (Windows NT 10.0; Win64; x64) AppleWebKit/537.36 (KHTML, like Gecko) Chrome/109.0.0.0 Safari/537.36', 'build 19045 (Windows 10)', '::1', 'Shaluka-Samaranayaka', NULL, 1, '2023-01-16 11:51:09', '2023-01-16 11:51:09'),
(209, 1, 'Logout', 'Mozilla/5.0 (Windows NT 10.0; Win64; x64) AppleWebKit/537.36 (KHTML, like Gecko) Chrome/109.0.0.0 Safari/537.36', 'build 19045 (Windows 10)', '::1', 'Shaluka-Samaranayaka', 'http://immiyami.mylap/coupons', 1, '2023-01-16 11:59:18', '2023-01-16 11:59:18'),
(210, 2, 'Login', 'Mozilla/5.0 (Windows NT 10.0; Win64; x64) AppleWebKit/537.36 (KHTML, like Gecko) Chrome/109.0.0.0 Safari/537.36', 'build 19045 (Windows 10)', '::1', 'Shaluka-Samaranayaka', NULL, 1, '2023-01-16 11:59:25', '2023-01-16 11:59:25'),
(211, 6, 'Login', 'Mozilla/5.0 (Windows NT 10.0; Win64; x64) AppleWebKit/537.36 (KHTML, like Gecko) Chrome/109.0.0.0 Safari/537.36', 'build 19045 (Windows 10)', '::1', 'Shaluka-Samaranayaka', NULL, 1, '2023-01-16 13:55:21', '2023-01-16 13:55:21'),
(212, 6, 'Login', 'Mozilla/5.0 (Windows NT 10.0; Win64; x64) AppleWebKit/537.36 (KHTML, like Gecko) Chrome/109.0.0.0 Safari/537.36', 'build 19045 (Windows 10)', '::1', 'Shaluka-Samaranayaka', NULL, 1, '2023-01-16 15:10:01', '2023-01-16 15:10:01'),
(213, 6, 'Logout', 'Mozilla/5.0 (Windows NT 10.0; Win64; x64) AppleWebKit/537.36 (KHTML, like Gecko) Chrome/109.0.0.0 Safari/537.36', 'build 19045 (Windows 10)', '::1', 'Shaluka-Samaranayaka', 'http://immiyami.mylap/list-posts', 1, '2023-01-16 16:03:11', '2023-01-16 16:03:11'),
(214, 1, 'Login', 'Mozilla/5.0 (Windows NT 10.0; Win64; x64) AppleWebKit/537.36 (KHTML, like Gecko) Chrome/109.0.0.0 Safari/537.36', 'build 19045 (Windows 10)', '::1', 'Shaluka-Samaranayaka', NULL, 1, '2023-01-16 16:03:14', '2023-01-16 16:03:14'),
(215, 1, 'Logout', 'Mozilla/5.0 (Windows NT 10.0; Win64; x64) AppleWebKit/537.36 (KHTML, like Gecko) Chrome/109.0.0.0 Safari/537.36', 'build 19045 (Windows 10)', '::1', 'Shaluka-Samaranayaka', 'http://immiyami.mylap/', 1, '2023-01-16 16:12:35', '2023-01-16 16:12:35'),
(216, 6, 'Login', 'Mozilla/5.0 (Windows NT 10.0; Win64; x64) AppleWebKit/537.36 (KHTML, like Gecko) Chrome/109.0.0.0 Safari/537.36', 'build 19045 (Windows 10)', '::1', 'Shaluka-Samaranayaka', NULL, 1, '2023-01-16 16:12:40', '2023-01-16 16:12:40'),
(217, 6, 'Logout', 'Mozilla/5.0 (Windows NT 10.0; Win64; x64) AppleWebKit/537.36 (KHTML, like Gecko) Chrome/109.0.0.0 Safari/537.36', 'build 19045 (Windows 10)', '::1', 'Shaluka-Samaranayaka', 'http://immiyami.mylap/supplierProfile', 1, '2023-01-16 16:30:24', '2023-01-16 16:30:24'),
(218, 1, 'Login', 'Mozilla/5.0 (Windows NT 10.0; Win64; x64) AppleWebKit/537.36 (KHTML, like Gecko) Chrome/109.0.0.0 Safari/537.36', 'build 19045 (Windows 10)', '::1', 'Shaluka-Samaranayaka', NULL, 1, '2023-01-17 09:59:07', '2023-01-17 09:59:07'),
(219, 2, 'Login', 'Mozilla/5.0 (Windows NT 10.0; Win64; x64) AppleWebKit/537.36 (KHTML, like Gecko) Chrome/109.0.0.0 Safari/537.36', 'build 19045 (Windows 10)', '::1', 'Shaluka-Samaranayaka', NULL, 1, '2023-01-17 16:39:25', '2023-01-17 16:39:25'),
(220, 2, 'Logout', 'Mozilla/5.0 (Windows NT 10.0; Win64; x64) AppleWebKit/537.36 (KHTML, like Gecko) Chrome/109.0.0.0 Safari/537.36', 'build 19045 (Windows 10)', '::1', 'Shaluka-Samaranayaka', 'http://immiyami.mylap/memberProfile', 1, '2023-01-17 16:39:33', '2023-01-17 16:39:33'),
(221, 1, 'Login', 'Mozilla/5.0 (Windows NT 10.0; Win64; x64) AppleWebKit/537.36 (KHTML, like Gecko) Chrome/109.0.0.0 Safari/537.36', 'build 19045 (Windows 10)', '::1', 'Shaluka-Samaranayaka', NULL, 1, '2023-01-17 16:41:57', '2023-01-17 16:41:57'),
(222, 1, 'Logout', 'Mozilla/5.0 (Windows NT 10.0; Win64; x64) AppleWebKit/537.36 (KHTML, like Gecko) Chrome/109.0.0.0 Safari/537.36', 'build 19045 (Windows 10)', '::1', 'Shaluka-Samaranayaka', 'http://immiyami.mylap/', 1, '2023-01-17 16:50:38', '2023-01-17 16:50:38'),
(223, 1, 'Login', 'Mozilla/5.0 (Windows NT 10.0; Win64; x64) AppleWebKit/537.36 (KHTML, like Gecko) Chrome/109.0.0.0 Safari/537.36', 'build 19045 (Windows 10)', '::1', 'Shaluka-Samaranayaka', NULL, 1, '2023-01-17 16:57:52', '2023-01-17 16:57:52'),
(224, 2, 'Login', 'Mozilla/5.0 (Windows NT 10.0; Win64; x64) AppleWebKit/537.36 (KHTML, like Gecko) Chrome/109.0.0.0 Safari/537.36', 'build 19045 (Windows 10)', '::1', 'Shaluka-Samaranayaka', NULL, 1, '2023-01-21 23:04:16', '2023-01-21 23:04:16'),
(225, 2, 'Logout', 'Mozilla/5.0 (Windows NT 10.0; Win64; x64) AppleWebKit/537.36 (KHTML, like Gecko) Chrome/109.0.0.0 Safari/537.36', 'build 19045 (Windows 10)', '::1', 'Shaluka-Samaranayaka', 'http://immiyami.mylap/pages/membership', 1, '2023-01-21 23:24:21', '2023-01-21 23:24:21'),
(226, 1, 'Login', 'Mozilla/5.0 (Windows NT 10.0; Win64; x64) AppleWebKit/537.36 (KHTML, like Gecko) Chrome/109.0.0.0 Safari/537.36', 'build 19045 (Windows 10)', '::1', 'Shaluka-Samaranayaka', NULL, 1, '2023-01-21 23:24:28', '2023-01-21 23:24:28'),
(227, 2, 'Login', 'Mozilla/5.0 (Windows NT 10.0; Win64; x64) AppleWebKit/537.36 (KHTML, like Gecko) Chrome/110.0.0.0 Safari/537.36', 'build 19045 (Windows 10)', '::1', 'Shaluka-Samaranayaka', NULL, 1, '2023-02-17 13:18:36', '2023-02-17 13:18:36'),
(228, 1, 'Login', 'Mozilla/5.0 (Windows NT 10.0; Win64; x64) AppleWebKit/537.36 (KHTML, like Gecko) Chrome/110.0.0.0 Safari/537.36', 'build 19045 (Windows 10)', '::1', 'Shaluka-Samaranayaka', NULL, 1, '2023-02-22 09:36:42', '2023-02-22 09:36:42'),
(229, 1, 'Logout', 'Mozilla/5.0 (Windows NT 10.0; Win64; x64) AppleWebKit/537.36 (KHTML, like Gecko) Chrome/110.0.0.0 Safari/537.36', 'build 19045 (Windows 10)', '::1', 'Shaluka-Samaranayaka', 'http://immiyami.mylap/users/dashboard', 1, '2023-02-22 10:51:10', '2023-02-22 10:51:10'),
(230, 6, 'Login', 'Mozilla/5.0 (Windows NT 10.0; Win64; x64) AppleWebKit/537.36 (KHTML, like Gecko) Chrome/110.0.0.0 Safari/537.36', 'build 19045 (Windows 10)', '::1', 'Shaluka-Samaranayaka', NULL, 1, '2023-02-22 10:51:23', '2023-02-22 10:51:23'),
(231, 6, 'Logout', 'Mozilla/5.0 (Windows NT 10.0; Win64; x64) AppleWebKit/537.36 (KHTML, like Gecko) Chrome/110.0.0.0 Safari/537.36', 'build 19045 (Windows 10)', '::1', 'Shaluka-Samaranayaka', 'http://immiyami.mylap/supplierProfile', 1, '2023-02-22 11:01:46', '2023-02-22 11:01:46'),
(232, 1, 'Login', 'Mozilla/5.0 (Windows NT 10.0; Win64; x64) AppleWebKit/537.36 (KHTML, like Gecko) Chrome/110.0.0.0 Safari/537.36', 'build 19045 (Windows 10)', '::1', 'Shaluka-Samaranayaka', NULL, 1, '2023-02-22 11:01:52', '2023-02-22 11:01:52'),
(233, 1, 'Logout', 'Mozilla/5.0 (Windows NT 10.0; Win64; x64) AppleWebKit/537.36 (KHTML, like Gecko) Chrome/110.0.0.0 Safari/537.36', 'build 19045 (Windows 10)', '::1', 'Shaluka-Samaranayaka', 'http://immiyami.mylap/coupons/add', 1, '2023-02-22 11:25:21', '2023-02-22 11:25:21'),
(234, 6, 'Login', 'Mozilla/5.0 (Windows NT 10.0; Win64; x64) AppleWebKit/537.36 (KHTML, like Gecko) Chrome/110.0.0.0 Safari/537.36', 'build 19045 (Windows 10)', '::1', 'Shaluka-Samaranayaka', NULL, 1, '2023-02-22 11:25:26', '2023-02-22 11:25:26'),
(235, 1, 'Login', 'Mozilla/5.0 (Windows NT 10.0; Win64; x64) AppleWebKit/537.36 (KHTML, like Gecko) Chrome/110.0.0.0 Safari/537.36', 'build 19045 (Windows 10)', '::1', 'Shaluka-Samaranayaka', NULL, 1, '2023-02-22 12:56:36', '2023-02-22 12:56:36'),
(236, 1, 'Logout', 'Mozilla/5.0 (Windows NT 10.0; Win64; x64) AppleWebKit/537.36 (KHTML, like Gecko) Chrome/110.0.0.0 Safari/537.36', 'build 19045 (Windows 10)', '::1', 'Shaluka-Samaranayaka', 'http://immiyami.mylap/Videos', 1, '2023-02-22 13:24:07', '2023-02-22 13:24:07'),
(237, 1, 'Login', 'Mozilla/5.0 (Windows NT 10.0; Win64; x64) AppleWebKit/537.36 (KHTML, like Gecko) Chrome/110.0.0.0 Safari/537.36', 'build 19045 (Windows 10)', '::1', 'Shaluka-Samaranayaka', NULL, 1, '2023-02-22 14:20:52', '2023-02-22 14:20:52'),
(238, 1, 'Login', 'Mozilla/5.0 (Windows NT 10.0; Win64; x64) AppleWebKit/537.36 (KHTML, like Gecko) Chrome/110.0.0.0 Safari/537.36', 'build 19045 (Windows 10)', '::1', 'Shaluka-Samaranayaka', NULL, 1, '2023-02-22 16:19:34', '2023-02-22 16:19:34'),
(239, 1, 'Logout', 'Mozilla/5.0 (Windows NT 10.0; Win64; x64) AppleWebKit/537.36 (KHTML, like Gecko) Chrome/110.0.0.0 Safari/537.36', 'build 19045 (Windows 10)', '::1', 'Shaluka-Samaranayaka', 'http://immiyami.mylap/post-view?post_id=Test-Ag-18&view_type=profile', 1, '2023-02-22 16:41:14', '2023-02-22 16:41:14'),
(240, 2, 'Login', 'Mozilla/5.0 (Windows NT 10.0; Win64; x64) AppleWebKit/537.36 (KHTML, like Gecko) Chrome/110.0.0.0 Safari/537.36', 'build 19045 (Windows 10)', '::1', 'Shaluka-Samaranayaka', NULL, 1, '2023-02-22 16:41:31', '2023-02-22 16:41:31'),
(241, 2, 'Logout', 'Mozilla/5.0 (Windows NT 10.0; Win64; x64) AppleWebKit/537.36 (KHTML, like Gecko) Chrome/110.0.0.0 Safari/537.36', 'build 19045 (Windows 10)', '::1', 'Shaluka-Samaranayaka', 'http://immiyami.mylap/memberProfile', 1, '2023-02-22 17:16:43', '2023-02-22 17:16:43'),
(242, 1, 'Login', 'Mozilla/5.0 (Windows NT 10.0; Win64; x64) AppleWebKit/537.36 (KHTML, like Gecko) Chrome/110.0.0.0 Safari/537.36', 'build 19045 (Windows 10)', '::1', 'Shaluka-Samaranayaka', NULL, 1, '2023-02-22 17:16:48', '2023-02-22 17:16:48'),
(243, 1, 'Logout', 'Mozilla/5.0 (Windows NT 10.0; Win64; x64) AppleWebKit/537.36 (KHTML, like Gecko) Chrome/110.0.0.0 Safari/537.36', 'build 19045 (Windows 10)', '::1', 'Shaluka-Samaranayaka', 'http://immiyami.mylap/feesibility?qualificationName=%20Sub%20Class_189-10', 1, '2023-02-22 17:20:12', '2023-02-22 17:20:12'),
(244, 2, 'Login', 'Mozilla/5.0 (Windows NT 10.0; Win64; x64) AppleWebKit/537.36 (KHTML, like Gecko) Chrome/110.0.0.0 Safari/537.36', 'build 19045 (Windows 10)', '::1', 'Shaluka-Samaranayaka', NULL, 1, '2023-02-22 17:20:15', '2023-02-22 17:20:15'),
(245, 1, 'Login', 'Mozilla/5.0 (Windows NT 10.0; Win64; x64) AppleWebKit/537.36 (KHTML, like Gecko) Chrome/110.0.0.0 Safari/537.36', 'build 19045 (Windows 10)', '::1', 'Shaluka-Samaranayaka', NULL, 1, '2023-02-22 20:18:06', '2023-02-22 20:18:06'),
(246, 1, 'Login', 'Mozilla/5.0 (Windows NT 10.0; Win64; x64) AppleWebKit/537.36 (KHTML, like Gecko) Chrome/110.0.0.0 Safari/537.36', 'build 19045 (Windows 10)', '::1', 'Shaluka-Samaranayaka', NULL, 1, '2023-02-25 11:44:13', '2023-02-25 11:44:13'),
(247, 2, 'Login', 'Mozilla/5.0 (Windows NT 10.0; Win64; x64) AppleWebKit/537.36 (KHTML, like Gecko) Chrome/110.0.0.0 Safari/537.36', 'build 19045 (Windows 10)', '::1', 'Shaluka-Samaranayaka', NULL, 1, '2023-02-25 12:18:20', '2023-02-25 12:18:20'),
(248, 2, 'Login', 'Mozilla/5.0 (Windows NT 10.0; Win64; x64) AppleWebKit/537.36 (KHTML, like Gecko) Chrome/110.0.0.0 Safari/537.36', 'build 19045 (Windows 10)', '::1', 'Shaluka-Samaranayaka', NULL, 1, '2023-02-26 09:47:00', '2023-02-26 09:47:00'),
(249, 1, 'Login', 'Mozilla/5.0 (Windows NT 10.0; Win64; x64) AppleWebKit/537.36 (KHTML, like Gecko) Chrome/110.0.0.0 Safari/537.36', 'build 19045 (Windows 10)', '::1', 'Shaluka-Samaranayaka', NULL, 1, '2023-03-01 12:31:55', '2023-03-01 12:31:55'),
(250, 1, 'Login', 'Mozilla/5.0 (Windows NT 10.0; Win64; x64) AppleWebKit/537.36 (KHTML, like Gecko) Chrome/110.0.0.0 Safari/537.36', 'build 19045 (Windows 10)', '::1', 'Shaluka-Samaranayaka', NULL, 1, '2023-03-02 14:01:26', '2023-03-02 14:01:26'),
(251, 1, 'Logout', 'Mozilla/5.0 (Windows NT 10.0; Win64; x64) AppleWebKit/537.36 (KHTML, like Gecko) Chrome/110.0.0.0 Safari/537.36', 'build 19045 (Windows 10)', '::1', 'Shaluka-Samaranayaka', 'http://immiyami.mylap/', 1, '2023-03-02 14:15:23', '2023-03-02 14:15:23'),
(252, 6, 'Login', 'Mozilla/5.0 (Windows NT 10.0; Win64; x64) AppleWebKit/537.36 (KHTML, like Gecko) Chrome/110.0.0.0 Safari/537.36', 'build 19045 (Windows 10)', '::1', 'Shaluka-Samaranayaka', NULL, 1, '2023-03-02 14:18:05', '2023-03-02 14:18:05'),
(253, 6, 'Logout', 'Mozilla/5.0 (Windows NT 10.0; Win64; x64) AppleWebKit/537.36 (KHTML, like Gecko) Chrome/110.0.0.0 Safari/537.36', 'build 19045 (Windows 10)', '::1', 'Shaluka-Samaranayaka', 'http://immiyami.mylap/pages/membership', 1, '2023-03-02 14:18:48', '2023-03-02 14:18:48'),
(254, 1, 'Login', 'Mozilla/5.0 (Windows NT 10.0; Win64; x64) AppleWebKit/537.36 (KHTML, like Gecko) Chrome/110.0.0.0 Safari/537.36', 'build 19045 (Windows 10)', '::1', 'Shaluka-Samaranayaka', NULL, 1, '2023-03-02 14:18:54', '2023-03-02 14:18:54'),
(255, 1, 'Logout', 'Mozilla/5.0 (Windows NT 10.0; Win64; x64) AppleWebKit/537.36 (KHTML, like Gecko) Chrome/110.0.0.0 Safari/537.36', 'build 19045 (Windows 10)', '::1', 'Shaluka-Samaranayaka', 'http://immiyami.mylap/Users/dashboard', 1, '2023-03-02 14:19:01', '2023-03-02 14:19:01'),
(256, 2, 'Login', 'Mozilla/5.0 (Windows NT 10.0; Win64; x64) AppleWebKit/537.36 (KHTML, like Gecko) Chrome/110.0.0.0 Safari/537.36', 'build 19045 (Windows 10)', '::1', 'Shaluka-Samaranayaka', NULL, 1, '2023-03-02 14:19:07', '2023-03-02 14:19:07'),
(257, 2, 'Logout', 'Mozilla/5.0 (Windows NT 10.0; Win64; x64) AppleWebKit/537.36 (KHTML, like Gecko) Chrome/110.0.0.0 Safari/537.36', 'build 19045 (Windows 10)', '::1', 'Shaluka-Samaranayaka', 'http://immiyami.mylap/post-view?post_id=Test-title-details-1-1', 1, '2023-03-02 14:21:55', '2023-03-02 14:21:55'),
(258, 1, 'Login', 'Mozilla/5.0 (Windows NT 10.0; Win64; x64) AppleWebKit/537.36 (KHTML, like Gecko) Chrome/110.0.0.0 Safari/537.36', 'build 19045 (Windows 10)', '::1', 'Shaluka-Samaranayaka', NULL, 1, '2023-03-02 14:25:34', '2023-03-02 14:25:34'),
(259, 1, 'Logout', 'Mozilla/5.0 (Windows NT 10.0; Win64; x64) AppleWebKit/537.36 (KHTML, like Gecko) Chrome/110.0.0.0 Safari/537.36', 'build 19045 (Windows 10)', '::1', 'Shaluka-Samaranayaka', 'http://immiyami.mylap/list-posts', 1, '2023-03-02 14:31:15', '2023-03-02 14:31:15'),
(260, 1, 'Login', 'Mozilla/5.0 (Windows NT 10.0; Win64; x64) AppleWebKit/537.36 (KHTML, like Gecko) Chrome/110.0.0.0 Safari/537.36', 'build 19045 (Windows 10)', '::1', 'Shaluka-Samaranayaka', NULL, 1, '2023-03-02 15:22:14', '2023-03-02 15:22:14'),
(261, 1, 'Logout', 'Mozilla/5.0 (Windows NT 10.0; Win64; x64) AppleWebKit/537.36 (KHTML, like Gecko) Chrome/110.0.0.0 Safari/537.36', 'build 19045 (Windows 10)', '::1', 'Shaluka-Samaranayaka', 'http://immiyami.mylap/Users/supplierp', 1, '2023-03-02 15:37:06', '2023-03-02 15:37:06'),
(262, 6, 'Login', 'Mozilla/5.0 (Windows NT 10.0; Win64; x64) AppleWebKit/537.36 (KHTML, like Gecko) Chrome/110.0.0.0 Safari/537.36', 'build 19045 (Windows 10)', '::1', 'Shaluka-Samaranayaka', NULL, 1, '2023-03-02 15:37:12', '2023-03-02 15:37:12'),
(263, 6, 'Logout', 'Mozilla/5.0 (Windows NT 10.0; Win64; x64) AppleWebKit/537.36 (KHTML, like Gecko) Chrome/110.0.0.0 Safari/537.36', 'build 19045 (Windows 10)', '::1', 'Shaluka-Samaranayaka', 'http://immiyami.mylap/supplierProfile', 1, '2023-03-02 15:41:58', '2023-03-02 15:41:58'),
(264, 1, 'Login', 'Mozilla/5.0 (Windows NT 10.0; Win64; x64) AppleWebKit/537.36 (KHTML, like Gecko) Chrome/110.0.0.0 Safari/537.36', 'build 19045 (Windows 10)', '::1', 'Shaluka-Samaranayaka', NULL, 1, '2023-03-02 15:42:02', '2023-03-02 15:42:02'),
(265, 1, 'Login', 'Mozilla/5.0 (Windows NT 10.0; Win64; x64) AppleWebKit/537.36 (KHTML, like Gecko) Chrome/110.0.0.0 Safari/537.36', 'build 19045 (Windows 10)', '::1', 'Shaluka-Samaranayaka', NULL, 1, '2023-03-02 17:23:52', '2023-03-02 17:23:52'),
(266, 1, 'Logout', 'Mozilla/5.0 (Windows NT 10.0; Win64; x64) AppleWebKit/537.36 (KHTML, like Gecko) Chrome/110.0.0.0 Safari/537.36', 'build 19045 (Windows 10)', '::1', 'Shaluka-Samaranayaka', 'http://immiyami.mylap/users/report', 1, '2023-03-02 17:38:47', '2023-03-02 17:38:47'),
(267, 6, 'Login', 'Mozilla/5.0 (Windows NT 10.0; Win64; x64) AppleWebKit/537.36 (KHTML, like Gecko) Chrome/110.0.0.0 Safari/537.36', 'build 19045 (Windows 10)', '::1', 'Shaluka-Samaranayaka', NULL, 1, '2023-03-02 17:38:53', '2023-03-02 17:38:53');

-- --------------------------------------------------------

--
-- Table structure for table `videos`
--

DROP TABLE IF EXISTS `videos`;
CREATE TABLE IF NOT EXISTS `videos` (
  `id` bigint(20) NOT NULL AUTO_INCREMENT,
  `title` varchar(255) COLLATE utf8_unicode_ci DEFAULT NULL,
  `featured` enum('0','1') COLLATE utf8_unicode_ci DEFAULT '0',
  `type` enum('youtube','upload') COLLATE utf8_unicode_ci NOT NULL DEFAULT 'youtube',
  `url` text COLLATE utf8_unicode_ci,
  `photo` varchar(255) COLLATE utf8_unicode_ci DEFAULT NULL,
  `photo_dir` varchar(255) COLLATE utf8_unicode_ci DEFAULT NULL,
  `file` varchar(255) COLLATE utf8_unicode_ci DEFAULT NULL,
  `file_dir` varchar(255) COLLATE utf8_unicode_ci DEFAULT NULL,
  `premium` enum('0','1') COLLATE utf8_unicode_ci NOT NULL DEFAULT '0',
  `status` enum('0','1') COLLATE utf8_unicode_ci NOT NULL DEFAULT '0',
  `created` timestamp NOT NULL DEFAULT CURRENT_TIMESTAMP,
  PRIMARY KEY (`id`)
) ENGINE=InnoDB AUTO_INCREMENT=7 DEFAULT CHARSET=utf8 COLLATE=utf8_unicode_ci;

--
-- Dumping data for table `videos`
--

INSERT INTO `videos` (`id`, `title`, `featured`, `type`, `url`, `photo`, `photo_dir`, `file`, `file_dir`, `premium`, `status`, `created`) VALUES
(4, 'Lorem ipsum dolor sit amet consect adipisicing elit', '1', 'upload', '', 'yami2.jpg', '3c47b1e9-49e5-4bb5-ba26-5dd5e83c4ce1', '01.mp4', '1256e3d8-05c7-4f8c-850b-233f9b64fe1c', '0', '1', '2022-08-03 05:05:09'),
(5, 'Immigration Service Provider James Pittman of Docketwise.com (Summer 2022)', '0', 'youtube', 'https://www.youtube.com/watch?v=NustrdODueE', NULL, NULL, NULL, NULL, '0', '1', '2022-08-03 05:09:38'),
(6, 'Lorem ipsum dolor sit amet consect adipisicing elit', '1', 'upload', '', 'yami.jpg', '6fc62fbe-6734-44a0-a1f7-0779038f6546', '02.mp4', '2950c081-488e-41a5-b951-0579c9571be3', '1', '1', '2022-08-03 05:10:23');

-- --------------------------------------------------------

--
-- Table structure for table `xml_countries`
--

DROP TABLE IF EXISTS `xml_countries`;
CREATE TABLE IF NOT EXISTS `xml_countries` (
  `id` bigint(20) NOT NULL AUTO_INCREMENT,
  `name` varchar(255) COLLATE utf8_unicode_ci DEFAULT NULL,
  `xml_sheet_id` bigint(20) DEFAULT NULL,
  `created` timestamp NOT NULL DEFAULT CURRENT_TIMESTAMP,
  PRIMARY KEY (`id`),
  KEY `fk_xml_sheet_contries` (`xml_sheet_id`)
) ENGINE=InnoDB AUTO_INCREMENT=23 DEFAULT CHARSET=utf8 COLLATE=utf8_unicode_ci;

--
-- Dumping data for table `xml_countries`
--

INSERT INTO `xml_countries` (`id`, `name`, `xml_sheet_id`, `created`) VALUES
(4, 'Australia', 4, '2022-09-08 12:15:36'),
(5, 'Srilanka', 4, '2022-09-08 12:15:37'),
(6, ' Australia', 5, '2022-10-28 12:00:26'),
(7, ' Srilanka', 5, '2022-10-28 12:00:26'),
(8, ' Australia', 6, '2022-10-28 16:05:15'),
(9, ' Canada', 6, '2022-10-28 16:05:15'),
(10, ' Srilanka', 6, '2022-10-28 16:05:16'),
(11, ' Australia', 7, '2023-02-25 11:45:03'),
(12, ' Nethalands', 7, '2023-02-25 11:45:04'),
(13, ' Sweden', 7, '2023-02-25 11:45:05'),
(14, ' Japan', 7, '2023-02-25 11:45:06'),
(15, ' Canada', 7, '2023-02-25 11:45:06'),
(16, ' New Zealand', 7, '2023-02-25 11:45:07'),
(17, ' Australia', 8, '2023-02-25 11:53:08'),
(18, ' Nethalands', 8, '2023-02-25 11:53:09'),
(19, ' Sweden', 8, '2023-02-25 11:53:09'),
(20, ' Japan', 8, '2023-02-25 11:53:10'),
(21, ' Canada', 8, '2023-02-25 11:53:11'),
(22, ' New Zealand', 8, '2023-02-25 11:53:12');

-- --------------------------------------------------------

--
-- Table structure for table `xml_criterias`
--

DROP TABLE IF EXISTS `xml_criterias`;
CREATE TABLE IF NOT EXISTS `xml_criterias` (
  `id` bigint(20) NOT NULL AUTO_INCREMENT,
  `name` varchar(255) COLLATE utf8_unicode_ci DEFAULT NULL,
  `tagname` varchar(255) COLLATE utf8_unicode_ci DEFAULT NULL,
  `useForSuggestions` enum('0','1') COLLATE utf8_unicode_ci NOT NULL DEFAULT '0',
  `maxpoint` varchar(255) COLLATE utf8_unicode_ci DEFAULT NULL,
  `question` text COLLATE utf8_unicode_ci NOT NULL,
  `help_link` text COLLATE utf8_unicode_ci,
  `xml_qualification_id` bigint(20) DEFAULT NULL,
  `created` timestamp NOT NULL DEFAULT CURRENT_TIMESTAMP,
  PRIMARY KEY (`id`),
  KEY `fk_xml_quelification` (`xml_qualification_id`)
) ENGINE=InnoDB AUTO_INCREMENT=415 DEFAULT CHARSET=utf8 COLLATE=utf8_unicode_ci;

--
-- Dumping data for table `xml_criterias`
--

INSERT INTO `xml_criterias` (`id`, `name`, `tagname`, `useForSuggestions`, `maxpoint`, `question`, `help_link`, `xml_qualification_id`, `created`) VALUES
(24, 'Age', 'Age', '0', '25', 'What is your Age?', NULL, 4, '2022-09-08 12:15:36'),
(25, 'EnglishLanguageSkills', 'EnglishLanguageSkills', '1', '20', 'What is your English language proficientcy?', NULL, 4, '2022-09-08 12:15:36'),
(26, 'SkilledEmploymentExperience', 'SkilledEmploymentExperience', '1', '15', 'What is your Skilled Employment Experience?', NULL, 4, '2022-09-08 12:15:36'),
(27, 'AustralianSkilledEmployment', 'AustralianSkilledEmployment', '1', '20', 'What is your Australian Skilled Employment?', NULL, 4, '2022-09-08 12:15:36'),
(28, 'EducationalQualification', 'EducationalQualification', '1', '20', 'What is your Educational Qualification?', NULL, 4, '2022-09-08 12:15:36'),
(29, 'SpecialistEducation', 'SpecialistEducation', '1', '10', 'Do you have a Specialist Education?', NULL, 4, '2022-09-08 12:15:37'),
(30, 'AustralianStudy', 'AustralianStudy', '1', '5', 'Have you studied in Australia for 2 years?', NULL, 4, '2022-09-08 12:15:37'),
(31, 'ProfessionalYear', 'ProfessionalYear', '1', '5', 'Have you worked in Australia?', NULL, 4, '2022-09-08 12:15:37'),
(32, 'CommunityLanguage', 'CommunityLanguage', '1', '5', 'Do you have a community language skill?', NULL, 4, '2022-09-08 12:15:37'),
(33, 'StudyInRegional', 'StudyInRegional', '1', '5', 'Have you studied in Regionall Australia?', NULL, 4, '2022-09-08 12:15:37'),
(34, 'PartnerSkills', 'PartnerSkills', '1', '10', 'Does your partner qualify for skills?', NULL, 4, '2022-09-08 12:15:37'),
(35, 'Age', 'Age', '0', '25', 'What is your Age?', NULL, 5, '2022-09-08 12:15:37'),
(36, 'EnglishLanguageSkills', 'EnglishLanguageSkills', '1', '20', 'What is your English language proficientcy?', NULL, 5, '2022-09-08 12:15:37'),
(37, 'SkilledEmploymentExperience', 'SkilledEmploymentExperience', '1', '15', 'What is your Skilled Employment Experience?', NULL, 5, '2022-09-08 12:15:37'),
(38, 'AustralianSkilledEmployment', 'AustralianSkilledEmployment', '1', '20', 'What is your Australian Skilled Employment?', NULL, 5, '2022-09-08 12:15:37'),
(39, 'EducationalQualification', 'EducationalQualification', '1', '20', 'What is your Educational Qualification?', NULL, 5, '2022-09-08 12:15:37'),
(40, 'SpecialistEducation', 'SpecialistEducation', '1', '10', 'Do you have a Specialist Education?', NULL, 5, '2022-09-08 12:15:37'),
(41, 'AustralianStudy', 'AustralianStudy', '1', '5', 'Have you studied in Australia for 2 years?', NULL, 5, '2022-09-08 12:15:37'),
(42, 'ProfessionalYear', 'ProfessionalYear', '1', '5', 'Have you worked in Australia?', NULL, 5, '2022-09-08 12:15:37'),
(43, 'CommunityLanguage', 'CommunityLanguage', '1', '5', 'Do you have a community language skill?', NULL, 5, '2022-09-08 12:15:37'),
(44, 'StudyInRegional', 'StudyInRegional', '1', '5', 'Have you studied in Regionall Australia?', NULL, 5, '2022-09-08 12:15:37'),
(45, 'PartnerSkills', 'PartnerSkills', '1', '10', 'Does your partner qualify for skills?', NULL, 5, '2022-09-08 12:15:37'),
(46, 'Age', 'Age', '0', '25', 'What is your Age?', NULL, 6, '2022-10-28 12:00:26'),
(47, 'EnglishLanguageSkills', 'EnglishLanguageSkills', '1', '20', 'What is your English language proficientcy?', NULL, 6, '2022-10-28 12:00:26'),
(48, 'SkilledEmploymentExperience', 'SkilledEmploymentExperience', '1', '15', 'What is your Skilled Employment Experience?', NULL, 6, '2022-10-28 12:00:26'),
(49, 'AustralianSkilledEmployment', 'AustralianSkilledEmployment', '1', '20', 'What is your Australian Skilled Employment?', NULL, 6, '2022-10-28 12:00:26'),
(50, 'EducationalQualification', 'EducationalQualification', '1', '20', 'What is your Educational Qualification?', NULL, 6, '2022-10-28 12:00:26'),
(51, 'SpecialistEducation', 'SpecialistEducation', '1', '10', 'Do you have a Specialist Education?', NULL, 6, '2022-10-28 12:00:26'),
(52, 'AustralianStudy', 'AustralianStudy', '1', '5', 'Have you studied in Australia for 2 years?', NULL, 6, '2022-10-28 12:00:26'),
(53, 'ProfessionalYear', 'ProfessionalYear', '1', '5', 'Have you worked in Australia?', NULL, 6, '2022-10-28 12:00:26'),
(54, 'CommunityLanguage', 'CommunityLanguage', '1', '5', 'Do you have a community language skill?', NULL, 6, '2022-10-28 12:00:26'),
(55, 'StudyInRegional', 'StudyInRegional', '1', '5', 'Have you studied in Regionall Australia?', NULL, 6, '2022-10-28 12:00:26'),
(56, 'PartnerSkills', 'PartnerSkills', '1', '10', 'Does your partner qualify for skills?', NULL, 6, '2022-10-28 12:00:26'),
(57, 'Age', 'Age', '0', '25', 'What is your Age?', NULL, 7, '2022-10-28 12:00:26'),
(58, 'EnglishLanguageSkills', 'EnglishLanguageSkills', '1', '20', 'What is your English language proficientcy?', NULL, 7, '2022-10-28 12:00:27'),
(59, 'SkilledEmploymentExperience', 'SkilledEmploymentExperience', '1', '15', 'What is your Skilled Employment Experience?', NULL, 7, '2022-10-28 12:00:27'),
(60, 'AustralianSkilledEmployment', 'AustralianSkilledEmployment', '1', '20', 'What is your Australian Skilled Employment?', NULL, 7, '2022-10-28 12:00:27'),
(61, 'EducationalQualification', 'EducationalQualification', '1', '20', 'What is your Educational Qualification?', NULL, 7, '2022-10-28 12:00:27'),
(62, 'SpecialistEducation', 'SpecialistEducation', '1', '10', 'Do you have a Specialist Education?', NULL, 7, '2022-10-28 12:00:27'),
(63, 'AustralianStudy', 'AustralianStudy', '1', '5', 'Have you studied in Australia for 2 years?', NULL, 7, '2022-10-28 12:00:27'),
(64, 'ProfessionalYear', 'ProfessionalYear', '1', '5', 'Have you worked in Australia?', NULL, 7, '2022-10-28 12:00:27'),
(65, 'CommunityLanguage', 'CommunityLanguage', '1', '5', 'Do you have a community language skill?', NULL, 7, '2022-10-28 12:00:27'),
(66, 'StudyInRegional', 'StudyInRegional', '1', '5', 'Have you studied in Regionall Australia?', NULL, 7, '2022-10-28 12:00:27'),
(67, 'PartnerSkills', 'PartnerSkills', '1', '10', 'Does your partner qualify for skills?', NULL, 7, '2022-10-28 12:00:27'),
(68, 'Age', 'Age', '0', '25', 'What is your Age?', NULL, 8, '2022-10-28 16:05:15'),
(69, 'EnglishLanguageSkills', 'EnglishLanguageSkills', '1', '20', 'What is your English language proficientcy?', NULL, 8, '2022-10-28 16:05:15'),
(70, 'SkilledEmploymentExperience', 'SkilledEmploymentExperience', '1', '15', 'What is your Skilled Employment Experience?', NULL, 8, '2022-10-28 16:05:15'),
(71, 'AustralianSkilledEmployment', 'AustralianSkilledEmployment', '1', '20', 'What is your Australian Skilled Employment?', NULL, 8, '2022-10-28 16:05:15'),
(72, 'EducationalQualification', 'EducationalQualification', '1', '20', 'What is your Educational Qualification?', NULL, 8, '2022-10-28 16:05:15'),
(73, 'SpecialistEducation', 'SpecialistEducation', '1', '10', 'Do you have a Specialist Education?', NULL, 8, '2022-10-28 16:05:15'),
(74, 'AustralianStudy', 'AustralianStudy', '1', '5', 'Have you studied in Australia for 2 years?', NULL, 8, '2022-10-28 16:05:15'),
(75, 'ProfessionalYear', 'ProfessionalYear', '1', '5', 'Have you worked in Australia?', NULL, 8, '2022-10-28 16:05:15'),
(76, 'CommunityLanguage', 'CommunityLanguage', '1', '5', 'Do you have a community language skill?', NULL, 8, '2022-10-28 16:05:15'),
(77, 'StudyInRegional', 'StudyInRegional', '1', '5', 'Have you studied in Regionall Australia?', NULL, 8, '2022-10-28 16:05:15'),
(78, 'PartnerSkills', 'PartnerSkills', '1', '10', 'Does your partner qualify for skills?', NULL, 8, '2022-10-28 16:05:15'),
(79, 'Age', 'Age', '0', '25', 'None What is your Age?', NULL, 9, '2022-10-28 16:05:15'),
(80, 'EnglishLanguageSkills', 'EnglishLanguageSkills', '1', '20', 'None What is your English language proficientcy?', NULL, 9, '2022-10-28 16:05:15'),
(81, 'SkilledEmploymentExperience', 'SkilledEmploymentExperience', '1', '15', 'None What is your Skilled Employment Experience?', NULL, 9, '2022-10-28 16:05:15'),
(82, 'AustralianSkilledEmployment', 'AustralianSkilledEmployment', '1', '20', 'None What is your Australian Skilled Employment?', NULL, 9, '2022-10-28 16:05:16'),
(83, 'EducationalQualification', 'EducationalQualification', '1', '20', 'None What is your Educational Qualification?', NULL, 9, '2022-10-28 16:05:16'),
(84, 'SpecialistEducation', 'SpecialistEducation', '1', '10', 'None Do you have a Specialist Education?', NULL, 9, '2022-10-28 16:05:16'),
(85, 'AustralianStudy', 'AustralianStudy', '1', '5', 'None Have you studied in Australia for 2 years?', NULL, 9, '2022-10-28 16:05:16'),
(86, 'ProfessionalYear', 'ProfessionalYear', '1', '5', 'None Have you worked in Australia?', NULL, 9, '2022-10-28 16:05:16'),
(87, 'CommunityLanguage', 'CommunityLanguage', '1', '5', 'None Do you have a community language skill?', NULL, 9, '2022-10-28 16:05:16'),
(88, 'StudyInRegional', 'StudyInRegional', '1', '5', 'None Have you studied in Regionall Australia?', NULL, 9, '2022-10-28 16:05:16'),
(89, 'PartnerSkills', 'PartnerSkills', '1', '10', 'None Does your partner qualify for skills?', NULL, 9, '2022-10-28 16:05:16'),
(90, 'Age', 'Age', '0', '25', 'What is your Age?', NULL, 10, '2022-10-28 16:05:16'),
(91, 'EnglishLanguageSkills', 'EnglishLanguageSkills', '1', '20', 'What is your English language proficientcy?', NULL, 10, '2022-10-28 16:05:16'),
(92, 'SkilledEmploymentExperience', 'SkilledEmploymentExperience', '1', '15', 'What is your Skilled Employment Experience?', NULL, 10, '2022-10-28 16:05:16'),
(93, 'AustralianSkilledEmployment', 'AustralianSkilledEmployment', '1', '20', 'What is your Australian Skilled Employment?', NULL, 10, '2022-10-28 16:05:16'),
(94, 'EducationalQualification', 'EducationalQualification', '1', '20', 'What is your Educational Qualification?', NULL, 10, '2022-10-28 16:05:16'),
(95, 'SpecialistEducation', 'SpecialistEducation', '1', '10', 'Do you have a Specialist Education?', NULL, 10, '2022-10-28 16:05:16'),
(96, 'AustralianStudy', 'AustralianStudy', '1', '5', 'Have you studied in Australia for 2 years?', NULL, 10, '2022-10-28 16:05:16'),
(97, 'ProfessionalYear', 'ProfessionalYear', '1', '5', 'Have you worked in Australia?', NULL, 10, '2022-10-28 16:05:16'),
(98, 'CommunityLanguage', 'CommunityLanguage', '1', '5', 'Do you have a community language skill?', NULL, 10, '2022-10-28 16:05:16'),
(99, 'StudyInRegional', 'StudyInRegional', '1', '5', 'Have you studied in Regionall Australia?', NULL, 10, '2022-10-28 16:05:16'),
(100, 'PartnerSkills', 'PartnerSkills', '1', '10', 'Does your partner qualify for skills?', NULL, 10, '2022-10-28 16:05:16'),
(101, 'Age', 'Age', '0', '20', 'What is your Age?', NULL, 11, '2023-02-25 11:45:03'),
(102, 'EducationalQualification', 'EducationalQualification', '1', '30', 'What is your highest education qualification?', NULL, 11, '2023-02-25 11:45:04'),
(103, 'EnglishLanguageSkills', 'EnglishLanguageSkills', '1', '20', 'What is your English language ability?', NULL, 11, '2023-02-25 11:45:04'),
(104, 'SkilledEmploymentExperience', 'SkilledEmploymentExperience', '1', '15', 'How many years of experience do you have?', NULL, 11, '2023-02-25 11:45:04'),
(105, 'FundsAvailability', 'FundsAvailability', '1', '15', 'What is your confort level of spending?', NULL, 11, '2023-02-25 11:45:04'),
(106, 'Health_Character', 'Health_Character', '0', '10', 'How do you rank your health and charactor?', NULL, 11, '2023-02-25 11:45:04'),
(107, 'Age', 'Age', '0', '20', 'What is your Age?', NULL, 12, '2023-02-25 11:45:04'),
(108, 'EducationalQualification', 'EducationalQualification', '1', '20', 'What is your highest education qualification?', NULL, 12, '2023-02-25 11:45:04'),
(109, 'EnglishLanguageSkills', 'EnglishLanguageSkills', '1', '20', 'What is your English language ability?', NULL, 12, '2023-02-25 11:45:04'),
(110, 'SkilledEmploymentExperience', 'SkilledEmploymentExperience', '1', '15', 'How many years of experience do you have?', NULL, 12, '2023-02-25 11:45:04'),
(111, 'ProfessionalQualificaton', 'ProfessionalQualificaton', '1', '10', 'Do you have any profesional qualification?', NULL, 12, '2023-02-25 11:45:04'),
(112, 'FundsAvailability', 'FundsAvailability', '1', '15', 'What is your confort level of spending?', NULL, 12, '2023-02-25 11:45:04'),
(113, 'Health_Character', 'Health_Character', '0', '10', 'How do you rank your health and charactor?', NULL, 12, '2023-02-25 11:45:04'),
(114, 'Age', 'Age', '0', '15', 'What is your Age?', NULL, 13, '2023-02-25 11:45:04'),
(115, 'EducationalQualification', 'EducationalQualification', '1', '15', 'What is your highest education qualification?', NULL, 13, '2023-02-25 11:45:04'),
(116, 'EnglishLanguageSkills', 'EnglishLanguageSkills', '1', '10', 'What is your English language ability?', NULL, 13, '2023-02-25 11:45:04'),
(117, 'InvestmentAmount', 'InvestmentAmount', '1', '20', 'Whats your investment capacity?', NULL, 13, '2023-02-25 11:45:04'),
(118, 'Export', 'Export', '1', '10', 'Does your business export oriented?', NULL, 13, '2023-02-25 11:45:04'),
(119, 'Job_Creation', 'Job_Creation', '1', '15', 'How many full time jobs will it create?', NULL, 13, '2023-02-25 11:45:04'),
(120, 'Export_Income', 'Export_Income', '1', '10', 'What is the expected annual income?', NULL, 13, '2023-02-25 11:45:04'),
(121, 'Regional', 'Regional', '1', '5', 'Do youliketo settle in regional?', NULL, 13, '2023-02-25 11:45:04'),
(122, 'Health_Character', 'Health_Character', '0', '10', 'How do you rank your health and charactor?', NULL, 13, '2023-02-25 11:45:04'),
(123, 'Age', 'Age', '0', '30', 'What is your Age?', NULL, 14, '2023-02-25 11:45:04'),
(124, 'EnglishLanguageSkills', 'EnglishLanguageSkills', '1', '20', 'What is your English language ability?', NULL, 14, '2023-02-25 11:45:04'),
(125, 'SkilledEmploymentExperience', 'SkilledEmploymentExperience', '1', '15', 'How many years of Overseas skilled employment (outside Australia) do you have?', NULL, 14, '2023-02-25 11:45:04'),
(126, 'SkilledEmploymentAusExperience', 'SkilledEmploymentAusExperience', '1', '20', 'How many years of Australian skilled employment (in Australia) do you have?', NULL, 14, '2023-02-25 11:45:04'),
(127, 'EducationalQualification', 'EducationalQualification', '1', '30', 'What is your highest education qualification?', NULL, 14, '2023-02-25 11:45:04'),
(128, 'SpecialistEducation', 'SpecialistEducation', '1', '10', 'Have you completed a A Masters degree by research or a Doctorate degree from an Australian educational institution that included at least 2 academic years study in a relevant field?', NULL, 14, '2023-02-25 11:45:04'),
(129, 'AustralianStudy', 'AustralianStudy', '1', '5', 'Have you completed a degree, diploma or trade qualification from an Australian educational institution that meets the Australian study requirement?', NULL, 14, '2023-02-25 11:45:04'),
(130, 'ProfessionalYear', 'ProfessionalYear', '1', '5', 'Have you completed a Professional Year in Australia?', NULL, 14, '2023-02-25 11:45:04'),
(131, 'CommunityLanguage', 'CommunityLanguage', '1', '5', 'Do you have recognised qualification in a credentialled community language?', NULL, 14, '2023-02-25 11:45:04'),
(132, 'RegionalStudy', 'RegionalStudy', '1', '5', 'Did you study in regional Austrlia for more than a year?', NULL, 14, '2023-02-25 11:45:04'),
(133, 'PartnerSkills', 'PartnerSkills', '1', '10', 'Did you study in regional Austrlia for more than a year?', NULL, 14, '2023-02-25 11:45:04'),
(134, 'Nomination', 'Nomination', '1', '5', 'Did you have a state nomination?', NULL, 14, '2023-02-25 11:45:04'),
(135, 'Age', 'Age', '0', '20', 'What is your Age?', NULL, 15, '2023-02-25 11:45:05'),
(136, 'EducationalQualification', 'EducationalQualification', '1', '30', 'What is your highest education qualification?', NULL, 15, '2023-02-25 11:45:05'),
(137, 'EnglishLanguageSkills', 'EnglishLanguageSkills', '1', '20', 'What is your English language ability?', NULL, 15, '2023-02-25 11:45:05'),
(138, 'SkilledEmploymentExperience', 'SkilledEmploymentExperience', '1', '15', 'How many years of experience do you have?', NULL, 15, '2023-02-25 11:45:05'),
(139, 'FundsAvailability', 'FundsAvailability', '1', '15', 'What is your confort level of spending?', NULL, 15, '2023-02-25 11:45:05'),
(140, 'Health_Character', 'Health_Character', '0', '10', 'How do you rank your health and charactor?', NULL, 15, '2023-02-25 11:45:05'),
(141, 'Age', 'Age', '0', '20', 'What is your Age?', NULL, 16, '2023-02-25 11:45:05'),
(142, 'EducationalQualification', 'EducationalQualification', '1', '20', 'What is your highest education qualification?', NULL, 16, '2023-02-25 11:45:05'),
(143, 'EnglishLanguageSkills', 'EnglishLanguageSkills', '1', '20', 'What is your English language ability?', NULL, 16, '2023-02-25 11:45:05'),
(144, 'SkilledEmploymentExperience', 'SkilledEmploymentExperience', '1', '15', 'How many years of experience do you have?', NULL, 16, '2023-02-25 11:45:05'),
(145, 'ProfessionalQualificaton', 'ProfessionalQualificaton', '1', '10', 'Do you have any profesional qualification?', NULL, 16, '2023-02-25 11:45:05'),
(146, 'FundsAvailability', 'FundsAvailability', '1', '15', 'What is your confort level of spending?', NULL, 16, '2023-02-25 11:45:05'),
(147, 'Health_Character', 'Health_Character', '0', '10', 'How do you rank your health and charactor?', NULL, 16, '2023-02-25 11:45:05'),
(148, 'Age', 'Age', '0', '15', 'What is your Age?', NULL, 17, '2023-02-25 11:45:05'),
(149, 'EducationalQualification', 'EducationalQualification', '1', '15', 'What is your highest education qualification?', NULL, 17, '2023-02-25 11:45:05'),
(150, 'EnglishLanguageSkills', 'EnglishLanguageSkills', '1', '10', 'What is your English language ability?', NULL, 17, '2023-02-25 11:45:05'),
(151, 'InvestmentAmount', 'InvestmentAmount', '1', '20', 'Whats your investment capacity?', NULL, 17, '2023-02-25 11:45:05'),
(152, 'Export', 'Export', '1', '10', 'Does your business export oriented?', NULL, 17, '2023-02-25 11:45:05'),
(153, 'Job_Creation', 'Job_Creation', '1', '15', 'How many full time jobs will it create?', NULL, 17, '2023-02-25 11:45:05'),
(154, 'Export_Income', 'Export_Income', '1', '10', 'What is the expected annual income?', NULL, 17, '2023-02-25 11:45:05'),
(155, 'Regional', 'Regional', '1', '5', 'Do youliketo settle in regional?', NULL, 17, '2023-02-25 11:45:05'),
(156, 'Health_Character', 'Health_Character', '0', '10', 'How do you rank your health and charactor?', NULL, 17, '2023-02-25 11:45:05'),
(157, 'Age', 'Age', '0', '20', 'What is your Age?', NULL, 18, '2023-02-25 11:45:05'),
(158, 'EducationalQualification', 'EducationalQualification', '1', '30', 'What is your highest education qualification?', NULL, 18, '2023-02-25 11:45:05'),
(159, 'EnglishLanguageSkills', 'EnglishLanguageSkills', '1', '20', 'What is your English language ability?', NULL, 18, '2023-02-25 11:45:05'),
(160, 'SkilledEmploymentExperience', 'SkilledEmploymentExperience', '1', '15', 'How many years of experience do you have?', NULL, 18, '2023-02-25 11:45:05'),
(161, 'FundsAvailability', 'FundsAvailability', '1', '15', 'What is your confort level of spending?', NULL, 18, '2023-02-25 11:45:05'),
(162, 'Health_Character', 'Health_Character', '0', '10', 'How do you rank your health and charactor?', NULL, 18, '2023-02-25 11:45:05'),
(163, 'Age', 'Age', '0', '20', 'What is your Age?', NULL, 19, '2023-02-25 11:45:05'),
(164, 'EducationalQualification', 'EducationalQualification', '1', '20', 'What is your highest education qualification?', NULL, 19, '2023-02-25 11:45:05'),
(165, 'EnglishLanguageSkills', 'EnglishLanguageSkills', '1', '20', 'What is your English language ability?', NULL, 19, '2023-02-25 11:45:05'),
(166, 'SkilledEmploymentExperience', 'SkilledEmploymentExperience', '1', '15', 'How many years of experience do you have?', NULL, 19, '2023-02-25 11:45:05'),
(167, 'ProfessionalQualificaton', 'ProfessionalQualificaton', '1', '10', 'Do you have any profesional qualification?', NULL, 19, '2023-02-25 11:45:05'),
(168, 'FundsAvailability', 'FundsAvailability', '1', '15', 'What is your confort level of spending?', NULL, 19, '2023-02-25 11:45:05'),
(169, 'Health_Character', 'Health_Character', '0', '10', 'How do you rank your health and charactor?', NULL, 19, '2023-02-25 11:45:05'),
(170, 'Age', 'Age', '0', '15', 'What is your Age?', NULL, 20, '2023-02-25 11:45:05'),
(171, 'EducationalQualification', 'EducationalQualification', '1', '15', 'What is your highest education qualification?', NULL, 20, '2023-02-25 11:45:05'),
(172, 'EnglishLanguageSkills', 'EnglishLanguageSkills', '1', '10', 'What is your English language ability?', NULL, 20, '2023-02-25 11:45:06'),
(173, 'InvestmentAmount', 'InvestmentAmount', '1', '20', 'Whats your investment capacity?', NULL, 20, '2023-02-25 11:45:06'),
(174, 'Export', 'Export', '1', '10', 'Does your business export oriented?', NULL, 20, '2023-02-25 11:45:06'),
(175, 'Job_Creation', 'Job_Creation', '1', '15', 'How many full time jobs will it create?', NULL, 20, '2023-02-25 11:45:06'),
(176, 'Export_Income', 'Export_Income', '1', '10', 'What is the expected annual income?', NULL, 20, '2023-02-25 11:45:06'),
(177, 'Regional', 'Regional', '1', '5', 'Do youliketo settle in regional?', NULL, 20, '2023-02-25 11:45:06'),
(178, 'Health_Character', 'Health_Character', '0', '10', 'How do you rank your health and charactor?', NULL, 20, '2023-02-25 11:45:06'),
(179, 'Age', 'Age', '0', '20', 'What is your Age?', NULL, 21, '2023-02-25 11:45:06'),
(180, 'EducationalQualification', 'EducationalQualification', '1', '30', 'What is your highest education qualification?', NULL, 21, '2023-02-25 11:45:06'),
(181, 'JapaneseLanguageSkills', 'JapaneseLanguageSkills', '1', '15', 'Do you have Japanese language qualification?', NULL, 21, '2023-02-25 11:45:06'),
(182, 'SkilledEmploymentExperience', 'SkilledEmploymentExperience', '1', '5', 'How many years of experience do you have?', NULL, 21, '2023-02-25 11:45:06'),
(183, 'MoneyAvailability', 'MoneyAvailability', '1', '15', 'What is your confort level of spending?', NULL, 21, '2023-02-25 11:45:06'),
(184, 'Relative', 'Relative', '0', '10', 'Do you have a relative livig in  Japan?', NULL, 21, '2023-02-25 11:45:06'),
(185, 'Health_Character', 'Health_Character', '0', '10', 'How do you rank your health and charactor?', NULL, 21, '2023-02-25 11:45:06'),
(186, 'Age', 'Age', '0', '20', 'What is your Age?', NULL, 22, '2023-02-25 11:45:06'),
(187, 'EducationalQualification', 'EducationalQualification', '1', '30', 'What is your highest education qualification?', NULL, 22, '2023-02-25 11:45:06'),
(188, 'JapaneseLanguageSkills', 'JapaneseLanguageSkills', '1', '15', 'Do you have Japanese language qualification?', NULL, 22, '2023-02-25 11:45:06'),
(189, 'SkilledEmploymentExperience', 'SkilledEmploymentExperience', '1', '10', 'How many years of experience do you have?', NULL, 22, '2023-02-25 11:45:06'),
(190, 'MoneyAvailability', 'MoneyAvailability', '1', '15', 'What is your confort level of spending?', NULL, 22, '2023-02-25 11:45:06'),
(191, 'Relative', 'Relative', '0', '10', 'Do you have a relative livig in  Japan?', NULL, 22, '2023-02-25 11:45:06'),
(192, 'Health_Character', 'Health_Character', '0', '10', 'How do you rank your health and charactor?', NULL, 22, '2023-02-25 11:45:06'),
(193, 'Age', 'Age', '0', '20', 'What is your Age?', NULL, 23, '2023-02-25 11:45:06'),
(194, 'EducationalQualification', 'EducationalQualification', '1', '20', 'What is your highest education qualification?', NULL, 23, '2023-02-25 11:45:06'),
(195, 'JapaneseLanguageSkills', 'JapaneseLanguageSkills', '1', '15', 'Do you have Japanese language qualification?', NULL, 23, '2023-02-25 11:45:06'),
(196, 'EnglishLanguageSkills', 'EnglishLanguageSkills', '1', '15', 'What is your English language ability?', NULL, 23, '2023-02-25 11:45:06'),
(197, 'SkilledEmploymentExperience', 'SkilledEmploymentExperience', '1', '10', 'How many years of experience do you have?', NULL, 23, '2023-02-25 11:45:06'),
(198, 'ProfessionalQualificaton', 'ProfessionalQualificaton', '1', '10', 'Do you have any profesional qualification?', NULL, 23, '2023-02-25 11:45:06'),
(199, 'MoneyAvailability', 'MoneyAvailability', '1', '15', 'What is your confort level of spending?', NULL, 23, '2023-02-25 11:45:06'),
(200, 'Relative', 'Relative', '0', '10', 'Do you have a relative livig in  Japan?', NULL, 23, '2023-02-25 11:45:06'),
(201, 'Health_Character', 'Health_Character', '0', '10', 'How do you rank your health and charactor?', NULL, 23, '2023-02-25 11:45:06'),
(202, 'Age', 'Age', '0', '20', 'What is your Age?', NULL, 24, '2023-02-25 11:45:06'),
(203, 'EducationalQualification', 'EducationalQualification', '1', '30', 'What is your highest education qualification?', NULL, 24, '2023-02-25 11:45:06'),
(204, 'EnglishLanguageSkills', 'EnglishLanguageSkills', '1', '20', 'What is your English language ability?', NULL, 24, '2023-02-25 11:45:06'),
(205, 'SkilledEmploymentExperience', 'SkilledEmploymentExperience', '1', '15', 'How many years of experience do you have?', NULL, 24, '2023-02-25 11:45:06'),
(206, 'FundsAvailability', 'FundsAvailability', '1', '15', 'What is your confort level of spending?', NULL, 24, '2023-02-25 11:45:06'),
(207, 'Health_Character', 'Health_Character', '0', '10', 'How do you rank your health and charactor?', NULL, 24, '2023-02-25 11:45:06'),
(208, 'Age', 'Age', '0', '20', 'What is your Age?', NULL, 25, '2023-02-25 11:45:06'),
(209, 'EducationalQualification', 'EducationalQualification', '1', '20', 'What is your highest education qualification?', NULL, 25, '2023-02-25 11:45:06'),
(210, 'EnglishLanguageSkills', 'EnglishLanguageSkills', '1', '20', 'What is your English language ability?', NULL, 25, '2023-02-25 11:45:07'),
(211, 'SkilledEmploymentExperience', 'SkilledEmploymentExperience', '1', '15', 'How many years of experience do you have?', NULL, 25, '2023-02-25 11:45:07'),
(212, 'ProfessionalQualificaton', 'ProfessionalQualificaton', '1', '10', 'Do you have any profesional qualification?', NULL, 25, '2023-02-25 11:45:07'),
(213, 'FundsAvailability', 'FundsAvailability', '1', '15', 'What is your confort level of spending?', NULL, 25, '2023-02-25 11:45:07'),
(214, 'Health_Character', 'Health_Character', '0', '10', 'How do you rank your health and charactor?', NULL, 25, '2023-02-25 11:45:07'),
(215, 'Age', 'Age', '0', '15', 'What is your Age?', NULL, 26, '2023-02-25 11:45:07'),
(216, 'EducationalQualification', 'EducationalQualification', '1', '15', 'What is your highest education qualification?', NULL, 26, '2023-02-25 11:45:07'),
(217, 'EnglishLanguageSkills', 'EnglishLanguageSkills', '1', '10', 'What is your English language ability?', NULL, 26, '2023-02-25 11:45:07'),
(218, 'InvestmentAmount', 'InvestmentAmount', '1', '20', 'Whats your investment capacity?', NULL, 26, '2023-02-25 11:45:07'),
(219, 'Export', 'Export', '1', '10', 'Does your business export oriented?', NULL, 26, '2023-02-25 11:45:07'),
(220, 'Job_Creation', 'Job_Creation', '1', '15', 'How many full time jobs will it create?', NULL, 26, '2023-02-25 11:45:07'),
(221, 'Export_Income', 'Export_Income', '1', '10', 'What is the expected annual income?', NULL, 26, '2023-02-25 11:45:07'),
(222, 'Regional', 'Regional', '1', '5', 'Do you like to settle in regional?', NULL, 26, '2023-02-25 11:45:07'),
(223, 'Health_Character', 'Health_Character', '0', '10', 'How do you rank your health and charactor?', NULL, 26, '2023-02-25 11:45:07'),
(224, 'Age', 'Age', '0', '30', 'What is your Age?', NULL, 27, '2023-02-25 11:45:07'),
(225, 'EducationalQualification', 'EducationalQualification', '1', '15', 'What is your highest education qualification?', NULL, 27, '2023-02-25 11:45:07'),
(226, 'EnglishLanguageSkills', 'EnglishLanguageSkills', '1', '10', 'What is your English language ability?', NULL, 27, '2023-02-25 11:45:07'),
(227, 'SkilledEmploymentExperience', 'SkilledEmploymentExperience', '1', '15', 'How many years of experience do you have?', NULL, 27, '2023-02-25 11:45:07'),
(228, 'ProfessionalQualificaton', 'ProfessionalQualificaton', '1', '10', 'Do you have any profesional qualification?', NULL, 27, '2023-02-25 11:45:07'),
(229, 'SkillShortage', 'SkillShortage', '1', '10', 'Does your profession comes under skill shortage list?', NULL, 27, '2023-02-25 11:45:07'),
(230, 'JobOffer', 'JobOffer', '1', '10', 'Do you have a job offer?', NULL, 27, '2023-02-25 11:45:07'),
(231, 'MarriageStatus', 'MarriageStatus', '0', '10', 'Whats your marriage status?', NULL, 27, '2023-02-25 11:45:07'),
(232, 'PartnerQualification', 'PartnerQualification', '0', '5', 'Whats your marriage status?', NULL, 27, '2023-02-25 11:45:07'),
(233, 'PartnerExperience', 'PartnerExperience', '1', '5', 'How many yers of work experience does your patner has?', NULL, 27, '2023-02-25 11:45:07'),
(234, 'Regional', 'Regional', '1', '5', 'Do you like to settle in regional?', NULL, 27, '2023-02-25 11:45:07'),
(235, 'Health_Character', 'Health_Character', '0', '10', 'How do you rank your health and charactor?', NULL, 27, '2023-02-25 11:45:07'),
(236, 'Age', 'Age', '0', '20', 'What is your Age?', NULL, 28, '2023-02-25 11:45:07'),
(237, 'EducationalQualification', 'EducationalQualification', '1', '30', 'What is your highest education qualification?', NULL, 28, '2023-02-25 11:45:07'),
(238, 'EnglishLanguageSkills', 'EnglishLanguageSkills', '1', '20', 'What is your English language ability?', NULL, 28, '2023-02-25 11:45:07'),
(239, 'SkilledEmploymentExperience', 'SkilledEmploymentExperience', '1', '15', 'How many years of experience do you have?', NULL, 28, '2023-02-25 11:45:07'),
(240, 'FundsAvailability', 'FundsAvailability', '1', '15', 'What is your confort level of spending?', NULL, 28, '2023-02-25 11:45:07'),
(241, 'Health_Character', 'Health_Character', '0', '10', 'How do you rank your health and charactor?', NULL, 28, '2023-02-25 11:45:07'),
(242, 'Age', 'Age', '0', '20', 'What is your Age?', NULL, 29, '2023-02-25 11:45:07'),
(243, 'EducationalQualification', 'EducationalQualification', '1', '20', 'What is your highest education qualification?', NULL, 29, '2023-02-25 11:45:07'),
(244, 'EnglishLanguageSkills', 'EnglishLanguageSkills', '1', '20', 'What is your English language ability?', NULL, 29, '2023-02-25 11:45:07'),
(245, 'SkilledEmploymentExperience', 'SkilledEmploymentExperience', '1', '15', 'How many years of experience do you have?', NULL, 29, '2023-02-25 11:45:07'),
(246, 'ProfessionalQualificaton', 'ProfessionalQualificaton', '1', '10', 'Do you have any profesional qualification?', NULL, 29, '2023-02-25 11:45:07'),
(247, 'FundsAvailability', 'FundsAvailability', '1', '15', 'What is your confort level of spending?', NULL, 29, '2023-02-25 11:45:07'),
(248, 'Health_Character', 'Health_Character', '0', '10', 'How do you rank your health and charactor?', NULL, 29, '2023-02-25 11:45:07'),
(249, 'Age', 'Age', '0', '15', 'What is your Age?', NULL, 30, '2023-02-25 11:45:08'),
(250, 'EducationalQualification', 'EducationalQualification', '1', '15', 'What is your highest education qualification?', NULL, 30, '2023-02-25 11:45:08'),
(251, 'EnglishLanguageSkills', 'EnglishLanguageSkills', '1', '10', 'What is your English language ability?', NULL, 30, '2023-02-25 11:45:08'),
(252, 'InvestmentAmount', 'InvestmentAmount', '1', '20', 'Whats your investment capacity?', NULL, 30, '2023-02-25 11:45:08'),
(253, 'Export', 'Export', '1', '10', 'Does your business export oriented?', NULL, 30, '2023-02-25 11:45:08'),
(254, 'Job_Creation', 'Job_Creation', '1', '15', 'How many full time jobs will it create?', NULL, 30, '2023-02-25 11:45:08'),
(255, 'Export_Income', 'Export_Income', '1', '10', 'What is the expected annual income?', NULL, 30, '2023-02-25 11:45:08'),
(256, 'Regional', 'Regional', '1', '5', 'Do you like to settle in regional?', NULL, 30, '2023-02-25 11:45:08'),
(257, 'Health_Character', 'Health_Character', '0', '10', 'How do you rank your health and charactor?', NULL, 30, '2023-02-25 11:45:08'),
(258, 'Age', 'Age', '0', '20', 'What is your Age?', 'https://www.youtube.com/watch?v=LFlLTs7lQFw&ab_channel=SLBestCovers', 31, '2023-02-25 11:53:08'),
(259, 'EducationalQualification', 'EducationalQualification', '1', '30', 'What is your highest education qualification?', NULL, 31, '2023-02-25 11:53:08'),
(260, 'EnglishLanguageSkills', 'EnglishLanguageSkills', '1', '20', 'What is your English language ability?', NULL, 31, '2023-02-25 11:53:08'),
(261, 'SkilledEmploymentExperience', 'SkilledEmploymentExperience', '1', '15', 'How many years of experience do you have?', NULL, 31, '2023-02-25 11:53:08'),
(262, 'FundsAvailability', 'FundsAvailability', '1', '15', 'What is your confort level of spending?', NULL, 31, '2023-02-25 11:53:08'),
(263, 'Health_Character', 'Health_Character', '0', '10', 'How do you rank your health and charactor?', NULL, 31, '2023-02-25 11:53:08'),
(264, 'Age', 'Age', '0', '20', 'What is your Age?', NULL, 32, '2023-02-25 11:53:08'),
(265, 'EducationalQualification', 'EducationalQualification', '1', '20', 'What is your highest education qualification?', NULL, 32, '2023-02-25 11:53:08'),
(266, 'EnglishLanguageSkills', 'EnglishLanguageSkills', '1', '20', 'What is your English language ability?', NULL, 32, '2023-02-25 11:53:08'),
(267, 'SkilledEmploymentExperience', 'SkilledEmploymentExperience', '1', '15', 'How many years of experience do you have?', NULL, 32, '2023-02-25 11:53:08'),
(268, 'ProfessionalQualificaton', 'ProfessionalQualificaton', '1', '10', 'Do you have any profesional qualification?', NULL, 32, '2023-02-25 11:53:08'),
(269, 'FundsAvailability', 'FundsAvailability', '1', '15', 'What is your confort level of spending?', NULL, 32, '2023-02-25 11:53:08'),
(270, 'Health_Character', 'Health_Character', '0', '10', 'How do you rank your health and charactor?', NULL, 32, '2023-02-25 11:53:08'),
(271, 'Age', 'Age', '0', '15', 'What is your Age?', NULL, 33, '2023-02-25 11:53:08'),
(272, 'EducationalQualification', 'EducationalQualification', '1', '15', 'What is your highest education qualification?', NULL, 33, '2023-02-25 11:53:08'),
(273, 'EnglishLanguageSkills', 'EnglishLanguageSkills', '1', '10', 'What is your English language ability?', NULL, 33, '2023-02-25 11:53:08'),
(274, 'InvestmentAmount', 'InvestmentAmount', '1', '20', 'Whats your investment capacity?', NULL, 33, '2023-02-25 11:53:08'),
(275, 'Export', 'Export', '1', '10', 'Does your business export oriented?', NULL, 33, '2023-02-25 11:53:08'),
(276, 'Job_Creation', 'Job_Creation', '1', '15', 'How many full time jobs will it create?', NULL, 33, '2023-02-25 11:53:08'),
(277, 'Export_Income', 'Export_Income', '1', '10', 'What is the expected annual income?', NULL, 33, '2023-02-25 11:53:09'),
(278, 'Regional', 'Regional', '1', '5', 'Do youliketo settle in regional?', NULL, 33, '2023-02-25 11:53:09'),
(279, 'Health_Character', 'Health_Character', '0', '10', 'How do you rank your health and charactor?', NULL, 33, '2023-02-25 11:53:09'),
(280, 'Age', 'Age', '0', '30', 'What is your Age?', NULL, 34, '2023-02-25 11:53:09'),
(281, 'EnglishLanguageSkills', 'EnglishLanguageSkills', '1', '20', 'What is your English language ability?', NULL, 34, '2023-02-25 11:53:09'),
(282, 'SkilledEmploymentExperience', 'SkilledEmploymentExperience', '1', '15', 'How many years of Overseas skilled employment (outside Australia) do you have?', NULL, 34, '2023-02-25 11:53:09'),
(283, 'SkilledEmploymentAusExperience', 'SkilledEmploymentAusExperience', '1', '20', 'How many years of Australian skilled employment (in Australia) do you have?', NULL, 34, '2023-02-25 11:53:09'),
(284, 'EducationalQualification', 'EducationalQualification', '1', '30', 'What is your highest education qualification?', NULL, 34, '2023-02-25 11:53:09'),
(285, 'SpecialistEducation', 'SpecialistEducation', '1', '10', 'Have you completed a A Masters degree by research or a Doctorate degree from an Australian educational institution that included at least 2 academic years study in a relevant field?', NULL, 34, '2023-02-25 11:53:09'),
(286, 'AustralianStudy', 'AustralianStudy', '1', '5', 'Have you completed a degree, diploma or trade qualification from an Australian educational institution that meets the Australian study requirement?', NULL, 34, '2023-02-25 11:53:09'),
(287, 'ProfessionalYear', 'ProfessionalYear', '1', '5', 'Have you completed a Professional Year in Australia?', NULL, 34, '2023-02-25 11:53:09'),
(288, 'CommunityLanguage', 'CommunityLanguage', '1', '5', 'Do you have recognised qualification in a credentialled community language?', NULL, 34, '2023-02-25 11:53:09'),
(289, 'RegionalStudy', 'RegionalStudy', '1', '5', 'Did you study in regional Austrlia for more than a year?', NULL, 34, '2023-02-25 11:53:09'),
(290, 'PartnerSkills', 'PartnerSkills', '1', '10', 'Did you study in regional Austrlia for more than a year?', NULL, 34, '2023-02-25 11:53:09'),
(291, 'Nomination', 'Nomination', '1', '5', 'Did you have a state nomination?', NULL, 34, '2023-02-25 11:53:09'),
(292, 'Age', 'Age', '0', '20', 'What is your Age?', NULL, 35, '2023-02-25 11:53:09'),
(293, 'EducationalQualification', 'EducationalQualification', '1', '30', 'What is your highest education qualification?', NULL, 35, '2023-02-25 11:53:09'),
(294, 'EnglishLanguageSkills', 'EnglishLanguageSkills', '1', '20', 'What is your English language ability?', NULL, 35, '2023-02-25 11:53:09'),
(295, 'SkilledEmploymentExperience', 'SkilledEmploymentExperience', '1', '15', 'How many years of experience do you have?', NULL, 35, '2023-02-25 11:53:09'),
(296, 'FundsAvailability', 'FundsAvailability', '1', '15', 'What is your confort level of spending?', NULL, 35, '2023-02-25 11:53:09'),
(297, 'Health_Character', 'Health_Character', '0', '10', 'How do you rank your health and charactor?', NULL, 35, '2023-02-25 11:53:09'),
(298, 'Age', 'Age', '0', '20', 'What is your Age?', NULL, 36, '2023-02-25 11:53:09'),
(299, 'EducationalQualification', 'EducationalQualification', '1', '20', 'What is your highest education qualification?', NULL, 36, '2023-02-25 11:53:09'),
(300, 'EnglishLanguageSkills', 'EnglishLanguageSkills', '1', '20', 'What is your English language ability?', NULL, 36, '2023-02-25 11:53:09'),
(301, 'SkilledEmploymentExperience', 'SkilledEmploymentExperience', '1', '15', 'How many years of experience do you have?', NULL, 36, '2023-02-25 11:53:09'),
(302, 'ProfessionalQualificaton', 'ProfessionalQualificaton', '1', '10', 'Do you have any profesional qualification?', NULL, 36, '2023-02-25 11:53:09'),
(303, 'FundsAvailability', 'FundsAvailability', '1', '15', 'What is your confort level of spending?', NULL, 36, '2023-02-25 11:53:09'),
(304, 'Health_Character', 'Health_Character', '0', '10', 'How do you rank your health and charactor?', NULL, 36, '2023-02-25 11:53:09'),
(305, 'Age', 'Age', '0', '15', 'What is your Age?', NULL, 37, '2023-02-25 11:53:09'),
(306, 'EducationalQualification', 'EducationalQualification', '1', '15', 'What is your highest education qualification?', NULL, 37, '2023-02-25 11:53:09'),
(307, 'EnglishLanguageSkills', 'EnglishLanguageSkills', '1', '10', 'What is your English language ability?', NULL, 37, '2023-02-25 11:53:09'),
(308, 'InvestmentAmount', 'InvestmentAmount', '1', '20', 'Whats your investment capacity?', NULL, 37, '2023-02-25 11:53:09'),
(309, 'Export', 'Export', '1', '10', 'Does your business export oriented?', NULL, 37, '2023-02-25 11:53:09'),
(310, 'Job_Creation', 'Job_Creation', '1', '15', 'How many full time jobs will it create?', NULL, 37, '2023-02-25 11:53:09'),
(311, 'Export_Income', 'Export_Income', '1', '10', 'What is the expected annual income?', NULL, 37, '2023-02-25 11:53:09'),
(312, 'Regional', 'Regional', '1', '5', 'Do youliketo settle in regional?', NULL, 37, '2023-02-25 11:53:09'),
(313, 'Health_Character', 'Health_Character', '0', '10', 'How do you rank your health and charactor?', NULL, 37, '2023-02-25 11:53:09'),
(314, 'Age', 'Age', '0', '20', 'What is your Age?', NULL, 38, '2023-02-25 11:53:10'),
(315, 'EducationalQualification', 'EducationalQualification', '1', '30', 'What is your highest education qualification?', NULL, 38, '2023-02-25 11:53:10'),
(316, 'EnglishLanguageSkills', 'EnglishLanguageSkills', '1', '20', 'What is your English language ability?', NULL, 38, '2023-02-25 11:53:10'),
(317, 'SkilledEmploymentExperience', 'SkilledEmploymentExperience', '1', '15', 'How many years of experience do you have?', NULL, 38, '2023-02-25 11:53:10'),
(318, 'FundsAvailability', 'FundsAvailability', '1', '15', 'What is your confort level of spending?', NULL, 38, '2023-02-25 11:53:10'),
(319, 'Health_Character', 'Health_Character', '0', '10', 'How do you rank your health and charactor?', NULL, 38, '2023-02-25 11:53:10'),
(320, 'Age', 'Age', '0', '20', 'What is your Age?', NULL, 39, '2023-02-25 11:53:10'),
(321, 'EducationalQualification', 'EducationalQualification', '1', '20', 'What is your highest education qualification?', NULL, 39, '2023-02-25 11:53:10'),
(322, 'EnglishLanguageSkills', 'EnglishLanguageSkills', '1', '20', 'What is your English language ability?', NULL, 39, '2023-02-25 11:53:10'),
(323, 'SkilledEmploymentExperience', 'SkilledEmploymentExperience', '1', '15', 'How many years of experience do you have?', NULL, 39, '2023-02-25 11:53:10'),
(324, 'ProfessionalQualificaton', 'ProfessionalQualificaton', '1', '10', 'Do you have any profesional qualification?', NULL, 39, '2023-02-25 11:53:10'),
(325, 'FundsAvailability', 'FundsAvailability', '1', '15', 'What is your confort level of spending?', NULL, 39, '2023-02-25 11:53:10'),
(326, 'Health_Character', 'Health_Character', '0', '10', 'How do you rank your health and charactor?', NULL, 39, '2023-02-25 11:53:10'),
(327, 'Age', 'Age', '0', '15', 'What is your Age?', NULL, 40, '2023-02-25 11:53:10'),
(328, 'EducationalQualification', 'EducationalQualification', '1', '15', 'What is your highest education qualification?', NULL, 40, '2023-02-25 11:53:10'),
(329, 'EnglishLanguageSkills', 'EnglishLanguageSkills', '1', '10', 'What is your English language ability?', NULL, 40, '2023-02-25 11:53:10'),
(330, 'InvestmentAmount', 'InvestmentAmount', '1', '20', 'Whats your investment capacity?', NULL, 40, '2023-02-25 11:53:10'),
(331, 'Export', 'Export', '1', '10', 'Does your business export oriented?', NULL, 40, '2023-02-25 11:53:10'),
(332, 'Job_Creation', 'Job_Creation', '1', '15', 'How many full time jobs will it create?', NULL, 40, '2023-02-25 11:53:10'),
(333, 'Export_Income', 'Export_Income', '1', '10', 'What is the expected annual income?', NULL, 40, '2023-02-25 11:53:10'),
(334, 'Regional', 'Regional', '1', '5', 'Do youliketo settle in regional?', NULL, 40, '2023-02-25 11:53:10'),
(335, 'Health_Character', 'Health_Character', '0', '10', 'How do you rank your health and charactor?', NULL, 40, '2023-02-25 11:53:10'),
(336, 'Age', 'Age', '0', '20', 'What is your Age?', NULL, 41, '2023-02-25 11:53:10'),
(337, 'EducationalQualification', 'EducationalQualification', '1', '30', 'What is your highest education qualification?', NULL, 41, '2023-02-25 11:53:10'),
(338, 'JapaneseLanguageSkills', 'JapaneseLanguageSkills', '1', '15', 'Do you have Japanese language qualification?', NULL, 41, '2023-02-25 11:53:10'),
(339, 'SkilledEmploymentExperience', 'SkilledEmploymentExperience', '1', '5', 'How many years of experience do you have?', NULL, 41, '2023-02-25 11:53:10'),
(340, 'MoneyAvailability', 'MoneyAvailability', '1', '15', 'What is your confort level of spending?', NULL, 41, '2023-02-25 11:53:10'),
(341, 'Relative', 'Relative', '0', '10', 'Do you have a relative livig in  Japan?', NULL, 41, '2023-02-25 11:53:10'),
(342, 'Health_Character', 'Health_Character', '0', '10', 'How do you rank your health and charactor?', NULL, 41, '2023-02-25 11:53:10'),
(343, 'Age', 'Age', '0', '20', 'What is your Age?', NULL, 42, '2023-02-25 11:53:10'),
(344, 'EducationalQualification', 'EducationalQualification', '1', '30', 'What is your highest education qualification?', NULL, 42, '2023-02-25 11:53:10'),
(345, 'JapaneseLanguageSkills', 'JapaneseLanguageSkills', '1', '15', 'Do you have Japanese language qualification?', NULL, 42, '2023-02-25 11:53:10'),
(346, 'SkilledEmploymentExperience', 'SkilledEmploymentExperience', '1', '10', 'How many years of experience do you have?', NULL, 42, '2023-02-25 11:53:10'),
(347, 'MoneyAvailability', 'MoneyAvailability', '1', '15', 'What is your confort level of spending?', NULL, 42, '2023-02-25 11:53:10'),
(348, 'Relative', 'Relative', '0', '10', 'Do you have a relative livig in  Japan?', NULL, 42, '2023-02-25 11:53:10'),
(349, 'Health_Character', 'Health_Character', '0', '10', 'How do you rank your health and charactor?', NULL, 42, '2023-02-25 11:53:10'),
(350, 'Age', 'Age', '0', '20', 'What is your Age?', NULL, 43, '2023-02-25 11:53:11'),
(351, 'EducationalQualification', 'EducationalQualification', '1', '20', 'What is your highest education qualification?', NULL, 43, '2023-02-25 11:53:11'),
(352, 'JapaneseLanguageSkills', 'JapaneseLanguageSkills', '1', '15', 'Do you have Japanese language qualification?', NULL, 43, '2023-02-25 11:53:11'),
(353, 'EnglishLanguageSkills', 'EnglishLanguageSkills', '1', '15', 'What is your English language ability?', NULL, 43, '2023-02-25 11:53:11'),
(354, 'SkilledEmploymentExperience', 'SkilledEmploymentExperience', '1', '10', 'How many years of experience do you have?', NULL, 43, '2023-02-25 11:53:11'),
(355, 'ProfessionalQualificaton', 'ProfessionalQualificaton', '1', '10', 'Do you have any profesional qualification?', NULL, 43, '2023-02-25 11:53:11'),
(356, 'MoneyAvailability', 'MoneyAvailability', '1', '15', 'What is your confort level of spending?', NULL, 43, '2023-02-25 11:53:11'),
(357, 'Relative', 'Relative', '0', '10', 'Do you have a relative livig in  Japan?', NULL, 43, '2023-02-25 11:53:11'),
(358, 'Health_Character', 'Health_Character', '0', '10', 'How do you rank your health and charactor?', NULL, 43, '2023-02-25 11:53:11'),
(359, 'Age', 'Age', '0', '20', 'What is your Age?', NULL, 44, '2023-02-25 11:53:11'),
(360, 'EducationalQualification', 'EducationalQualification', '1', '30', 'What is your highest education qualification?', NULL, 44, '2023-02-25 11:53:11'),
(361, 'EnglishLanguageSkills', 'EnglishLanguageSkills', '1', '20', 'What is your English language ability?', NULL, 44, '2023-02-25 11:53:11'),
(362, 'SkilledEmploymentExperience', 'SkilledEmploymentExperience', '1', '15', 'How many years of experience do you have?', NULL, 44, '2023-02-25 11:53:11'),
(363, 'FundsAvailability', 'FundsAvailability', '1', '15', 'What is your confort level of spending?', NULL, 44, '2023-02-25 11:53:11'),
(364, 'Health_Character', 'Health_Character', '0', '10', 'How do you rank your health and charactor?', NULL, 44, '2023-02-25 11:53:11'),
(365, 'Age', 'Age', '0', '20', 'What is your Age?', NULL, 45, '2023-02-25 11:53:11'),
(366, 'EducationalQualification', 'EducationalQualification', '1', '20', 'What is your highest education qualification?', NULL, 45, '2023-02-25 11:53:11'),
(367, 'EnglishLanguageSkills', 'EnglishLanguageSkills', '1', '20', 'What is your English language ability?', NULL, 45, '2023-02-25 11:53:11'),
(368, 'SkilledEmploymentExperience', 'SkilledEmploymentExperience', '1', '15', 'How many years of experience do you have?', NULL, 45, '2023-02-25 11:53:11'),
(369, 'ProfessionalQualificaton', 'ProfessionalQualificaton', '1', '10', 'Do you have any profesional qualification?', NULL, 45, '2023-02-25 11:53:11'),
(370, 'FundsAvailability', 'FundsAvailability', '1', '15', 'What is your confort level of spending?', NULL, 45, '2023-02-25 11:53:11'),
(371, 'Health_Character', 'Health_Character', '0', '10', 'How do you rank your health and charactor?', NULL, 45, '2023-02-25 11:53:11'),
(372, 'Age', 'Age', '0', '15', 'What is your Age?', NULL, 46, '2023-02-25 11:53:11'),
(373, 'EducationalQualification', 'EducationalQualification', '1', '15', 'What is your highest education qualification?', NULL, 46, '2023-02-25 11:53:11'),
(374, 'EnglishLanguageSkills', 'EnglishLanguageSkills', '1', '10', 'What is your English language ability?', NULL, 46, '2023-02-25 11:53:11'),
(375, 'InvestmentAmount', 'InvestmentAmount', '1', '20', 'Whats your investment capacity?', NULL, 46, '2023-02-25 11:53:11'),
(376, 'Export', 'Export', '1', '10', 'Does your business export oriented?', NULL, 46, '2023-02-25 11:53:11'),
(377, 'Job_Creation', 'Job_Creation', '1', '15', 'How many full time jobs will it create?', NULL, 46, '2023-02-25 11:53:11'),
(378, 'Export_Income', 'Export_Income', '1', '10', 'What is the expected annual income?', NULL, 46, '2023-02-25 11:53:11'),
(379, 'Regional', 'Regional', '1', '5', 'Do you like to settle in regional?', NULL, 46, '2023-02-25 11:53:11'),
(380, 'Health_Character', 'Health_Character', '0', '10', 'How do you rank your health and charactor?', NULL, 46, '2023-02-25 11:53:11'),
(381, 'Age', 'Age', '0', '30', 'What is your Age?', NULL, 47, '2023-02-25 11:53:11'),
(382, 'EducationalQualification', 'EducationalQualification', '1', '15', 'What is your highest education qualification?', NULL, 47, '2023-02-25 11:53:11'),
(383, 'EnglishLanguageSkills', 'EnglishLanguageSkills', '1', '10', 'What is your English language ability?', NULL, 47, '2023-02-25 11:53:11'),
(384, 'SkilledEmploymentExperience', 'SkilledEmploymentExperience', '1', '15', 'How many years of experience do you have?', NULL, 47, '2023-02-25 11:53:11'),
(385, 'ProfessionalQualificaton', 'ProfessionalQualificaton', '1', '10', 'Do you have any profesional qualification?', NULL, 47, '2023-02-25 11:53:11'),
(386, 'SkillShortage', 'SkillShortage', '1', '10', 'Does your profession comes under skill shortage list?', NULL, 47, '2023-02-25 11:53:12'),
(387, 'JobOffer', 'JobOffer', '1', '10', 'Do you have a job offer?', NULL, 47, '2023-02-25 11:53:12'),
(388, 'MarriageStatus', 'MarriageStatus', '0', '10', 'Whats your marriage status?', NULL, 47, '2023-02-25 11:53:12'),
(389, 'PartnerQualification', 'PartnerQualification', '0', '5', 'Whats your marriage status?', NULL, 47, '2023-02-25 11:53:12'),
(390, 'PartnerExperience', 'PartnerExperience', '1', '5', 'How many yers of work experience does your patner has?', NULL, 47, '2023-02-25 11:53:12'),
(391, 'Regional', 'Regional', '1', '5', 'Do you like to settle in regional?', NULL, 47, '2023-02-25 11:53:12'),
(392, 'Health_Character', 'Health_Character', '0', '10', 'How do you rank your health and charactor?', NULL, 47, '2023-02-25 11:53:12'),
(393, 'Age', 'Age', '0', '20', 'What is your Age?', NULL, 48, '2023-02-25 11:53:12'),
(394, 'EducationalQualification', 'EducationalQualification', '1', '30', 'What is your highest education qualification?', NULL, 48, '2023-02-25 11:53:12'),
(395, 'EnglishLanguageSkills', 'EnglishLanguageSkills', '1', '20', 'What is your English language ability?', NULL, 48, '2023-02-25 11:53:12'),
(396, 'SkilledEmploymentExperience', 'SkilledEmploymentExperience', '1', '15', 'How many years of experience do you have?', NULL, 48, '2023-02-25 11:53:12');
INSERT INTO `xml_criterias` (`id`, `name`, `tagname`, `useForSuggestions`, `maxpoint`, `question`, `help_link`, `xml_qualification_id`, `created`) VALUES
(397, 'FundsAvailability', 'FundsAvailability', '1', '15', 'What is your confort level of spending?', NULL, 48, '2023-02-25 11:53:12'),
(398, 'Health_Character', 'Health_Character', '0', '10', 'How do you rank your health and charactor?', NULL, 48, '2023-02-25 11:53:12'),
(399, 'Age', 'Age', '0', '20', 'What is your Age?', NULL, 49, '2023-02-25 11:53:12'),
(400, 'EducationalQualification', 'EducationalQualification', '1', '20', 'What is your highest education qualification?', NULL, 49, '2023-02-25 11:53:12'),
(401, 'EnglishLanguageSkills', 'EnglishLanguageSkills', '1', '20', 'What is your English language ability?', NULL, 49, '2023-02-25 11:53:12'),
(402, 'SkilledEmploymentExperience', 'SkilledEmploymentExperience', '1', '15', 'How many years of experience do you have?', NULL, 49, '2023-02-25 11:53:12'),
(403, 'ProfessionalQualificaton', 'ProfessionalQualificaton', '1', '10', 'Do you have any profesional qualification?', NULL, 49, '2023-02-25 11:53:12'),
(404, 'FundsAvailability', 'FundsAvailability', '1', '15', 'What is your confort level of spending?', NULL, 49, '2023-02-25 11:53:12'),
(405, 'Health_Character', 'Health_Character', '0', '10', 'How do you rank your health and charactor?', NULL, 49, '2023-02-25 11:53:12'),
(406, 'Age', 'Age', '0', '15', 'What is your Age?', NULL, 50, '2023-02-25 11:53:12'),
(407, 'EducationalQualification', 'EducationalQualification', '1', '15', 'What is your highest education qualification?', NULL, 50, '2023-02-25 11:53:12'),
(408, 'EnglishLanguageSkills', 'EnglishLanguageSkills', '1', '10', 'What is your English language ability?', NULL, 50, '2023-02-25 11:53:12'),
(409, 'InvestmentAmount', 'InvestmentAmount', '1', '20', 'Whats your investment capacity?', NULL, 50, '2023-02-25 11:53:12'),
(410, 'Export', 'Export', '1', '10', 'Does your business export oriented?', NULL, 50, '2023-02-25 11:53:12'),
(411, 'Job_Creation', 'Job_Creation', '1', '15', 'How many full time jobs will it create?', NULL, 50, '2023-02-25 11:53:12'),
(412, 'Export_Income', 'Export_Income', '1', '10', 'What is the expected annual income?', NULL, 50, '2023-02-25 11:53:12'),
(413, 'Regional', 'Regional', '1', '5', 'Do you like to settle in regional?', NULL, 50, '2023-02-25 11:53:12'),
(414, 'Health_Character', 'Health_Character', '0', '10', 'How do you rank your health and charactor?', NULL, 50, '2023-02-25 11:53:12');

-- --------------------------------------------------------

--
-- Table structure for table `xml_criteria_answers`
--

DROP TABLE IF EXISTS `xml_criteria_answers`;
CREATE TABLE IF NOT EXISTS `xml_criteria_answers` (
  `id` bigint(20) NOT NULL AUTO_INCREMENT,
  `name` varchar(255) COLLATE utf8_unicode_ci DEFAULT NULL,
  `tagname` varchar(255) COLLATE utf8_unicode_ci DEFAULT NULL,
  `answer` text COLLATE utf8_unicode_ci,
  `point` varchar(255) COLLATE utf8_unicode_ci DEFAULT NULL,
  `criteria_id` bigint(20) DEFAULT NULL,
  `created` timestamp NOT NULL DEFAULT CURRENT_TIMESTAMP,
  PRIMARY KEY (`id`),
  KEY `fk_criteria_id` (`criteria_id`)
) ENGINE=InnoDB AUTO_INCREMENT=1333 DEFAULT CHARSET=utf8 COLLATE=utf8_unicode_ci;

--
-- Dumping data for table `xml_criteria_answers`
--

INSERT INTO `xml_criteria_answers` (`id`, `name`, `tagname`, `answer`, `point`, `criteria_id`, `created`) VALUES
(68, 'Age 18 to 30', 'AgeGroup18_25', NULL, '25', 24, '2022-09-08 12:15:36'),
(69, 'Age 25 to 33', 'AgeGroup25_33', NULL, '20', 24, '2022-09-08 12:15:36'),
(70, 'Age 33 to 40', 'AgeGroup33_40', NULL, '25', 24, '2022-09-08 12:15:36'),
(71, 'Age 40 to 45', 'AgeGroup40_45', NULL, '15', 24, '2022-09-08 12:15:36'),
(72, 'Competent', 'Competent', 'Improve your english skills to Proficient', '0', 25, '2022-09-08 12:15:36'),
(73, 'Proficient', 'Proficient', 'Improve your english skills to Superior', '10', 25, '2022-09-08 12:15:36'),
(74, 'Superior', 'Superior', NULL, '20', 25, '2022-09-08 12:15:36'),
(75, 'less than 3 Years', 'Years0_3', NULL, '0', 26, '2022-09-08 12:15:36'),
(76, '3-5 Years', 'Years3_5', NULL, '5', 26, '2022-09-08 12:15:36'),
(77, '5-8 Years', 'Years5_8', NULL, '10', 26, '2022-09-08 12:15:36'),
(78, 'Over 8 Years', 'Years8', NULL, '15', 26, '2022-09-08 12:15:36'),
(79, 'less than 1 Years', 'Years0_1', NULL, '0', 27, '2022-09-08 12:15:36'),
(80, '1-3 Years', 'Years1_3', NULL, '5', 27, '2022-09-08 12:15:36'),
(81, '3-5 Years', 'Years3_5', NULL, '10', 27, '2022-09-08 12:15:36'),
(82, '5-8 Years', 'Years5_8', NULL, '15', 27, '2022-09-08 12:15:36'),
(83, 'Over 8 Years', 'Years8', NULL, '20', 27, '2022-09-08 12:15:36'),
(84, 'PhD', 'PhD', NULL, '20', 28, '2022-09-08 12:15:37'),
(85, 'Bachelor Degree', 'BachelorDegree', NULL, '15', 28, '2022-09-08 12:15:37'),
(86, 'Austrlian Diploma', 'AustrlianDiploma', NULL, '10', 28, '2022-09-08 12:15:37'),
(87, 'Recognised Qualification', 'RecognisedQualification', NULL, '10', 28, '2022-09-08 12:15:37'),
(88, 'Masters', 'MSC', NULL, '10', 29, '2022-09-08 12:15:37'),
(89, 'Australian Educational Requirement', 'AustralianEducationalRequirement', NULL, '5', 30, '2022-09-08 12:15:37'),
(90, 'Worked In Austrlia', 'WorkedInAustrlia', NULL, '5', 31, '2022-09-08 12:15:37'),
(91, 'Not Worked In Austrlia', 'NotWorkedInAustrlia', NULL, '0', 31, '2022-09-08 12:15:37'),
(92, 'Translater Exam Passed', 'TranslaterExam', NULL, '5', 32, '2022-09-08 12:15:37'),
(93, 'Translater Exam Not Passed', 'NoTranslaterExam', NULL, '0', 32, '2022-09-08 12:15:37'),
(94, 'Live Study Regional', 'LiveStudyRegional', NULL, '5', 33, '2022-09-08 12:15:37'),
(95, 'Live Study Regional', 'NoStudyRegional', NULL, '0', 33, '2022-09-08 12:15:37'),
(96, 'Partner Meet Age Skill English', 'PartnerMeetAgeSkillEnglish', NULL, '10', 34, '2022-09-08 12:15:37'),
(97, 'Partner Competent English', 'PartnerCompetentEnglish', NULL, '5', 34, '2022-09-08 12:15:37'),
(98, 'Still single', 'Single', NULL, '10', 34, '2022-09-08 12:15:37'),
(99, 'Partner Australian Citizen', 'PartnerAustralianCitizen', NULL, '10', 34, '2022-09-08 12:15:37'),
(100, 'Partner Australian Permanent redsident', 'PartnerAustralianPR', NULL, '10', 34, '2022-09-08 12:15:37'),
(101, 'Age 18 to 30', 'AgeGroup18_25', NULL, '25', 35, '2022-09-08 12:15:37'),
(102, 'Age 25 to 33', 'AgeGroup25_33', NULL, '30', 35, '2022-09-08 12:15:37'),
(103, 'Age 33 to 40', 'AgeGroup33_40', NULL, '25', 35, '2022-09-08 12:15:37'),
(104, 'Age 40 to 45', 'AgeGroup40_45', NULL, '15', 35, '2022-09-08 12:15:37'),
(105, 'Competent', 'Competent', 'Improve your english skills to Competent', '0', 36, '2022-09-08 12:15:37'),
(106, 'Proficient', 'Proficient', 'Improve your english skills to Proficient', '10', 36, '2022-09-08 12:15:37'),
(107, 'Superior', 'Superior', 'Improve your english skills to Superior', '20', 36, '2022-09-08 12:15:37'),
(108, 'less than 3 Years', 'Years0_3', NULL, '0', 37, '2022-09-08 12:15:37'),
(109, '3-5 Years', 'Years3_5', NULL, '5', 37, '2022-09-08 12:15:37'),
(110, '5-8 Years', 'Years5_8', NULL, '10', 37, '2022-09-08 12:15:37'),
(111, 'Over 8 Years', 'Years8', NULL, '15', 37, '2022-09-08 12:15:37'),
(112, 'less than 1 Years', 'Years0_1', NULL, '0', 38, '2022-09-08 12:15:37'),
(113, '1-3 Years', 'Years1_3', NULL, '5', 38, '2022-09-08 12:15:37'),
(114, '3-5 Years', 'Years3_5', NULL, '10', 38, '2022-09-08 12:15:37'),
(115, '5-8 Years', 'Years5_8', NULL, '15', 38, '2022-09-08 12:15:37'),
(116, 'Over 8 Years', 'Years8', NULL, '20', 38, '2022-09-08 12:15:37'),
(117, 'PhD', 'PhD', NULL, '20', 39, '2022-09-08 12:15:37'),
(118, 'Bachelor Degree', 'BachelorDegree', NULL, '15', 39, '2022-09-08 12:15:37'),
(119, 'Austrlian Diploma', 'AustrlianDiploma', NULL, '10', 39, '2022-09-08 12:15:37'),
(120, 'Recognised Qualification', 'RecognisedQualification', NULL, '10', 39, '2022-09-08 12:15:37'),
(121, 'Masters', 'MSC', NULL, '10', 40, '2022-09-08 12:15:37'),
(122, 'Australian Educational Requirement', 'AustralianEducationalRequirement', NULL, '5', 41, '2022-09-08 12:15:37'),
(123, 'Worked In Austrlia', 'WorkedInAustrlia', NULL, '5', 42, '2022-09-08 12:15:37'),
(124, 'Not Worked In Austrlia', 'NotWorkedInAustrlia', NULL, '0', 42, '2022-09-08 12:15:37'),
(125, 'Translater Exam Passed', 'TranslaterExam', NULL, '5', 43, '2022-09-08 12:15:37'),
(126, 'Translater Exam Not Passed', 'NoTranslaterExam', NULL, '0', 43, '2022-09-08 12:15:37'),
(127, 'Live Study Regional', 'LiveStudyRegional', NULL, '5', 44, '2022-09-08 12:15:37'),
(128, 'Live Study Regional', 'NoStudyRegional', NULL, '0', 44, '2022-09-08 12:15:37'),
(129, 'Partner Meet Age Skill English', 'PartnerMeetAgeSkillEnglish', NULL, '10', 45, '2022-09-08 12:15:37'),
(130, 'Partner Competent English', 'PartnerCompetentEnglish', NULL, '5', 45, '2022-09-08 12:15:37'),
(131, 'Still single', 'Single', NULL, '10', 45, '2022-09-08 12:15:37'),
(132, 'Partner Australian Citizen', 'PartnerAustralianCitizen', NULL, '10', 45, '2022-09-08 12:15:37'),
(133, 'Partner Australian Permanent redsident', 'PartnerAustralianPR', NULL, '10', 45, '2022-09-08 12:15:37'),
(134, 'Age 18 to 30', 'AgeGroup18_25', NULL, '25', 46, '2022-10-28 12:00:26'),
(135, 'Age 25 to 33', 'AgeGroup25_33', NULL, '30', 46, '2022-10-28 12:00:26'),
(136, 'Age 33 to 40', 'AgeGroup33_40', NULL, '25', 46, '2022-10-28 12:00:26'),
(137, 'Age 40 to 45', 'AgeGroup40_45', NULL, '15', 46, '2022-10-28 12:00:26'),
(138, 'Competent', 'Competent', 'Improve your english skills to Proficient', '0', 47, '2022-10-28 12:00:26'),
(139, 'Proficient', 'Proficient', 'Improve your english skills to Superior', '10', 47, '2022-10-28 12:00:26'),
(140, 'Superior', 'Superior', '', '20', 47, '2022-10-28 12:00:26'),
(141, 'less than 3 Years', 'Years0_3', NULL, '0', 48, '2022-10-28 12:00:26'),
(142, '3-5 Years', 'Years3_5', NULL, '5', 48, '2022-10-28 12:00:26'),
(143, '5-8 Years', 'Years5_8', NULL, '10', 48, '2022-10-28 12:00:26'),
(144, 'Over 8 Years', 'Years8', NULL, '15', 48, '2022-10-28 12:00:26'),
(145, 'less than 1 Years', 'Years0_1', NULL, '0', 49, '2022-10-28 12:00:26'),
(146, '1-3 Years', 'Years1_3', NULL, '5', 49, '2022-10-28 12:00:26'),
(147, '3-5 Years', 'Years3_5', NULL, '10', 49, '2022-10-28 12:00:26'),
(148, '5-8 Years', 'Years5_8', NULL, '15', 49, '2022-10-28 12:00:26'),
(149, 'Over 8 Years', 'Years8', NULL, '20', 49, '2022-10-28 12:00:26'),
(150, 'PhD', 'PhD', NULL, '20', 50, '2022-10-28 12:00:26'),
(151, 'Bachelor Degree', 'BachelorDegree', NULL, '15', 50, '2022-10-28 12:00:26'),
(152, 'Austrlian Diploma', 'AustrlianDiploma', NULL, '10', 50, '2022-10-28 12:00:26'),
(153, 'Recognised Qualification', 'RecognisedQualification', NULL, '10', 50, '2022-10-28 12:00:26'),
(154, 'Masters', 'MSC', NULL, '10', 51, '2022-10-28 12:00:26'),
(155, 'Australian Educational Requirement', 'AustralianEducationalRequirement', NULL, '5', 52, '2022-10-28 12:00:26'),
(156, 'Worked In Austrlia', 'WorkedInAustrlia', NULL, '5', 53, '2022-10-28 12:00:26'),
(157, 'Not Worked In Austrlia', 'NotWorkedInAustrlia', NULL, '0', 53, '2022-10-28 12:00:26'),
(158, 'Translater Exam Passed', 'TranslaterExam', NULL, '5', 54, '2022-10-28 12:00:26'),
(159, 'Translater Exam Not Passed', 'NoTranslaterExam', NULL, '0', 54, '2022-10-28 12:00:26'),
(160, 'Live Study Regional', 'LiveStudyRegional', NULL, '5', 55, '2022-10-28 12:00:26'),
(161, 'Live Study Regional', 'NoStudyRegional', NULL, '0', 55, '2022-10-28 12:00:26'),
(162, 'Partner Meet Age Skill English', 'PartnerMeetAgeSkillEnglish', NULL, '10', 56, '2022-10-28 12:00:26'),
(163, 'Partner Competent English', 'PartnerCompetentEnglish', NULL, '5', 56, '2022-10-28 12:00:26'),
(164, 'Still single', 'Single', NULL, '10', 56, '2022-10-28 12:00:26'),
(165, 'Partner Australian Citizen', 'PartnerAustralianCitizen', NULL, '10', 56, '2022-10-28 12:00:26'),
(166, 'Partner Australian Permanent redsident', 'PartnerAustralianPR', NULL, '10', 56, '2022-10-28 12:00:26'),
(167, 'Age 18 to 30', 'AgeGroup18_25', NULL, '25', 57, '2022-10-28 12:00:26'),
(168, 'Age 25 to 33', 'AgeGroup25_33', NULL, '30', 57, '2022-10-28 12:00:26'),
(169, 'Age 33 to 40', 'AgeGroup33_40', NULL, '25', 57, '2022-10-28 12:00:27'),
(170, 'Age 40 to 45', 'AgeGroup40_45', NULL, '15', 57, '2022-10-28 12:00:27'),
(171, 'Competent', 'Competent', 'Improve your english skills to Competent', '0', 58, '2022-10-28 12:00:27'),
(172, 'Proficient', 'Proficient', 'Improve your english skills to Proficient', '10', 58, '2022-10-28 12:00:27'),
(173, 'Superior', 'Superior', 'Improve your english skills to Superior', '20', 58, '2022-10-28 12:00:27'),
(174, 'less than 3 Years', 'Years0_3', NULL, '0', 59, '2022-10-28 12:00:27'),
(175, '3-5 Years', 'Years3_5', NULL, '5', 59, '2022-10-28 12:00:27'),
(176, '5-8 Years', 'Years5_8', NULL, '10', 59, '2022-10-28 12:00:27'),
(177, 'Over 8 Years', 'Years8', NULL, '15', 59, '2022-10-28 12:00:27'),
(178, 'less than 1 Years', 'Years0_1', NULL, '0', 60, '2022-10-28 12:00:27'),
(179, '1-3 Years', 'Years1_3', NULL, '5', 60, '2022-10-28 12:00:27'),
(180, '3-5 Years', 'Years3_5', NULL, '10', 60, '2022-10-28 12:00:27'),
(181, '5-8 Years', 'Years5_8', NULL, '15', 60, '2022-10-28 12:00:27'),
(182, 'Over 8 Years', 'Years8', NULL, '20', 60, '2022-10-28 12:00:27'),
(183, 'PhD', 'PhD', NULL, '20', 61, '2022-10-28 12:00:27'),
(184, 'Bachelor Degree', 'BachelorDegree', NULL, '15', 61, '2022-10-28 12:00:27'),
(185, 'Austrlian Diploma', 'AustrlianDiploma', NULL, '10', 61, '2022-10-28 12:00:27'),
(186, 'Recognised Qualification', 'RecognisedQualification', NULL, '10', 61, '2022-10-28 12:00:27'),
(187, 'Masters', 'MSC', NULL, '10', 62, '2022-10-28 12:00:27'),
(188, 'Australian Educational Requirement', 'AustralianEducationalRequirement', NULL, '5', 63, '2022-10-28 12:00:27'),
(189, 'Worked In Austrlia', 'WorkedInAustrlia', NULL, '5', 64, '2022-10-28 12:00:27'),
(190, 'Not Worked In Austrlia', 'NotWorkedInAustrlia', NULL, '0', 64, '2022-10-28 12:00:27'),
(191, 'Translater Exam Passed', 'TranslaterExam', NULL, '5', 65, '2022-10-28 12:00:27'),
(192, 'Translater Exam Not Passed', 'NoTranslaterExam', NULL, '0', 65, '2022-10-28 12:00:27'),
(193, 'Live Study Regional', 'LiveStudyRegional', NULL, '5', 66, '2022-10-28 12:00:27'),
(194, 'Live Study Regional', 'NoStudyRegional', NULL, '0', 66, '2022-10-28 12:00:27'),
(195, 'Partner Meet Age Skill English', 'PartnerMeetAgeSkillEnglish', NULL, '10', 67, '2022-10-28 12:00:27'),
(196, 'Partner Competent English', 'PartnerCompetentEnglish', NULL, '5', 67, '2022-10-28 12:00:27'),
(197, 'Still single', 'Single', NULL, '10', 67, '2022-10-28 12:00:27'),
(198, 'Partner Australian Citizen', 'PartnerAustralianCitizen', NULL, '10', 67, '2022-10-28 12:00:27'),
(199, 'Partner Australian Permanent redsident', 'PartnerAustralianPR', NULL, '10', 67, '2022-10-28 12:00:27'),
(200, 'Age 18 to 30', 'AgeGroup18_25', NULL, '25', 68, '2022-10-28 16:05:15'),
(201, 'Age 25 to 33', 'AgeGroup25_33', NULL, '30', 68, '2022-10-28 16:05:15'),
(202, 'Age 33 to 40', 'AgeGroup33_40', NULL, '25', 68, '2022-10-28 16:05:15'),
(203, 'Age 40 to 45', 'AgeGroup40_45', NULL, '15', 68, '2022-10-28 16:05:15'),
(204, 'Competent', 'Competent', 'Improve your english skills to Proficient', '0', 69, '2022-10-28 16:05:15'),
(205, 'Proficient', 'Proficient', 'Improve your english skills to Superior', '10', 69, '2022-10-28 16:05:15'),
(206, 'Superior', 'Superior', '', '20', 69, '2022-10-28 16:05:15'),
(207, 'less than 3 Years', 'Years0_3', NULL, '0', 70, '2022-10-28 16:05:15'),
(208, '3-5 Years', 'Years3_5', NULL, '5', 70, '2022-10-28 16:05:15'),
(209, '5-8 Years', 'Years5_8', NULL, '10', 70, '2022-10-28 16:05:15'),
(210, 'Over 8 Years', 'Years8', NULL, '15', 70, '2022-10-28 16:05:15'),
(211, 'less than 1 Years', 'Years0_1', NULL, '0', 71, '2022-10-28 16:05:15'),
(212, '1-3 Years', 'Years1_3', NULL, '5', 71, '2022-10-28 16:05:15'),
(213, '3-5 Years', 'Years3_5', NULL, '10', 71, '2022-10-28 16:05:15'),
(214, '5-8 Years', 'Years5_8', NULL, '15', 71, '2022-10-28 16:05:15'),
(215, 'Over 8 Years', 'Years8', NULL, '20', 71, '2022-10-28 16:05:15'),
(216, 'PhD', 'PhD', NULL, '20', 72, '2022-10-28 16:05:15'),
(217, 'Bachelor Degree', 'BachelorDegree', NULL, '15', 72, '2022-10-28 16:05:15'),
(218, 'Austrlian Diploma', 'AustrlianDiploma', NULL, '10', 72, '2022-10-28 16:05:15'),
(219, 'Recognised Qualification', 'RecognisedQualification', NULL, '10', 72, '2022-10-28 16:05:15'),
(220, 'Masters', 'MSC', NULL, '10', 73, '2022-10-28 16:05:15'),
(221, 'Australian Educational Requirement', 'AustralianEducationalRequirement', NULL, '5', 74, '2022-10-28 16:05:15'),
(222, 'Worked In Austrlia', 'WorkedInAustrlia', NULL, '5', 75, '2022-10-28 16:05:15'),
(223, 'Not Worked In Austrlia', 'NotWorkedInAustrlia', NULL, '0', 75, '2022-10-28 16:05:15'),
(224, 'Translater Exam Passed', 'TranslaterExam', NULL, '5', 76, '2022-10-28 16:05:15'),
(225, 'Translater Exam Not Passed', 'NoTranslaterExam', NULL, '0', 76, '2022-10-28 16:05:15'),
(226, 'Live Study Regional', 'LiveStudyRegional', NULL, '5', 77, '2022-10-28 16:05:15'),
(227, 'Live Study Regional', 'NoStudyRegional', NULL, '0', 77, '2022-10-28 16:05:15'),
(228, 'Partner Meet Age Skill English', 'PartnerMeetAgeSkillEnglish', NULL, '10', 78, '2022-10-28 16:05:15'),
(229, 'Partner Competent English', 'PartnerCompetentEnglish', NULL, '5', 78, '2022-10-28 16:05:15'),
(230, 'Still single', 'Single', NULL, '10', 78, '2022-10-28 16:05:15'),
(231, 'Partner Australian Citizen', 'PartnerAustralianCitizen', NULL, '10', 78, '2022-10-28 16:05:15'),
(232, 'Partner Australian Permanent redsident', 'PartnerAustralianPR', NULL, '10', 78, '2022-10-28 16:05:15'),
(233, 'Age 18 to 30', 'AgeGroup18_25', NULL, '25', 79, '2022-10-28 16:05:15'),
(234, 'Age 25 to 33', 'AgeGroup25_33', NULL, '30', 79, '2022-10-28 16:05:15'),
(235, 'Age 33 to 40', 'AgeGroup33_40', NULL, '25', 79, '2022-10-28 16:05:15'),
(236, 'Age 40 to 45', 'AgeGroup40_45', NULL, '15', 79, '2022-10-28 16:05:15'),
(237, 'Competent', 'Competent', 'Improve your english skills to Proficient', '0', 80, '2022-10-28 16:05:15'),
(238, 'Proficient', 'Proficient', 'Improve your english skills to Superior', '10', 80, '2022-10-28 16:05:15'),
(239, 'Superior', 'Superior', '', '20', 80, '2022-10-28 16:05:15'),
(240, 'less than 3 Years', 'Years0_3', NULL, '0', 81, '2022-10-28 16:05:15'),
(241, '3-5 Years', 'Years3_5', NULL, '5', 81, '2022-10-28 16:05:15'),
(242, '5-8 Years', 'Years5_8', NULL, '10', 81, '2022-10-28 16:05:15'),
(243, 'Over 8 Years', 'Years8', NULL, '15', 81, '2022-10-28 16:05:15'),
(244, 'less than 1 Years', 'Years0_1', NULL, '0', 82, '2022-10-28 16:05:16'),
(245, '1-3 Years', 'Years1_3', NULL, '5', 82, '2022-10-28 16:05:16'),
(246, '3-5 Years', 'Years3_5', NULL, '10', 82, '2022-10-28 16:05:16'),
(247, '5-8 Years', 'Years5_8', NULL, '15', 82, '2022-10-28 16:05:16'),
(248, 'Over 8 Years', 'Years8', NULL, '20', 82, '2022-10-28 16:05:16'),
(249, 'PhD', 'PhD', NULL, '20', 83, '2022-10-28 16:05:16'),
(250, 'Bachelor Degree', 'BachelorDegree', NULL, '15', 83, '2022-10-28 16:05:16'),
(251, 'Austrlian Diploma', 'AustrlianDiploma', NULL, '10', 83, '2022-10-28 16:05:16'),
(252, 'Recognised Qualification', 'RecognisedQualification', NULL, '10', 83, '2022-10-28 16:05:16'),
(253, 'Masters', 'MSC', NULL, '10', 84, '2022-10-28 16:05:16'),
(254, 'Australian Educational Requirement', 'AustralianEducationalRequirement', NULL, '5', 85, '2022-10-28 16:05:16'),
(255, 'Worked In Austrlia', 'WorkedInAustrlia', NULL, '5', 86, '2022-10-28 16:05:16'),
(256, 'Not Worked In Austrlia', 'NotWorkedInAustrlia', NULL, '0', 86, '2022-10-28 16:05:16'),
(257, 'Translater Exam Passed', 'TranslaterExam', NULL, '5', 87, '2022-10-28 16:05:16'),
(258, 'Translater Exam Not Passed', 'NoTranslaterExam', NULL, '0', 87, '2022-10-28 16:05:16'),
(259, 'Live Study Regional', 'LiveStudyRegional', NULL, '5', 88, '2022-10-28 16:05:16'),
(260, 'Live Study Regional', 'NoStudyRegional', NULL, '0', 88, '2022-10-28 16:05:16'),
(261, 'Partner Meet Age Skill English', 'PartnerMeetAgeSkillEnglish', NULL, '10', 89, '2022-10-28 16:05:16'),
(262, 'Partner Competent English', 'PartnerCompetentEnglish', NULL, '5', 89, '2022-10-28 16:05:16'),
(263, 'Still single', 'Single', NULL, '10', 89, '2022-10-28 16:05:16'),
(264, 'Partner Australian Citizen', 'PartnerAustralianCitizen', NULL, '10', 89, '2022-10-28 16:05:16'),
(265, 'Partner Australian Permanent redsident', 'PartnerAustralianPR', NULL, '10', 89, '2022-10-28 16:05:16'),
(266, 'Age 18 to 30', 'AgeGroup18_25', NULL, '25', 90, '2022-10-28 16:05:16'),
(267, 'Age 25 to 33', 'AgeGroup25_33', NULL, '30', 90, '2022-10-28 16:05:16'),
(268, 'Age 33 to 40', 'AgeGroup33_40', NULL, '25', 90, '2022-10-28 16:05:16'),
(269, 'Age 40 to 45', 'AgeGroup40_45', NULL, '15', 90, '2022-10-28 16:05:16'),
(270, 'Competent', 'Competent', 'Improve your english skills to Competent', '0', 91, '2022-10-28 16:05:16'),
(271, 'Proficient', 'Proficient', 'Improve your english skills to Proficient', '10', 91, '2022-10-28 16:05:16'),
(272, 'Superior', 'Superior', 'Improve your english skills to Superior', '20', 91, '2022-10-28 16:05:16'),
(273, 'less than 3 Years', 'Years0_3', NULL, '0', 92, '2022-10-28 16:05:16'),
(274, '3-5 Years', 'Years3_5', NULL, '5', 92, '2022-10-28 16:05:16'),
(275, '5-8 Years', 'Years5_8', NULL, '10', 92, '2022-10-28 16:05:16'),
(276, 'Over 8 Years', 'Years8', NULL, '15', 92, '2022-10-28 16:05:16'),
(277, 'less than 1 Years', 'Years0_1', NULL, '0', 93, '2022-10-28 16:05:16'),
(278, '1-3 Years', 'Years1_3', NULL, '5', 93, '2022-10-28 16:05:16'),
(279, '3-5 Years', 'Years3_5', NULL, '10', 93, '2022-10-28 16:05:16'),
(280, '5-8 Years', 'Years5_8', NULL, '15', 93, '2022-10-28 16:05:16'),
(281, 'Over 8 Years', 'Years8', NULL, '20', 93, '2022-10-28 16:05:16'),
(282, 'PhD', 'PhD', NULL, '20', 94, '2022-10-28 16:05:16'),
(283, 'Bachelor Degree', 'BachelorDegree', NULL, '15', 94, '2022-10-28 16:05:16'),
(284, 'Austrlian Diploma', 'AustrlianDiploma', NULL, '10', 94, '2022-10-28 16:05:16'),
(285, 'Recognised Qualification', 'RecognisedQualification', NULL, '10', 94, '2022-10-28 16:05:16'),
(286, 'Masters', 'MSC', NULL, '10', 95, '2022-10-28 16:05:16'),
(287, 'Australian Educational Requirement', 'AustralianEducationalRequirement', NULL, '5', 96, '2022-10-28 16:05:16'),
(288, 'Worked In Austrlia', 'WorkedInAustrlia', NULL, '5', 97, '2022-10-28 16:05:16'),
(289, 'Not Worked In Austrlia', 'NotWorkedInAustrlia', NULL, '0', 97, '2022-10-28 16:05:16'),
(290, 'Translater Exam Passed', 'TranslaterExam', NULL, '5', 98, '2022-10-28 16:05:16'),
(291, 'Translater Exam Not Passed', 'NoTranslaterExam', NULL, '0', 98, '2022-10-28 16:05:16'),
(292, 'Live Study Regional', 'LiveStudyRegional', NULL, '5', 99, '2022-10-28 16:05:16'),
(293, 'Live Study Regional', 'NoStudyRegional', NULL, '0', 99, '2022-10-28 16:05:16'),
(294, 'Partner Meet Age Skill English', 'PartnerMeetAgeSkillEnglish', NULL, '10', 100, '2022-10-28 16:05:16'),
(295, 'Partner Competent English', 'PartnerCompetentEnglish', NULL, '5', 100, '2022-10-28 16:05:16'),
(296, 'Still single', 'Single', NULL, '10', 100, '2022-10-28 16:05:16'),
(297, 'Partner Australian Citizen', 'PartnerAustralianCitizen', NULL, '10', 100, '2022-10-28 16:05:16'),
(298, 'Partner Australian Permanent redsident', 'PartnerAustralianPR', NULL, '10', 100, '2022-10-28 16:05:16'),
(299, 'Age 18 to 24', 'AgeGroup18_25', NULL, '15', 101, '2023-02-25 11:45:04'),
(300, 'Age 25 to 33', 'AgeGroup25_33', NULL, '20', 101, '2023-02-25 11:45:04'),
(301, 'Age 33 to 40', 'AgeGroup33_40', NULL, '15', 101, '2023-02-25 11:45:04'),
(302, 'Age 40 to 45', 'AgeGroup40_45', NULL, '10', 101, '2023-02-25 11:45:04'),
(303, 'GCE O/L', 'BachelorDegree', NULL, '10', 102, '2023-02-25 11:45:04'),
(304, 'GCE A/L', 'AustrlianDiploma', NULL, '20', 102, '2023-02-25 11:45:04'),
(305, 'GCE A/L and Diploma', 'RecognisedQualification', NULL, '30', 102, '2023-02-25 11:45:04'),
(306, 'Good', 'Good', 'Improve your english skills to Very Good', '10', 103, '2023-02-25 11:45:04'),
(307, 'Very Good', 'VeryGood', 'Improve your english skills to Excellent', '15', 103, '2023-02-25 11:45:04'),
(308, 'Excellent', 'Excellent', '', '20', 103, '2023-02-25 11:45:04'),
(309, 'less than 5 Years', 'Years0_5', 'Have more years of work experice', '8', 104, '2023-02-25 11:45:04'),
(310, '5-7 Years', 'Years5_7', 'Have more years of work experice', '10', 104, '2023-02-25 11:45:04'),
(311, '7-10 Years', 'Years7_10', 'Have more years of work experice', '12', 104, '2023-02-25 11:45:04'),
(312, 'Over 10 Years', 'Years10', NULL, '15', 104, '2023-02-25 11:45:04'),
(313, 'AUD 10,000-15000', 'Amount10_15', 'Increase Funds', '8', 105, '2023-02-25 11:45:04'),
(314, 'AUD 15,000-20,000', 'Amount15_20', 'Increase Funds', '10', 105, '2023-02-25 11:45:04'),
(315, 'AUD 20,000-30,000', 'Amount20_30', 'Increase Funds', '12', 105, '2023-02-25 11:45:04'),
(316, 'Above AUD 30,000', 'Amount30', NULL, '15', 105, '2023-02-25 11:45:04'),
(317, 'Good', 'Good', NULL, '0', 106, '2023-02-25 11:45:04'),
(318, 'Very Good', 'VeryGood', NULL, '5', 106, '2023-02-25 11:45:04'),
(319, 'Excellent', 'Excellent', NULL, '10', 106, '2023-02-25 11:45:04'),
(320, 'Age 18 to 24', 'AgeGroup18_25', NULL, '10', 107, '2023-02-25 11:45:04'),
(321, 'Age 25 to 33', 'AgeGroup25_33', NULL, '15', 107, '2023-02-25 11:45:04'),
(322, 'Age 33 to 40', 'AgeGroup33_40', NULL, '20', 107, '2023-02-25 11:45:04'),
(323, 'Age 40 to 45', 'AgeGroup40_45', NULL, '15', 107, '2023-02-25 11:45:04'),
(324, 'GCE A/L', 'AL', 'Complete a Diploma', '8', 108, '2023-02-25 11:45:04'),
(325, 'GCE A/L and Diploma', 'Diploma', 'Complete a Bachelor digree or Masters', '12', 108, '2023-02-25 11:45:04'),
(326, 'Bachelor digree or Masters base on work experience', 'Bachelor', 'Complete a Bachelor and Postgraduate or Masters', '15', 108, '2023-02-25 11:45:04'),
(327, 'Bachelor and Postgraduate or Masters', 'Masters', 'Complete a Diploma', '20', 108, '2023-02-25 11:45:04'),
(328, 'Good', 'Good', 'Improve your english skills to Very Good', '10', 109, '2023-02-25 11:45:04'),
(329, 'Very Good', 'VeryGood', 'Improve your english skills to Excellent', '15', 109, '2023-02-25 11:45:04'),
(330, 'Excellent', 'Excellent', '', '20', 109, '2023-02-25 11:45:04'),
(331, 'less than 5 Years', 'Years0_5', 'Have more years of work experice', '8', 110, '2023-02-25 11:45:04'),
(332, '5-7 Years', 'Years5_7', 'Have more years of work experice', '10', 110, '2023-02-25 11:45:04'),
(333, '7-10 Years', 'Years7_10', 'Have more years of work experice', '12', 110, '2023-02-25 11:45:04'),
(334, 'Over 10 Years', 'Years10', NULL, '15', 110, '2023-02-25 11:45:04'),
(335, 'No', 'No_Bacherlors', 'Complete s professional qualification', '0', 111, '2023-02-25 11:45:04'),
(336, 'Yes', 'Yes', NULL, '10', 111, '2023-02-25 11:45:04'),
(337, 'AUD 10,000-15000', 'Amount10_15', 'Increase Funds', '8', 112, '2023-02-25 11:45:04'),
(338, 'AUD 15,000-20,000', 'Amount15_20', 'Increase Funds', '10', 112, '2023-02-25 11:45:04'),
(339, 'AUD 20,000-30,000', 'Amount20_30', 'Increase Funds', '12', 112, '2023-02-25 11:45:04'),
(340, 'Above AUD 30,000', 'Amount30', NULL, '15', 112, '2023-02-25 11:45:04'),
(341, 'Good', 'Good', NULL, '0', 113, '2023-02-25 11:45:04'),
(342, 'Very Good', 'VeryGood', NULL, '5', 113, '2023-02-25 11:45:04'),
(343, 'Excellent', 'Excellent', NULL, '10', 113, '2023-02-25 11:45:04'),
(344, 'Age 18 to 25', 'AgeGroup1', NULL, '8', 114, '2023-02-25 11:45:04'),
(345, 'Age 25 to 33', 'AgeGroup2', NULL, '10', 114, '2023-02-25 11:45:04'),
(346, 'Age 33 to 40', 'AgeGroup3', NULL, '15', 114, '2023-02-25 11:45:04'),
(347, 'Age 40 to 44', 'AgeGroup4', NULL, '10', 114, '2023-02-25 11:45:04'),
(348, 'Above 45', 'AgeGroup5', NULL, '8', 114, '2023-02-25 11:45:04'),
(349, 'Masters /PHD', 'Edu1', NULL, '15', 115, '2023-02-25 11:45:04'),
(350, 'Bachelor Degree', 'Edu2', 'Complete a Masters /PHD', '12', 115, '2023-02-25 11:45:04'),
(351, 'A/L OR Diploma', 'Edu3', 'Complete a Bachelor Degree', '10', 115, '2023-02-25 11:45:04'),
(352, 'Good', 'englang1', 'Improve your english skills to Very Good', '5', 116, '2023-02-25 11:45:04'),
(353, 'Very Good', 'englang2', 'Improve your english skills to Excellent', '7', 116, '2023-02-25 11:45:04'),
(354, 'Excellent', 'englang3', NULL, '10', 116, '2023-02-25 11:45:04'),
(355, 'AUD 1 Miilion', 'Amount1', 'Improve investment', '10', 117, '2023-02-25 11:45:04'),
(356, 'AUD 1-3 Miilion', 'Amount2', 'Improve investment', '12', 117, '2023-02-25 11:45:04'),
(357, 'AUD 3-5 Miilion', 'Amount3', 'Improve investment', '15', 117, '2023-02-25 11:45:04'),
(358, 'Above 5 Million', 'Amount4', 'Improve investment', '20', 117, '2023-02-25 11:45:04'),
(359, 'Yes', 'Yes', NULL, '10', 118, '2023-02-25 11:45:04'),
(360, 'No', 'No', 'Make your investment export oriented', '0', 118, '2023-02-25 11:45:04'),
(361, 'less than 3', 'Jobs1', NULL, '5', 119, '2023-02-25 11:45:04'),
(362, '3 to 5', 'Jobs2', NULL, '8', 119, '2023-02-25 11:45:04'),
(363, '5-10', 'Jobs3', NULL, '10', 119, '2023-02-25 11:45:04'),
(364, 'More than 10', 'Jobs4', NULL, '15', 119, '2023-02-25 11:45:04'),
(365, 'AUD 100,000  OR Less', 'Amount1', 'Increase anual income', '3', 120, '2023-02-25 11:45:04'),
(366, 'AUD 100,000 to 500,000', 'Amount2', 'Increase anual income', '5', 120, '2023-02-25 11:45:04'),
(367, 'AUD  500,000 - 1,000,000', 'Amount3', 'Increase anual income', '7', 120, '2023-02-25 11:45:04'),
(368, 'Over AUD 1,000,000', 'Amount4', NULL, '10', 120, '2023-02-25 11:45:04'),
(369, 'Yes', 'Yes', NULL, '5', 121, '2023-02-25 11:45:04'),
(370, 'No', 'No', 'Move to regional', '0', 121, '2023-02-25 11:45:04'),
(371, 'Good', 'Health1', NULL, '0', 122, '2023-02-25 11:45:04'),
(372, 'Very Good', 'Health2', NULL, '5', 122, '2023-02-25 11:45:04'),
(373, 'Excellent', 'Health3', NULL, '10', 122, '2023-02-25 11:45:04'),
(374, 'Age 18 to 24', 'AgeGroup1', NULL, '25', 123, '2023-02-25 11:45:04'),
(375, 'Age 25 to 32', 'AgeGroup2', NULL, '30', 123, '2023-02-25 11:45:04'),
(376, 'Age 33 to 39', 'AgeGroup3', NULL, '25', 123, '2023-02-25 11:45:04'),
(377, 'Age 40 to 44', 'AgeGroup4', NULL, '15', 123, '2023-02-25 11:45:04'),
(378, 'Good', 'englang1', 'Improve your english skills to Very Good', '5', 124, '2023-02-25 11:45:04'),
(379, 'Very Good', 'englang2', 'Improve your english skills to Excellent', '7', 124, '2023-02-25 11:45:04'),
(380, 'Excellent', 'englang3', NULL, '10', 124, '2023-02-25 11:45:04'),
(381, 'less than 3 Years', 'Years1', 'Have more years of work experice', '0', 125, '2023-02-25 11:45:04'),
(382, '3-5 Years', 'Years2', 'Have more years of work experice', '5', 125, '2023-02-25 11:45:04'),
(383, '5-8 Years', 'Years3', 'Have more years of work experice', '10', 125, '2023-02-25 11:45:04'),
(384, 'Over 8 Years', 'Years4', NULL, '15', 125, '2023-02-25 11:45:04'),
(385, 'less than 1 Years', 'Years1', 'Have more years of Australian work experice', '0', 126, '2023-02-25 11:45:04'),
(386, '1-3 Years', 'Years2', 'Have more years of Australian work experice', '5', 126, '2023-02-25 11:45:04'),
(387, '3-5 Years', 'Years3', 'Have more years of Australian work experice', '10', 126, '2023-02-25 11:45:04'),
(388, '5-8 Years', 'Years4', 'Have more years of Australian work experice', '15', 126, '2023-02-25 11:45:04'),
(389, 'Over 8 Years', 'Years5', NULL, '20', 126, '2023-02-25 11:45:04'),
(390, 'Qualification recognized by assessing authority for skilled occupation', 'Edu1', 'Complete a Bachelor degree', '10', 127, '2023-02-25 11:45:04'),
(391, 'A diploma or trade qualification from an Australian educational institution', 'Edu2', 'Complete a Bachelor degree', '10', 127, '2023-02-25 11:45:04'),
(392, 'Bachelor degree', 'Edu3', 'Complete a PHD', '20', 127, '2023-02-25 11:45:04'),
(393, 'PHD', 'Edu4', NULL, '30', 127, '2023-02-25 11:45:04'),
(394, 'Yes', 'Yes', NULL, '10', 128, '2023-02-25 11:45:04'),
(395, 'No', 'No', 'Complete a Masters degree by research or a Doctorate degree from an Australian educational institution', '0', 128, '2023-02-25 11:45:04'),
(396, 'Yes', 'Yes', NULL, '10', 129, '2023-02-25 11:45:04'),
(397, 'No', 'No', 'Complete a degree, diploma or trade qualification from an Australian educational institution that meets the Australian study requirement', '0', 129, '2023-02-25 11:45:04'),
(398, 'Yes', 'Yes', NULL, '5', 130, '2023-02-25 11:45:04'),
(399, 'No', 'No', 'Complete a Professional Year in Australia', '0', 130, '2023-02-25 11:45:04'),
(400, 'Yes', 'Yes', NULL, '5', 131, '2023-02-25 11:45:04'),
(401, 'No', 'No', 'Complete a recognised qualification in a credentialled community language', '0', 131, '2023-02-25 11:45:04'),
(402, 'Yes', 'Yes', NULL, '5', 132, '2023-02-25 11:45:04'),
(403, 'No', 'No', 'Study in regional Austrlia for more than a year', '0', 132, '2023-02-25 11:45:04'),
(404, 'Partner has competent English', 'partnerSkill1', 'Partner meet age, English and skill criteria', '5', 133, '2023-02-25 11:45:04'),
(405, 'Partner meet age, English and skill criteria', 'partnerSkill2', NULL, '10', 133, '2023-02-25 11:45:04'),
(406, 'You are single or your partner is an Australian citizen or permanent resident', 'partnerSkill3', NULL, '10', 133, '2023-02-25 11:45:04'),
(407, 'Yes', 'Yes', NULL, '5', 134, '2023-02-25 11:45:04'),
(408, 'No', 'No', 'Apply for state nomination', '0', 134, '2023-02-25 11:45:04'),
(409, 'Age 18 to 24', 'AgeGroup18_25', NULL, '15', 135, '2023-02-25 11:45:05'),
(410, 'Age 25 to 33', 'AgeGroup25_33', NULL, '20', 135, '2023-02-25 11:45:05'),
(411, 'Age 33 to 40', 'AgeGroup33_40', NULL, '15', 135, '2023-02-25 11:45:05'),
(412, 'Age 40 to 45', 'AgeGroup40_45', NULL, '10', 135, '2023-02-25 11:45:05'),
(413, 'GCE O/L', 'BachelorDegree', NULL, '10', 136, '2023-02-25 11:45:05'),
(414, 'GCE A/L', 'AustrlianDiploma', NULL, '20', 136, '2023-02-25 11:45:05'),
(415, 'GCE A/L and Diploma', 'RecognisedQualification', NULL, '30', 136, '2023-02-25 11:45:05'),
(416, 'Good', 'Good', 'Improve your english skills to Very Good', '10', 137, '2023-02-25 11:45:05'),
(417, 'Very Good', 'VeryGood', 'Improve your english skills to Excellent', '15', 137, '2023-02-25 11:45:05'),
(418, 'Excellent', 'Excellent', '', '20', 137, '2023-02-25 11:45:05'),
(419, 'less than 5 Years', 'Years0_5', 'Have more years of work experice', '8', 138, '2023-02-25 11:45:05'),
(420, '5-7 Years', 'Years5_7', 'Have more years of work experice', '10', 138, '2023-02-25 11:45:05'),
(421, '7-10 Years', 'Years7_10', 'Have more years of work experice', '12', 138, '2023-02-25 11:45:05'),
(422, 'Over 10 Years', 'Years10', NULL, '15', 138, '2023-02-25 11:45:05'),
(423, 'EUR 10,000-15000', 'Amount10_15', 'Increase Funds', '8', 139, '2023-02-25 11:45:05'),
(424, 'EUR15,000-20,000', 'Amount15_20', 'Increase Funds', '10', 139, '2023-02-25 11:45:05'),
(425, 'EUR 20,000-30,000', 'Amount20_30', 'Increase Funds', '12', 139, '2023-02-25 11:45:05'),
(426, 'Above EUR 30,000', 'Amount30', NULL, '15', 139, '2023-02-25 11:45:05'),
(427, 'Good', 'Good', NULL, '0', 140, '2023-02-25 11:45:05'),
(428, 'Very Good', 'VeryGood', NULL, '5', 140, '2023-02-25 11:45:05'),
(429, 'Excellent', 'Excellent', NULL, '10', 140, '2023-02-25 11:45:05'),
(430, 'Age 18 to 24', 'AgeGroup18_25', NULL, '10', 141, '2023-02-25 11:45:05'),
(431, 'Age 25 to 33', 'AgeGroup25_33', NULL, '15', 141, '2023-02-25 11:45:05'),
(432, 'Age 33 to 40', 'AgeGroup33_40', NULL, '20', 141, '2023-02-25 11:45:05'),
(433, 'Age 40 to 45', 'AgeGroup40_45', NULL, '15', 141, '2023-02-25 11:45:05'),
(434, 'GCE A/L', 'AL', 'Complete a Diploma', '8', 142, '2023-02-25 11:45:05'),
(435, 'GCE A/L and Diploma', 'Diploma', 'Complete a Bachelor digree or Masters', '12', 142, '2023-02-25 11:45:05'),
(436, 'Bachelor digree or Masters base on work experience', 'Bachelor', 'Complete a Bachelor and Postgraduate or Masters', '15', 142, '2023-02-25 11:45:05'),
(437, 'Bachelor and Postgraduate or Masters', 'Masters', 'Complete a Diploma', '20', 142, '2023-02-25 11:45:05'),
(438, 'Good', 'Good', 'Improve your english skills to Very Good', '10', 143, '2023-02-25 11:45:05'),
(439, 'Very Good', 'VeryGood', 'Improve your english skills to Excellent', '15', 143, '2023-02-25 11:45:05'),
(440, 'Excellent', 'Excellent', '', '20', 143, '2023-02-25 11:45:05'),
(441, 'less than 5 Years', 'Years0_5', 'Have more years of work experice', '8', 144, '2023-02-25 11:45:05'),
(442, '5-7 Years', 'Years5_7', 'Have more years of work experice', '10', 144, '2023-02-25 11:45:05'),
(443, '7-10 Years', 'Years7_10', 'Have more years of work experice', '12', 144, '2023-02-25 11:45:05'),
(444, 'Over 10 Years', 'Years10', NULL, '15', 144, '2023-02-25 11:45:05'),
(445, 'No', 'No_Bacherlors', 'Complete s professional qualification', '0', 145, '2023-02-25 11:45:05'),
(446, 'Yes', 'Yes', NULL, '10', 145, '2023-02-25 11:45:05'),
(447, 'EUR 10,000-15000', 'Amount10_15', 'Increase Funds', '8', 146, '2023-02-25 11:45:05'),
(448, 'EUR15,000-20,000', 'Amount15_20', 'Increase Funds', '10', 146, '2023-02-25 11:45:05'),
(449, 'EUR 20,000-30,000', 'Amount20_30', 'Increase Funds', '12', 146, '2023-02-25 11:45:05'),
(450, 'Above EUR 30,000', 'Amount30', NULL, '15', 146, '2023-02-25 11:45:05'),
(451, 'Good', 'Good', NULL, '0', 147, '2023-02-25 11:45:05'),
(452, 'Very Good', 'VeryGood', NULL, '5', 147, '2023-02-25 11:45:05'),
(453, 'Excellent', 'Excellent', NULL, '10', 147, '2023-02-25 11:45:05'),
(454, 'Age 18 to 25', 'AgeGroup1', NULL, '8', 148, '2023-02-25 11:45:05'),
(455, 'Age 25 to 33', 'AgeGroup2', NULL, '10', 148, '2023-02-25 11:45:05'),
(456, 'Age 33 to 40', 'AgeGroup3', NULL, '15', 148, '2023-02-25 11:45:05'),
(457, 'Age 40 to 44', 'AgeGroup4', NULL, '10', 148, '2023-02-25 11:45:05'),
(458, 'Above 45', 'AgeGroup5', NULL, '8', 148, '2023-02-25 11:45:05'),
(459, 'Masters /PHD', 'Edu1', NULL, '15', 149, '2023-02-25 11:45:05'),
(460, 'Bachelor Degree', 'Edu2', 'Complete a Masters /PHD', '12', 149, '2023-02-25 11:45:05'),
(461, 'A/L OR Diploma', 'Edu3', 'Complete a Bachelor Degree', '10', 149, '2023-02-25 11:45:05'),
(462, 'Good', 'englang1', 'Improve your english skills to Very Good', '5', 150, '2023-02-25 11:45:05'),
(463, 'Very Good', 'englang2', 'Improve your english skills to Excellent', '7', 150, '2023-02-25 11:45:05'),
(464, 'Excellent', 'englang3', NULL, '10', 150, '2023-02-25 11:45:05'),
(465, 'EUR 500,000 OR Less', 'Amount1', 'Improve investment', '10', 151, '2023-02-25 11:45:05'),
(466, 'EUR 500,000- 1 Miilion', 'Amount2', 'Improve investment', '12', 151, '2023-02-25 11:45:05'),
(467, 'EUR 1-3 Miilion', 'Amount3', 'Improve investment', '15', 151, '2023-02-25 11:45:05'),
(468, 'EUR 3 Million and above', 'Amount4', 'Improve investment', '20', 151, '2023-02-25 11:45:05'),
(469, 'Yes', 'Yes', NULL, '10', 152, '2023-02-25 11:45:05'),
(470, 'No', 'No', 'Make your investment export oriented', '0', 152, '2023-02-25 11:45:05'),
(471, 'less than 3', 'Jobs1', NULL, '5', 153, '2023-02-25 11:45:05'),
(472, '3 to 5', 'Jobs2', NULL, '8', 153, '2023-02-25 11:45:05'),
(473, '5-10', 'Jobs3', NULL, '10', 153, '2023-02-25 11:45:05'),
(474, 'More than 10', 'Jobs4', NULL, '15', 153, '2023-02-25 11:45:05'),
(475, 'EUR 100,000  OR Less', 'Amount1', 'Increase anual income', '3', 154, '2023-02-25 11:45:05'),
(476, 'EUR 100,000 to 500,000', 'Amount2', 'Increase anual income', '5', 154, '2023-02-25 11:45:05'),
(477, 'EUR  500,000 - 1,000,000', 'Amount3', 'Increase anual income', '7', 154, '2023-02-25 11:45:05'),
(478, 'Over EUR 1,000,000', 'Amount4', NULL, '10', 154, '2023-02-25 11:45:05'),
(479, 'Yes', 'Yes', NULL, '5', 155, '2023-02-25 11:45:05'),
(480, 'No', 'No', 'Move to regional', '0', 155, '2023-02-25 11:45:05'),
(481, 'Good', 'Health1', NULL, '0', 156, '2023-02-25 11:45:05'),
(482, 'Very Good', 'Health2', NULL, '5', 156, '2023-02-25 11:45:05'),
(483, 'Excellent', 'Health3', NULL, '10', 156, '2023-02-25 11:45:05'),
(484, 'Age 18 to 24', 'AgeGroup18_25', NULL, '15', 157, '2023-02-25 11:45:05'),
(485, 'Age 25 to 33', 'AgeGroup25_33', NULL, '20', 157, '2023-02-25 11:45:05'),
(486, 'Age 33 to 40', 'AgeGroup33_40', NULL, '15', 157, '2023-02-25 11:45:05'),
(487, 'Age 40 to 45', 'AgeGroup40_45', NULL, '10', 157, '2023-02-25 11:45:05'),
(488, 'GCE O/L', 'BachelorDegree', NULL, '10', 158, '2023-02-25 11:45:05'),
(489, 'GCE A/L', 'AustrlianDiploma', NULL, '20', 158, '2023-02-25 11:45:05'),
(490, 'GCE A/L and Diploma', 'RecognisedQualification', NULL, '30', 158, '2023-02-25 11:45:05'),
(491, 'Good', 'Good', 'Improve your english skills to Very Good', '10', 159, '2023-02-25 11:45:05'),
(492, 'Very Good', 'VeryGood', 'Improve your english skills to Excellent', '15', 159, '2023-02-25 11:45:05'),
(493, 'Excellent', 'Excellent', '', '20', 159, '2023-02-25 11:45:05'),
(494, 'less than 5 Years', 'Years0_5', 'Have more years of work experice', '8', 160, '2023-02-25 11:45:05'),
(495, '5-7 Years', 'Years5_7', 'Have more years of work experice', '10', 160, '2023-02-25 11:45:05'),
(496, '7-10 Years', 'Years7_10', 'Have more years of work experice', '12', 160, '2023-02-25 11:45:05'),
(497, 'Over 10 Years', 'Years10', NULL, '15', 160, '2023-02-25 11:45:05'),
(498, 'SEK 10,000-15000', 'Amount1', 'Increase Funds', '8', 161, '2023-02-25 11:45:05'),
(499, 'SEK 15,000-20,000', 'Amount2', 'Increase Funds', '10', 161, '2023-02-25 11:45:05'),
(500, 'SEK 20,000-30,000', 'Amount3', 'Increase Funds', '12', 161, '2023-02-25 11:45:05'),
(501, 'Above SEK 30,000', 'Amount4', NULL, '15', 161, '2023-02-25 11:45:05'),
(502, 'Good', 'Good', NULL, '0', 162, '2023-02-25 11:45:05'),
(503, 'Very Good', 'VeryGood', NULL, '5', 162, '2023-02-25 11:45:05'),
(504, 'Excellent', 'Excellent', NULL, '10', 162, '2023-02-25 11:45:05'),
(505, 'Age 18 to 24', 'AgeGroup18_25', NULL, '10', 163, '2023-02-25 11:45:05'),
(506, 'Age 25 to 33', 'AgeGroup25_33', NULL, '15', 163, '2023-02-25 11:45:05'),
(507, 'Age 33 to 40', 'AgeGroup33_40', NULL, '20', 163, '2023-02-25 11:45:05'),
(508, 'Age 40 to 45', 'AgeGroup40_45', NULL, '15', 163, '2023-02-25 11:45:05'),
(509, 'GCE A/L', 'AL', 'Complete a Diploma', '8', 164, '2023-02-25 11:45:05'),
(510, 'GCE A/L and Diploma', 'Diploma', 'Complete a Bachelor digree or Masters', '12', 164, '2023-02-25 11:45:05'),
(511, 'Bachelor digree or Masters base on work experience', 'Bachelor', 'Complete a Bachelor and Postgraduate or Masters', '15', 164, '2023-02-25 11:45:05'),
(512, 'Bachelor and Postgraduate or Masters', 'Masters', 'Complete a Diploma', '20', 164, '2023-02-25 11:45:05'),
(513, 'Good', 'Good', 'Improve your english skills to Very Good', '10', 165, '2023-02-25 11:45:05'),
(514, 'Very Good', 'VeryGood', 'Improve your english skills to Excellent', '15', 165, '2023-02-25 11:45:05'),
(515, 'Excellent', 'Excellent', '', '20', 165, '2023-02-25 11:45:05'),
(516, 'less than 5 Years', 'Years0_5', 'Have more years of work experice', '8', 166, '2023-02-25 11:45:05'),
(517, '5-7 Years', 'Years5_7', 'Have more years of work experice', '10', 166, '2023-02-25 11:45:05'),
(518, '7-10 Years', 'Years7_10', 'Have more years of work experice', '12', 166, '2023-02-25 11:45:05'),
(519, 'Over 10 Years', 'Years10', NULL, '15', 166, '2023-02-25 11:45:05'),
(520, 'No', 'No_Bacherlors', 'Complete s professional qualification', '0', 167, '2023-02-25 11:45:05'),
(521, 'Yes', 'Yes', NULL, '10', 167, '2023-02-25 11:45:05'),
(522, 'SEK 10,000-15000', 'Amount1', 'Increase Funds', '8', 168, '2023-02-25 11:45:05'),
(523, 'SEK 15,000-20,000', 'Amount2', 'Increase Funds', '10', 168, '2023-02-25 11:45:05'),
(524, 'SEK 20,000-30,000', 'Amount3', 'Increase Funds', '12', 168, '2023-02-25 11:45:05'),
(525, 'Above SEK 30,000', 'Amount4', NULL, '15', 168, '2023-02-25 11:45:05'),
(526, 'Good', 'Good', NULL, '0', 169, '2023-02-25 11:45:05'),
(527, 'Very Good', 'VeryGood', NULL, '5', 169, '2023-02-25 11:45:05'),
(528, 'Excellent', 'Excellent', NULL, '10', 169, '2023-02-25 11:45:05'),
(529, 'Age 18 to 25', 'AgeGroup1', NULL, '8', 170, '2023-02-25 11:45:05'),
(530, 'Age 25 to 33', 'AgeGroup2', NULL, '10', 170, '2023-02-25 11:45:05'),
(531, 'Age 33 to 40', 'AgeGroup3', NULL, '15', 170, '2023-02-25 11:45:05'),
(532, 'Age 40 to 44', 'AgeGroup4', NULL, '10', 170, '2023-02-25 11:45:05'),
(533, 'Above 45', 'AgeGroup5', NULL, '8', 170, '2023-02-25 11:45:05'),
(534, 'Masters /PHD', 'Edu1', NULL, '15', 171, '2023-02-25 11:45:05'),
(535, 'Bachelor Degree', 'Edu2', 'Complete a Masters /PHD', '12', 171, '2023-02-25 11:45:05'),
(536, 'A/L OR Diploma', 'Edu3', 'Complete a Bachelor Degree', '10', 171, '2023-02-25 11:45:06'),
(537, 'Good', 'englang1', 'Improve your english skills to Very Good', '5', 172, '2023-02-25 11:45:06'),
(538, 'Very Good', 'englang2', 'Improve your english skills to Excellent', '7', 172, '2023-02-25 11:45:06'),
(539, 'Excellent', 'englang3', NULL, '10', 172, '2023-02-25 11:45:06'),
(540, 'SEK 1 Miilion', 'Amount1', 'Improve investment', '10', 173, '2023-02-25 11:45:06'),
(541, 'SEK 1-3 Miilion', 'Amount2', 'Improve investment', '12', 173, '2023-02-25 11:45:06'),
(542, 'SEK 3-5 Miilion', 'Amount3', 'Improve investment', '15', 173, '2023-02-25 11:45:06'),
(543, 'Above SEK 5 Million', 'Amount4', 'Improve investment', '20', 173, '2023-02-25 11:45:06'),
(544, 'Yes', 'Yes', NULL, '10', 174, '2023-02-25 11:45:06'),
(545, 'No', 'No', 'Make your investment export oriented', '0', 174, '2023-02-25 11:45:06'),
(546, 'less than 3', 'Jobs1', NULL, '5', 175, '2023-02-25 11:45:06'),
(547, '3 to 5', 'Jobs2', NULL, '8', 175, '2023-02-25 11:45:06'),
(548, '5-10', 'Jobs3', NULL, '10', 175, '2023-02-25 11:45:06'),
(549, 'More than 10', 'Jobs4', NULL, '15', 175, '2023-02-25 11:45:06'),
(550, 'SEK 100,000  OR Less', 'Amount1', 'Increase anual income', '3', 176, '2023-02-25 11:45:06'),
(551, 'SEK 100,000 to 500,000', 'Amount2', 'Increase anual income', '5', 176, '2023-02-25 11:45:06'),
(552, 'SEK  500,000 - 1,000,000', 'Amount3', 'Increase anual income', '7', 176, '2023-02-25 11:45:06'),
(553, 'Over SEK 1,000,000', 'Amount4', NULL, '10', 176, '2023-02-25 11:45:06'),
(554, 'Yes', 'Yes', NULL, '5', 177, '2023-02-25 11:45:06'),
(555, 'No', 'No', 'Move to regional', '0', 177, '2023-02-25 11:45:06'),
(556, 'Good', 'Health1', NULL, '0', 178, '2023-02-25 11:45:06'),
(557, 'Very Good', 'Health2', NULL, '5', 178, '2023-02-25 11:45:06'),
(558, 'Excellent', 'Health3', NULL, '10', 178, '2023-02-25 11:45:06'),
(559, 'Age 18 to 20', 'AgeGroup1', NULL, '15', 179, '2023-02-25 11:45:06'),
(560, 'Age 21 to 24', 'AgeGroup2', NULL, '20', 179, '2023-02-25 11:45:06'),
(561, 'Age 25 to 30', 'AgeGroup3', NULL, '15', 179, '2023-02-25 11:45:06'),
(562, 'GCE O/L', 'Edu1', 'Complete GCE A/L', '10', 180, '2023-02-25 11:45:06'),
(563, 'GCE A/L', 'Edu2', 'GCE A/L and Diploma', '20', 180, '2023-02-25 11:45:06'),
(564, 'GCE A/L and Diploma', 'Edu3', NULL, '30', 180, '2023-02-25 11:45:06'),
(565, 'None', 'lang1', 'Complete Japanese Language NAT-TEST', '0', 181, '2023-02-25 11:45:06'),
(566, 'The Japanese Language NAT-TEST', 'lang2', 'Complete Japanese Language Proficiency Test', '12', 181, '2023-02-25 11:45:06'),
(567, 'The Japanese Language Proficiency Test', 'lang3', NULL, '15', 181, '2023-02-25 11:45:06'),
(568, 'Less than 2 years', 'Years1', 'Have more years of work experice', '1', 182, '2023-02-25 11:45:06'),
(569, 'Over 2 years', 'Years2', 'Have more years of work experice', '2', 182, '2023-02-25 11:45:06'),
(570, 'Over 3 years', 'Years3', 'Have more years of work experice', '3', 182, '2023-02-25 11:45:06'),
(571, 'Over 5 years', 'Years4', NULL, '5', 182, '2023-02-25 11:45:06'),
(572, 'JPY 1 Miilion - 2 Million', 'Amount1', 'Increase Funds', '8', 183, '2023-02-25 11:45:06'),
(573, 'JPY 2 Million - 3 Million', 'Amount2', 'Increase Funds', '10', 183, '2023-02-25 11:45:06'),
(574, 'JPY 3 Million - 5 Million', 'Amount3', 'Increase Funds', '12', 183, '2023-02-25 11:45:06'),
(575, 'Above JPY 5 Million', 'Amount4', NULL, '15', 183, '2023-02-25 11:45:06'),
(576, 'Yes', 'Yes', NULL, '5', 184, '2023-02-25 11:45:06'),
(577, 'No', 'No', NULL, '0', 184, '2023-02-25 11:45:06'),
(578, 'Good', 'Good', NULL, '0', 185, '2023-02-25 11:45:06'),
(579, 'Very Good', 'VeryGood', NULL, '5', 185, '2023-02-25 11:45:06'),
(580, 'Excellent', 'Excellent', NULL, '10', 185, '2023-02-25 11:45:06'),
(581, 'Age 18 to 20', 'AgeGroup1', NULL, '15', 186, '2023-02-25 11:45:06'),
(582, 'Age 21 to 24', 'AgeGroup2', NULL, '20', 186, '2023-02-25 11:45:06'),
(583, 'Age 25 to 30', 'AgeGroup3', NULL, '15', 186, '2023-02-25 11:45:06'),
(584, 'GCE A/L', 'Edu1', 'Complete a Diploma', '10', 187, '2023-02-25 11:45:06'),
(585, 'Diploma', 'Edu2', 'Complete GCE A/L and Diploma', '20', 187, '2023-02-25 11:45:06'),
(586, 'GCE A/L and Diploma', 'Edu3', NULL, '30', 187, '2023-02-25 11:45:06'),
(587, 'None', 'lang1', 'Complete Japanese Language NAT-TEST', '0', 188, '2023-02-25 11:45:06'),
(588, 'The Japanese Language NAT-TEST', 'lang2', 'Complete Japanese Language Proficiency Test', '12', 188, '2023-02-25 11:45:06'),
(589, 'The Japanese Language Proficiency Test', 'lang3', NULL, '15', 188, '2023-02-25 11:45:06'),
(590, 'Less than 5 years', 'Years1', 'Have more years of work experice', '4', 189, '2023-02-25 11:45:06'),
(591, 'Over 5 years', 'Years2', 'Have more years of work experice', '6', 189, '2023-02-25 11:45:06'),
(592, 'Over 7 years', 'Years3', 'Have more years of work experice', '8', 189, '2023-02-25 11:45:06'),
(593, 'Over 10 years', 'Years4', NULL, '10', 189, '2023-02-25 11:45:06'),
(594, 'JPY 1 Miilion - 2 Million', 'Amount1', 'Increase Funds', '8', 190, '2023-02-25 11:45:06'),
(595, 'JPY 2 Million - 3 Million', 'Amount2', 'Increase Funds', '10', 190, '2023-02-25 11:45:06'),
(596, 'JPY 3 Million - 5 Million', 'Amount3', 'Increase Funds', '12', 190, '2023-02-25 11:45:06'),
(597, 'Above JPY 5 Million', 'Amount4', NULL, '15', 190, '2023-02-25 11:45:06'),
(598, 'Yes', 'Yes', NULL, '5', 191, '2023-02-25 11:45:06'),
(599, 'No', 'No', NULL, '0', 191, '2023-02-25 11:45:06'),
(600, 'Good', 'Good', NULL, '0', 192, '2023-02-25 11:45:06'),
(601, 'Very Good', 'VeryGood', NULL, '5', 192, '2023-02-25 11:45:06'),
(602, 'Excellent', 'Excellent', NULL, '10', 192, '2023-02-25 11:45:06'),
(603, 'Age 24 to 30', 'AgeGroup1', NULL, '20', 193, '2023-02-25 11:45:06'),
(604, 'Age 31 to 35', 'AgeGroup2', NULL, '15', 193, '2023-02-25 11:45:06'),
(605, 'Age 36 to 40', 'AgeGroup3', NULL, '12', 193, '2023-02-25 11:45:06'),
(606, 'Age 41 to 45', 'AgeGroup4', NULL, '10', 193, '2023-02-25 11:45:06'),
(607, 'GCE A/L', 'Edu1', 'Complete GCE A/L and Diploma', '8', 194, '2023-02-25 11:45:06'),
(608, 'GCE A/L and Diploma', 'Edu2', 'Complete Bachelor digree or Masters base on work experience', '12', 194, '2023-02-25 11:45:06'),
(609, 'Bachelor digree or Masters base on work experience', 'Edu3', 'Complete Bachelor and Postgraduate or Masters', '15', 194, '2023-02-25 11:45:06'),
(610, 'Bachelor and Postgraduate or Masters', 'Edu4', NULL, '15', 194, '2023-02-25 11:45:06'),
(611, 'None', 'lang1', 'Complete Japanese Language NAT-TEST', '0', 195, '2023-02-25 11:45:06'),
(612, 'The Japanese Language NAT-TEST', 'lang2', 'Complete Japanese Language Proficiency Test', '12', 195, '2023-02-25 11:45:06'),
(613, 'The Japanese Language Proficiency Test', 'lang3', NULL, '15', 195, '2023-02-25 11:45:06'),
(614, 'none', 'englang1', 'Improve your english skills', '0', 196, '2023-02-25 11:45:06'),
(615, 'IELTS over 5', 'englang2', 'Improve your english skills', '12', 196, '2023-02-25 11:45:06'),
(616, 'TOEIC over 700', 'englang3', NULL, '15', 196, '2023-02-25 11:45:06'),
(617, 'Less than 5 years', 'Years1', 'Have more years of work experice', '4', 197, '2023-02-25 11:45:06'),
(618, 'Over 5 years', 'Years2', 'Have more years of work experice', '6', 197, '2023-02-25 11:45:06'),
(619, 'Over 7 years', 'Years3', 'Have more years of work experice', '8', 197, '2023-02-25 11:45:06'),
(620, 'Over 10 years', 'Years4', NULL, '10', 197, '2023-02-25 11:45:06'),
(621, 'No', 'No_Bacherlors', 'Complete s professional qualification', '0', 198, '2023-02-25 11:45:06'),
(622, 'Yes', 'Yes', NULL, '10', 198, '2023-02-25 11:45:06'),
(623, 'JPY 1 Miilion - 2 Million', 'Amount1', 'Increase Funds', '8', 199, '2023-02-25 11:45:06'),
(624, 'JPY 2 Million - 3 Million', 'Amount2', 'Increase Funds', '10', 199, '2023-02-25 11:45:06'),
(625, 'JPY 3 Million - 5 Million', 'Amount3', 'Increase Funds', '12', 199, '2023-02-25 11:45:06'),
(626, 'Above JPY 5 Million', 'Amount4', NULL, '15', 199, '2023-02-25 11:45:06'),
(627, 'Yes', 'Yes', NULL, '5', 200, '2023-02-25 11:45:06'),
(628, 'No', 'No', NULL, '0', 200, '2023-02-25 11:45:06'),
(629, 'Good', 'Good', NULL, '0', 201, '2023-02-25 11:45:06'),
(630, 'Very Good', 'VeryGood', NULL, '5', 201, '2023-02-25 11:45:06'),
(631, 'Excellent', 'Excellent', NULL, '10', 201, '2023-02-25 11:45:06'),
(632, 'Age 18 to 24', 'AgeGroup18_25', NULL, '15', 202, '2023-02-25 11:45:06'),
(633, 'Age 25 to 33', 'AgeGroup25_33', NULL, '20', 202, '2023-02-25 11:45:06'),
(634, 'Age 33 to 40', 'AgeGroup33_40', NULL, '15', 202, '2023-02-25 11:45:06'),
(635, 'Age 40 to 45', 'AgeGroup40_45', NULL, '10', 202, '2023-02-25 11:45:06'),
(636, 'GCE O/L', 'BachelorDegree', NULL, '10', 203, '2023-02-25 11:45:06'),
(637, 'GCE A/L', 'AustrlianDiploma', NULL, '20', 203, '2023-02-25 11:45:06'),
(638, 'GCE A/L and Diploma', 'RecognisedQualification', NULL, '30', 203, '2023-02-25 11:45:06'),
(639, 'Good', 'Good', 'Improve your english skills to Very Good', '10', 204, '2023-02-25 11:45:06'),
(640, 'Very Good', 'VeryGood', 'Improve your english skills to Excellent', '15', 204, '2023-02-25 11:45:06'),
(641, 'Excellent', 'Excellent', '', '20', 204, '2023-02-25 11:45:06'),
(642, 'less than 5 Years', 'Years0_5', 'Have more years of work experice', '8', 205, '2023-02-25 11:45:06'),
(643, '5-7 Years', 'Years5_7', 'Have more years of work experice', '10', 205, '2023-02-25 11:45:06'),
(644, '7-10 Years', 'Years7_10', 'Have more years of work experice', '12', 205, '2023-02-25 11:45:06'),
(645, 'Over 10 Years', 'Years10', NULL, '15', 205, '2023-02-25 11:45:06'),
(646, 'CAD 10,000-15000', 'Amount10_15', 'Increase Funds', '8', 206, '2023-02-25 11:45:06'),
(647, 'CAD 15,000-20,000', 'Amount15_20', 'Increase Funds', '10', 206, '2023-02-25 11:45:06'),
(648, 'CAD 20,000-30,000', 'Amount20_30', 'Increase Funds', '12', 206, '2023-02-25 11:45:06'),
(649, 'Above CAD 30,000', 'Amount30', NULL, '15', 206, '2023-02-25 11:45:06'),
(650, 'Good', 'Good', NULL, '0', 207, '2023-02-25 11:45:06'),
(651, 'Very Good', 'VeryGood', NULL, '5', 207, '2023-02-25 11:45:06'),
(652, 'Excellent', 'Excellent', NULL, '10', 207, '2023-02-25 11:45:06'),
(653, 'Age 18 to 24', 'AgeGroup18_25', NULL, '10', 208, '2023-02-25 11:45:06'),
(654, 'Age 25 to 33', 'AgeGroup25_33', NULL, '15', 208, '2023-02-25 11:45:06'),
(655, 'Age 33 to 40', 'AgeGroup33_40', NULL, '20', 208, '2023-02-25 11:45:06');
INSERT INTO `xml_criteria_answers` (`id`, `name`, `tagname`, `answer`, `point`, `criteria_id`, `created`) VALUES
(656, 'Age 40 to 45', 'AgeGroup40_45', NULL, '15', 208, '2023-02-25 11:45:06'),
(657, 'GCE A/L', 'AL', 'Complete a Diploma', '8', 209, '2023-02-25 11:45:06'),
(658, 'GCE A/L and Diploma', 'Diploma', 'Complete a Bachelor digree or Masters', '12', 209, '2023-02-25 11:45:06'),
(659, 'Bachelor digree or Masters base on work experience', 'Bachelor', 'Complete a Bachelor and Postgraduate or Masters', '15', 209, '2023-02-25 11:45:06'),
(660, 'Bachelor and Postgraduate or Masters', 'Masters', 'Complete a Diploma', '20', 209, '2023-02-25 11:45:06'),
(661, 'Good', 'Good', 'Improve your english skills to Very Good', '10', 210, '2023-02-25 11:45:07'),
(662, 'Very Good', 'VeryGood', 'Improve your english skills to Excellent', '15', 210, '2023-02-25 11:45:07'),
(663, 'Excellent', 'Excellent', '', '20', 210, '2023-02-25 11:45:07'),
(664, 'less than 5 Years', 'Years0_5', 'Have more years of work experice', '8', 211, '2023-02-25 11:45:07'),
(665, '5-7 Years', 'Years5_7', 'Have more years of work experice', '10', 211, '2023-02-25 11:45:07'),
(666, '7-10 Years', 'Years7_10', 'Have more years of work experice', '12', 211, '2023-02-25 11:45:07'),
(667, 'Over 10 Years', 'Years10', NULL, '15', 211, '2023-02-25 11:45:07'),
(668, 'No', 'No_Bacherlors', 'Complete s professional qualification', '0', 212, '2023-02-25 11:45:07'),
(669, 'Yes', 'Yes', NULL, '10', 212, '2023-02-25 11:45:07'),
(670, 'CAD 10,000-15000', 'Amount10_15', 'Increase Funds', '8', 213, '2023-02-25 11:45:07'),
(671, 'CAD 15,000-20,000', 'Amount15_20', 'Increase Funds', '10', 213, '2023-02-25 11:45:07'),
(672, 'CAD 20,000-30,000', 'Amount20_30', 'Increase Funds', '12', 213, '2023-02-25 11:45:07'),
(673, 'Above CAD 30,000', 'Amount30', NULL, '15', 213, '2023-02-25 11:45:07'),
(674, 'Good', 'Good', NULL, '0', 214, '2023-02-25 11:45:07'),
(675, 'Very Good', 'VeryGood', NULL, '5', 214, '2023-02-25 11:45:07'),
(676, 'Excellent', 'Excellent', NULL, '10', 214, '2023-02-25 11:45:07'),
(677, 'Age 18 to 25', 'AgeGroup1', NULL, '8', 215, '2023-02-25 11:45:07'),
(678, 'Age 25 to 33', 'AgeGroup2', NULL, '10', 215, '2023-02-25 11:45:07'),
(679, 'Age 33 to 40', 'AgeGroup3', NULL, '15', 215, '2023-02-25 11:45:07'),
(680, 'Age 40 to 44', 'AgeGroup4', NULL, '10', 215, '2023-02-25 11:45:07'),
(681, 'Above 45', 'AgeGroup5', NULL, '8', 215, '2023-02-25 11:45:07'),
(682, 'Masters /PHD', 'Edu1', NULL, '15', 216, '2023-02-25 11:45:07'),
(683, 'Bachelor Degree', 'Edu2', 'Complete a Masters /PHD', '12', 216, '2023-02-25 11:45:07'),
(684, 'A/L OR Diploma', 'Edu3', 'Complete a Bachelor Degree', '10', 216, '2023-02-25 11:45:07'),
(685, 'Good', 'englang1', 'Improve your english skills to Very Good', '5', 217, '2023-02-25 11:45:07'),
(686, 'Very Good', 'englang2', 'Improve your english skills to Excellent', '7', 217, '2023-02-25 11:45:07'),
(687, 'Excellent', 'englang3', NULL, '10', 217, '2023-02-25 11:45:07'),
(688, 'CAD 3 -5 Miilion', 'Amount1', 'Improve investment', '10', 218, '2023-02-25 11:45:07'),
(689, 'CAD 5-8 Miilion', 'Amount2', 'Improve investment', '12', 218, '2023-02-25 11:45:07'),
(690, 'CAD 8-10 Miilion', 'Amount3', 'Improve investment', '15', 218, '2023-02-25 11:45:07'),
(691, 'Above CAD 10 Million', 'Amount4', 'Improve investment', '20', 218, '2023-02-25 11:45:07'),
(692, 'Yes', 'Yes', NULL, '10', 219, '2023-02-25 11:45:07'),
(693, 'No', 'No', 'Make your investment export oriented', '0', 219, '2023-02-25 11:45:07'),
(694, 'less than 3', 'Jobs1', NULL, '5', 220, '2023-02-25 11:45:07'),
(695, '3 to 5', 'Jobs2', NULL, '8', 220, '2023-02-25 11:45:07'),
(696, '5-10', 'Jobs3', NULL, '10', 220, '2023-02-25 11:45:07'),
(697, 'More than 10', 'Jobs4', NULL, '15', 220, '2023-02-25 11:45:07'),
(698, 'CAD 100,000  OR Less', 'Amount1', 'Increase anual income', '3', 221, '2023-02-25 11:45:07'),
(699, 'CAD 100,000 to 500,000', 'Amount2', 'Increase anual income', '5', 221, '2023-02-25 11:45:07'),
(700, 'CAD 500,000 - 1,000,000', 'Amount3', 'Increase anual income', '7', 221, '2023-02-25 11:45:07'),
(701, 'Over CAD 1,000,000', 'Amount4', NULL, '10', 221, '2023-02-25 11:45:07'),
(702, 'Yes', 'Yes', NULL, '5', 222, '2023-02-25 11:45:07'),
(703, 'No', 'No', 'Move to regional', '0', 222, '2023-02-25 11:45:07'),
(704, 'Good', 'Health1', NULL, '0', 223, '2023-02-25 11:45:07'),
(705, 'Very Good', 'Health2', NULL, '5', 223, '2023-02-25 11:45:07'),
(706, 'Excellent', 'Health3', NULL, '10', 223, '2023-02-25 11:45:07'),
(707, 'Age 18 to 24', 'AgeGroup1', NULL, '5', 224, '2023-02-25 11:45:07'),
(708, 'Age 25 to 32', 'AgeGroup2', NULL, '10', 224, '2023-02-25 11:45:07'),
(709, 'Age 33 to 39', 'AgeGroup3', NULL, '15', 224, '2023-02-25 11:45:07'),
(710, 'Age 40 to 44', 'AgeGroup4', NULL, '10', 224, '2023-02-25 11:45:07'),
(711, 'Above 45', 'AgeGroup5', NULL, '5', 224, '2023-02-25 11:45:07'),
(712, 'A/L OR Diploma', 'Edu1', 'Complete a Bachelor degree', '8', 225, '2023-02-25 11:45:07'),
(713, 'Graduate', 'Edu2', 'Complete a Bachelor degree', '10', 225, '2023-02-25 11:45:07'),
(714, 'Post Graduate /Masters', 'Edu3', 'Complete a PHD', '12', 225, '2023-02-25 11:45:07'),
(715, 'PHD', 'Edu4', NULL, '15', 225, '2023-02-25 11:45:07'),
(716, 'Good', 'englang1', 'Improve your english skills to Very Good', '6', 226, '2023-02-25 11:45:07'),
(717, 'Very Good', 'englang2', 'Improve your english skills to Excellent', '8', 226, '2023-02-25 11:45:07'),
(718, 'Excellent', 'englang3', NULL, '10', 226, '2023-02-25 11:45:07'),
(719, 'less than 5 Years', 'Years1', 'Have more years of work experice', '8', 227, '2023-02-25 11:45:07'),
(720, '5-7 Years', 'Years2', 'Have more years of work experice', '10', 227, '2023-02-25 11:45:07'),
(721, '7-10 Years', 'Years3', 'Have more years of work experice', '12', 227, '2023-02-25 11:45:07'),
(722, 'Over 10 Years', 'Years4', NULL, '15', 227, '2023-02-25 11:45:07'),
(723, 'No', 'No_Bacherlors', 'Complete s professional qualification', '0', 228, '2023-02-25 11:45:07'),
(724, 'Yes', 'Yes', NULL, '10', 228, '2023-02-25 11:45:07'),
(725, 'Yes', 'Yes', NULL, '10', 229, '2023-02-25 11:45:07'),
(726, 'No', 'No', 'Find a job from skill shortage list', '0', 229, '2023-02-25 11:45:07'),
(727, 'Yes', 'Yes', NULL, '10', 230, '2023-02-25 11:45:07'),
(728, 'No', 'No', 'Find a job s job offer from Canadian company', '0', 230, '2023-02-25 11:45:07'),
(729, 'Married', 'Yes', NULL, '0', 231, '2023-02-25 11:45:07'),
(730, 'Single', 'No', NULL, '10', 231, '2023-02-25 11:45:07'),
(731, 'Yes', 'Yes', NULL, '5', 232, '2023-02-25 11:45:07'),
(732, 'No', 'No', 'Partner to get profesionaly qualified', '0', 232, '2023-02-25 11:45:07'),
(733, 'less than 5 Years', 'Years1', 'Partner to have more years of work experice', '2', 233, '2023-02-25 11:45:07'),
(734, '5-10 Years', 'Years2', 'Partner to have more years of work experice', '3', 233, '2023-02-25 11:45:07'),
(735, 'Over 10 Years', 'Years3', NULL, '5', 233, '2023-02-25 11:45:07'),
(736, 'Yes', 'Yes', NULL, '5', 234, '2023-02-25 11:45:07'),
(737, 'No', 'No', 'Move to regional', '0', 234, '2023-02-25 11:45:07'),
(738, 'Good', 'Health1', NULL, '0', 235, '2023-02-25 11:45:07'),
(739, 'Very Good', 'Health2', NULL, '5', 235, '2023-02-25 11:45:07'),
(740, 'Excellent', 'Health3', NULL, '10', 235, '2023-02-25 11:45:07'),
(741, 'Age 18 to 24', 'AgeGroup18_25', NULL, '15', 236, '2023-02-25 11:45:07'),
(742, 'Age 25 to 33', 'AgeGroup25_33', NULL, '20', 236, '2023-02-25 11:45:07'),
(743, 'Age 33 to 40', 'AgeGroup33_40', NULL, '15', 236, '2023-02-25 11:45:07'),
(744, 'Age 40 to 45', 'AgeGroup40_45', NULL, '10', 236, '2023-02-25 11:45:07'),
(745, 'GCE O/L', 'BachelorDegree', NULL, '10', 237, '2023-02-25 11:45:07'),
(746, 'GCE A/L', 'AustrlianDiploma', NULL, '20', 237, '2023-02-25 11:45:07'),
(747, 'GCE A/L and Diploma', 'RecognisedQualification', NULL, '30', 237, '2023-02-25 11:45:07'),
(748, 'Good', 'Good', 'Improve your english skills to Very Good', '10', 238, '2023-02-25 11:45:07'),
(749, 'Very Good', 'VeryGood', 'Improve your english skills to Excellent', '15', 238, '2023-02-25 11:45:07'),
(750, 'Excellent', 'Excellent', '', '20', 238, '2023-02-25 11:45:07'),
(751, 'less than 5 Years', 'Years0_5', 'Have more years of work experice', '8', 239, '2023-02-25 11:45:07'),
(752, '5-7 Years', 'Years5_7', 'Have more years of work experice', '10', 239, '2023-02-25 11:45:07'),
(753, '7-10 Years', 'Years7_10', 'Have more years of work experice', '12', 239, '2023-02-25 11:45:07'),
(754, 'Over 10 Years', 'Years10', NULL, '15', 239, '2023-02-25 11:45:07'),
(755, 'NZD 10,000-15000', 'Amount10_15', 'Increase Funds', '8', 240, '2023-02-25 11:45:07'),
(756, 'NZD 15,000-20,000', 'Amount15_20', 'Increase Funds', '10', 240, '2023-02-25 11:45:07'),
(757, 'NZD 20,000-30,000', 'Amount20_30', 'Increase Funds', '12', 240, '2023-02-25 11:45:07'),
(758, 'Above NZD 30,000', 'Amount30', NULL, '15', 240, '2023-02-25 11:45:07'),
(759, 'Good', 'Good', NULL, '0', 241, '2023-02-25 11:45:07'),
(760, 'Very Good', 'VeryGood', NULL, '5', 241, '2023-02-25 11:45:07'),
(761, 'Excellent', 'Excellent', NULL, '10', 241, '2023-02-25 11:45:07'),
(762, 'Age 18 to 24', 'AgeGroup18_25', NULL, '10', 242, '2023-02-25 11:45:07'),
(763, 'Age 25 to 33', 'AgeGroup25_33', NULL, '15', 242, '2023-02-25 11:45:07'),
(764, 'Age 33 to 40', 'AgeGroup33_40', NULL, '20', 242, '2023-02-25 11:45:07'),
(765, 'Age 40 to 45', 'AgeGroup40_45', NULL, '15', 242, '2023-02-25 11:45:07'),
(766, 'GCE A/L', 'AL', 'Complete a Diploma', '8', 243, '2023-02-25 11:45:07'),
(767, 'GCE A/L and Diploma', 'Diploma', 'Complete a Bachelor digree or Masters', '12', 243, '2023-02-25 11:45:07'),
(768, 'Bachelor digree or Masters base on work experience', 'Bachelor', 'Complete a Bachelor and Postgraduate or Masters', '15', 243, '2023-02-25 11:45:07'),
(769, 'Bachelor and Postgraduate or Masters', 'Masters', 'Complete a Diploma', '20', 243, '2023-02-25 11:45:07'),
(770, 'Good', 'Good', 'Improve your english skills to Very Good', '10', 244, '2023-02-25 11:45:07'),
(771, 'Very Good', 'VeryGood', 'Improve your english skills to Excellent', '15', 244, '2023-02-25 11:45:07'),
(772, 'Excellent', 'Excellent', '', '20', 244, '2023-02-25 11:45:07'),
(773, 'less than 5 Years', 'Years0_5', 'Have more years of work experice', '8', 245, '2023-02-25 11:45:07'),
(774, '5-7 Years', 'Years5_7', 'Have more years of work experice', '10', 245, '2023-02-25 11:45:07'),
(775, '7-10 Years', 'Years7_10', 'Have more years of work experice', '12', 245, '2023-02-25 11:45:07'),
(776, 'Over 10 Years', 'Years10', NULL, '15', 245, '2023-02-25 11:45:07'),
(777, 'No', 'No_Bacherlors', 'Complete s professional qualification', '0', 246, '2023-02-25 11:45:07'),
(778, 'Yes', 'Yes', NULL, '10', 246, '2023-02-25 11:45:07'),
(779, 'NZD 10,000-15000', 'Amount10_15', 'Increase Funds', '8', 247, '2023-02-25 11:45:07'),
(780, 'NZD 15,000-20,000', 'Amount15_20', 'Increase Funds', '10', 247, '2023-02-25 11:45:07'),
(781, 'NZD 20,000-30,000', 'Amount20_30', 'Increase Funds', '12', 247, '2023-02-25 11:45:07'),
(782, 'Above NZD 30,000', 'Amount30', NULL, '15', 247, '2023-02-25 11:45:07'),
(783, 'Good', 'Good', NULL, '0', 248, '2023-02-25 11:45:07'),
(784, 'Very Good', 'VeryGood', NULL, '5', 248, '2023-02-25 11:45:07'),
(785, 'Excellent', 'Excellent', NULL, '10', 248, '2023-02-25 11:45:07'),
(786, 'Age 18 to 25', 'AgeGroup1', NULL, '8', 249, '2023-02-25 11:45:08'),
(787, 'Age 25 to 33', 'AgeGroup2', NULL, '10', 249, '2023-02-25 11:45:08'),
(788, 'Age 33 to 40', 'AgeGroup3', NULL, '15', 249, '2023-02-25 11:45:08'),
(789, 'Age 40 to 44', 'AgeGroup4', NULL, '10', 249, '2023-02-25 11:45:08'),
(790, 'Above 45', 'AgeGroup5', NULL, '8', 249, '2023-02-25 11:45:08'),
(791, 'Masters /PHD', 'Edu1', NULL, '15', 250, '2023-02-25 11:45:08'),
(792, 'Bachelor Degree', 'Edu2', 'Complete a Masters /PHD', '12', 250, '2023-02-25 11:45:08'),
(793, 'A/L OR Diploma', 'Edu3', 'Complete a Bachelor Degree', '10', 250, '2023-02-25 11:45:08'),
(794, 'Good', 'englang1', 'Improve your english skills to Very Good', '5', 251, '2023-02-25 11:45:08'),
(795, 'Very Good', 'englang2', 'Improve your english skills to Excellent', '7', 251, '2023-02-25 11:45:08'),
(796, 'Excellent', 'englang3', NULL, '10', 251, '2023-02-25 11:45:08'),
(797, 'NZD 3 -5 Miilion', 'Amount1', 'Improve investment', '10', 252, '2023-02-25 11:45:08'),
(798, 'NZD 5-8 Miilion', 'Amount2', 'Improve investment', '12', 252, '2023-02-25 11:45:08'),
(799, 'NZD 8-10 Miilion', 'Amount3', 'Improve investment', '15', 252, '2023-02-25 11:45:08'),
(800, 'Above 10 million', 'Amount4', NULL, '20', 252, '2023-02-25 11:45:08'),
(801, 'Yes', 'Yes', NULL, '10', 253, '2023-02-25 11:45:08'),
(802, 'No', 'No', 'Make your investment export oriented', '0', 253, '2023-02-25 11:45:08'),
(803, 'less than 3', 'Jobs1', NULL, '5', 254, '2023-02-25 11:45:08'),
(804, '3 to 5', 'Jobs2', NULL, '8', 254, '2023-02-25 11:45:08'),
(805, '5-10', 'Jobs3', NULL, '10', 254, '2023-02-25 11:45:08'),
(806, 'More than 10', 'Jobs4', NULL, '15', 254, '2023-02-25 11:45:08'),
(807, 'NZD 100,000  OR Less', 'Amount1', 'Increase anual income', '3', 255, '2023-02-25 11:45:08'),
(808, 'NZD 100,000 to 500,000', 'Amount2', 'Increase anual income', '5', 255, '2023-02-25 11:45:08'),
(809, 'NZD  500,000 - 1,000,000', 'Amount3', 'Increase anual income', '7', 255, '2023-02-25 11:45:08'),
(810, 'Over NZD 1,000,000', 'Amount4', NULL, '10', 255, '2023-02-25 11:45:08'),
(811, 'Yes', 'Yes', NULL, '5', 256, '2023-02-25 11:45:08'),
(812, 'No', 'No', 'Move to regional', '0', 256, '2023-02-25 11:45:08'),
(813, 'Good', 'Health1', NULL, '0', 257, '2023-02-25 11:45:08'),
(814, 'Very Good', 'Health2', NULL, '5', 257, '2023-02-25 11:45:08'),
(815, 'Excellent', 'Health3', NULL, '10', 257, '2023-02-25 11:45:08'),
(816, 'Age 18 to 24', 'AgeGroup18_25', NULL, '15', 258, '2023-02-25 11:53:08'),
(817, 'Age 25 to 33', 'AgeGroup25_33', NULL, '20', 258, '2023-02-25 11:53:08'),
(818, 'Age 33 to 40', 'AgeGroup33_40', NULL, '15', 258, '2023-02-25 11:53:08'),
(819, 'Age 40 to 45', 'AgeGroup40_45', NULL, '10', 258, '2023-02-25 11:53:08'),
(820, 'GCE O/L', 'BachelorDegree', NULL, '10', 259, '2023-02-25 11:53:08'),
(821, 'GCE A/L', 'AustrlianDiploma', NULL, '20', 259, '2023-02-25 11:53:08'),
(822, 'GCE A/L and Diploma', 'RecognisedQualification', NULL, '30', 259, '2023-02-25 11:53:08'),
(823, 'Good', 'Good', 'Improve your english skills to Very Good', '10', 260, '2023-02-25 11:53:08'),
(824, 'Very Good', 'VeryGood', 'Improve your english skills to Excellent', '15', 260, '2023-02-25 11:53:08'),
(825, 'Excellent', 'Excellent', '', '20', 260, '2023-02-25 11:53:08'),
(826, 'less than 5 Years', 'Years0_5', 'Have more years of work experice', '8', 261, '2023-02-25 11:53:08'),
(827, '5-7 Years', 'Years5_7', 'Have more years of work experice', '10', 261, '2023-02-25 11:53:08'),
(828, '7-10 Years', 'Years7_10', 'Have more years of work experice', '12', 261, '2023-02-25 11:53:08'),
(829, 'Over 10 Years', 'Years10', NULL, '15', 261, '2023-02-25 11:53:08'),
(830, 'AUD 10,000-15000', 'Amount10_15', 'Increase Funds', '8', 262, '2023-02-25 11:53:08'),
(831, 'AUD 15,000-20,000', 'Amount15_20', 'Increase Funds', '10', 262, '2023-02-25 11:53:08'),
(832, 'AUD 20,000-30,000', 'Amount20_30', 'Increase Funds', '12', 262, '2023-02-25 11:53:08'),
(833, 'Above AUD 30,000', 'Amount30', NULL, '15', 262, '2023-02-25 11:53:08'),
(834, 'Good', 'Good', NULL, '0', 263, '2023-02-25 11:53:08'),
(835, 'Very Good', 'VeryGood', NULL, '5', 263, '2023-02-25 11:53:08'),
(836, 'Excellent', 'Excellent', NULL, '10', 263, '2023-02-25 11:53:08'),
(837, 'Age 18 to 24', 'AgeGroup18_25', NULL, '10', 264, '2023-02-25 11:53:08'),
(838, 'Age 25 to 33', 'AgeGroup25_33', NULL, '15', 264, '2023-02-25 11:53:08'),
(839, 'Age 33 to 40', 'AgeGroup33_40', NULL, '20', 264, '2023-02-25 11:53:08'),
(840, 'Age 40 to 45', 'AgeGroup40_45', NULL, '15', 264, '2023-02-25 11:53:08'),
(841, 'GCE A/L', 'AL', 'Complete a Diploma', '8', 265, '2023-02-25 11:53:08'),
(842, 'GCE A/L and Diploma', 'Diploma', 'Complete a Bachelor digree or Masters', '12', 265, '2023-02-25 11:53:08'),
(843, 'Bachelor digree or Masters base on work experience', 'Bachelor', 'Complete a Bachelor and Postgraduate or Masters', '15', 265, '2023-02-25 11:53:08'),
(844, 'Bachelor and Postgraduate or Masters', 'Masters', 'Complete a Diploma', '20', 265, '2023-02-25 11:53:08'),
(845, 'Good', 'Good', 'Improve your english skills to Very Good', '10', 266, '2023-02-25 11:53:08'),
(846, 'Very Good', 'VeryGood', 'Improve your english skills to Excellent', '15', 266, '2023-02-25 11:53:08'),
(847, 'Excellent', 'Excellent', '', '20', 266, '2023-02-25 11:53:08'),
(848, 'less than 5 Years', 'Years0_5', 'Have more years of work experice', '8', 267, '2023-02-25 11:53:08'),
(849, '5-7 Years', 'Years5_7', 'Have more years of work experice', '10', 267, '2023-02-25 11:53:08'),
(850, '7-10 Years', 'Years7_10', 'Have more years of work experice', '12', 267, '2023-02-25 11:53:08'),
(851, 'Over 10 Years', 'Years10', NULL, '15', 267, '2023-02-25 11:53:08'),
(852, 'No', 'No_Bacherlors', 'Complete s professional qualification', '0', 268, '2023-02-25 11:53:08'),
(853, 'Yes', 'Yes', NULL, '10', 268, '2023-02-25 11:53:08'),
(854, 'AUD 10,000-15000', 'Amount10_15', 'Increase Funds', '8', 269, '2023-02-25 11:53:08'),
(855, 'AUD 15,000-20,000', 'Amount15_20', 'Increase Funds', '10', 269, '2023-02-25 11:53:08'),
(856, 'AUD 20,000-30,000', 'Amount20_30', 'Increase Funds', '12', 269, '2023-02-25 11:53:08'),
(857, 'Above AUD 30,000', 'Amount30', NULL, '15', 269, '2023-02-25 11:53:08'),
(858, 'Good', 'Good', NULL, '0', 270, '2023-02-25 11:53:08'),
(859, 'Very Good', 'VeryGood', NULL, '5', 270, '2023-02-25 11:53:08'),
(860, 'Excellent', 'Excellent', NULL, '10', 270, '2023-02-25 11:53:08'),
(861, 'Age 18 to 25', 'AgeGroup1', NULL, '8', 271, '2023-02-25 11:53:08'),
(862, 'Age 25 to 33', 'AgeGroup2', NULL, '10', 271, '2023-02-25 11:53:08'),
(863, 'Age 33 to 40', 'AgeGroup3', NULL, '15', 271, '2023-02-25 11:53:08'),
(864, 'Age 40 to 44', 'AgeGroup4', NULL, '10', 271, '2023-02-25 11:53:08'),
(865, 'Above 45', 'AgeGroup5', NULL, '8', 271, '2023-02-25 11:53:08'),
(866, 'Masters /PHD', 'Edu1', NULL, '15', 272, '2023-02-25 11:53:08'),
(867, 'Bachelor Degree', 'Edu2', 'Complete a Masters /PHD', '12', 272, '2023-02-25 11:53:08'),
(868, 'A/L OR Diploma', 'Edu3', 'Complete a Bachelor Degree', '10', 272, '2023-02-25 11:53:08'),
(869, 'Good', 'englang1', 'Improve your english skills to Very Good', '5', 273, '2023-02-25 11:53:08'),
(870, 'Very Good', 'englang2', 'Improve your english skills to Excellent', '7', 273, '2023-02-25 11:53:08'),
(871, 'Excellent', 'englang3', NULL, '10', 273, '2023-02-25 11:53:08'),
(872, 'AUD 1 Miilion', 'Amount1', 'Improve investment', '10', 274, '2023-02-25 11:53:08'),
(873, 'AUD 1-3 Miilion', 'Amount2', 'Improve investment', '12', 274, '2023-02-25 11:53:08'),
(874, 'AUD 3-5 Miilion', 'Amount3', 'Improve investment', '15', 274, '2023-02-25 11:53:08'),
(875, 'Above 5 Million', 'Amount4', 'Improve investment', '20', 274, '2023-02-25 11:53:08'),
(876, 'Yes', 'Yes', NULL, '10', 275, '2023-02-25 11:53:08'),
(877, 'No', 'No', 'Make your investment export oriented', '0', 275, '2023-02-25 11:53:08'),
(878, 'less than 3', 'Jobs1', NULL, '5', 276, '2023-02-25 11:53:09'),
(879, '3 to 5', 'Jobs2', NULL, '8', 276, '2023-02-25 11:53:09'),
(880, '5-10', 'Jobs3', NULL, '10', 276, '2023-02-25 11:53:09'),
(881, 'More than 10', 'Jobs4', NULL, '15', 276, '2023-02-25 11:53:09'),
(882, 'AUD 100,000  OR Less', 'Amount1', 'Increase anual income', '3', 277, '2023-02-25 11:53:09'),
(883, 'AUD 100,000 to 500,000', 'Amount2', 'Increase anual income', '5', 277, '2023-02-25 11:53:09'),
(884, 'AUD  500,000 - 1,000,000', 'Amount3', 'Increase anual income', '7', 277, '2023-02-25 11:53:09'),
(885, 'Over AUD 1,000,000', 'Amount4', NULL, '10', 277, '2023-02-25 11:53:09'),
(886, 'Yes', 'Yes', NULL, '5', 278, '2023-02-25 11:53:09'),
(887, 'No', 'No', 'Move to regional', '0', 278, '2023-02-25 11:53:09'),
(888, 'Good', 'Health1', NULL, '0', 279, '2023-02-25 11:53:09'),
(889, 'Very Good', 'Health2', NULL, '5', 279, '2023-02-25 11:53:09'),
(890, 'Excellent', 'Health3', NULL, '10', 279, '2023-02-25 11:53:09'),
(891, 'Age 18 to 24', 'AgeGroup1', NULL, '25', 280, '2023-02-25 11:53:09'),
(892, 'Age 25 to 32', 'AgeGroup2', NULL, '30', 280, '2023-02-25 11:53:09'),
(893, 'Age 33 to 39', 'AgeGroup3', NULL, '25', 280, '2023-02-25 11:53:09'),
(894, 'Age 40 to 44', 'AgeGroup4', NULL, '15', 280, '2023-02-25 11:53:09'),
(895, 'Good', 'englang1', 'Improve your english skills to Very Good', '5', 281, '2023-02-25 11:53:09'),
(896, 'Very Good', 'englang2', 'Improve your english skills to Excellent', '7', 281, '2023-02-25 11:53:09'),
(897, 'Excellent', 'englang3', NULL, '10', 281, '2023-02-25 11:53:09'),
(898, 'less than 3 Years', 'Years1', 'Have more years of work experice', '0', 282, '2023-02-25 11:53:09'),
(899, '3-5 Years', 'Years2', 'Have more years of work experice', '5', 282, '2023-02-25 11:53:09'),
(900, '5-8 Years', 'Years3', 'Have more years of work experice', '10', 282, '2023-02-25 11:53:09'),
(901, 'Over 8 Years', 'Years4', NULL, '15', 282, '2023-02-25 11:53:09'),
(902, 'less than 1 Years', 'Years1', 'Have more years of Australian work experice', '0', 283, '2023-02-25 11:53:09'),
(903, '1-3 Years', 'Years2', 'Have more years of Australian work experice', '5', 283, '2023-02-25 11:53:09'),
(904, '3-5 Years', 'Years3', 'Have more years of Australian work experice', '10', 283, '2023-02-25 11:53:09'),
(905, '5-8 Years', 'Years4', 'Have more years of Australian work experice', '15', 283, '2023-02-25 11:53:09'),
(906, 'Over 8 Years', 'Years5', NULL, '20', 283, '2023-02-25 11:53:09'),
(907, 'Qualification recognized by assessing authority for skilled occupation', 'Edu1', 'Complete a Bachelor degree', '10', 284, '2023-02-25 11:53:09'),
(908, 'A diploma or trade qualification from an Australian educational institution', 'Edu2', 'Complete a Bachelor degree', '10', 284, '2023-02-25 11:53:09'),
(909, 'Bachelor degree', 'Edu3', 'Complete a PHD', '20', 284, '2023-02-25 11:53:09'),
(910, 'PHD', 'Edu4', NULL, '30', 284, '2023-02-25 11:53:09'),
(911, 'Yes', 'Yes', NULL, '10', 285, '2023-02-25 11:53:09'),
(912, 'No', 'No', 'Complete a Masters degree by research or a Doctorate degree from an Australian educational institution', '0', 285, '2023-02-25 11:53:09'),
(913, 'Yes', 'Yes', NULL, '10', 286, '2023-02-25 11:53:09'),
(914, 'No', 'No', 'Complete a degree, diploma or trade qualification from an Australian educational institution that meets the Australian study requirement', '0', 286, '2023-02-25 11:53:09'),
(915, 'Yes', 'Yes', NULL, '5', 287, '2023-02-25 11:53:09'),
(916, 'No', 'No', 'Complete a Professional Year in Australia', '0', 287, '2023-02-25 11:53:09'),
(917, 'Yes', 'Yes', NULL, '5', 288, '2023-02-25 11:53:09'),
(918, 'No', 'No', 'Complete a recognised qualification in a credentialled community language', '0', 288, '2023-02-25 11:53:09'),
(919, 'Yes', 'Yes', NULL, '5', 289, '2023-02-25 11:53:09'),
(920, 'No', 'No', 'Study in regional Austrlia for more than a year', '0', 289, '2023-02-25 11:53:09'),
(921, 'Partner has competent English', 'partnerSkill1', 'Partner meet age, English and skill criteria', '5', 290, '2023-02-25 11:53:09'),
(922, 'Partner meet age, English and skill criteria', 'partnerSkill2', NULL, '10', 290, '2023-02-25 11:53:09'),
(923, 'You are single or your partner is an Australian citizen or permanent resident', 'partnerSkill3', NULL, '10', 290, '2023-02-25 11:53:09'),
(924, 'Yes', 'Yes', NULL, '5', 291, '2023-02-25 11:53:09'),
(925, 'No', 'No', 'Apply for state nomination', '0', 291, '2023-02-25 11:53:09'),
(926, 'Age 18 to 24', 'AgeGroup18_25', NULL, '15', 292, '2023-02-25 11:53:09'),
(927, 'Age 25 to 33', 'AgeGroup25_33', NULL, '20', 292, '2023-02-25 11:53:09'),
(928, 'Age 33 to 40', 'AgeGroup33_40', NULL, '15', 292, '2023-02-25 11:53:09'),
(929, 'Age 40 to 45', 'AgeGroup40_45', NULL, '10', 292, '2023-02-25 11:53:09'),
(930, 'GCE O/L', 'BachelorDegree', NULL, '10', 293, '2023-02-25 11:53:09'),
(931, 'GCE A/L', 'AustrlianDiploma', NULL, '20', 293, '2023-02-25 11:53:09'),
(932, 'GCE A/L and Diploma', 'RecognisedQualification', NULL, '30', 293, '2023-02-25 11:53:09'),
(933, 'Good', 'Good', 'Improve your english skills to Very Good', '10', 294, '2023-02-25 11:53:09'),
(934, 'Very Good', 'VeryGood', 'Improve your english skills to Excellent', '15', 294, '2023-02-25 11:53:09'),
(935, 'Excellent', 'Excellent', '', '20', 294, '2023-02-25 11:53:09'),
(936, 'less than 5 Years', 'Years0_5', 'Have more years of work experice', '8', 295, '2023-02-25 11:53:09'),
(937, '5-7 Years', 'Years5_7', 'Have more years of work experice', '10', 295, '2023-02-25 11:53:09'),
(938, '7-10 Years', 'Years7_10', 'Have more years of work experice', '12', 295, '2023-02-25 11:53:09'),
(939, 'Over 10 Years', 'Years10', NULL, '15', 295, '2023-02-25 11:53:09'),
(940, 'EUR 10,000-15000', 'Amount10_15', 'Increase Funds', '8', 296, '2023-02-25 11:53:09'),
(941, 'EUR15,000-20,000', 'Amount15_20', 'Increase Funds', '10', 296, '2023-02-25 11:53:09'),
(942, 'EUR 20,000-30,000', 'Amount20_30', 'Increase Funds', '12', 296, '2023-02-25 11:53:09'),
(943, 'Above EUR 30,000', 'Amount30', NULL, '15', 296, '2023-02-25 11:53:09'),
(944, 'Good', 'Good', NULL, '0', 297, '2023-02-25 11:53:09'),
(945, 'Very Good', 'VeryGood', NULL, '5', 297, '2023-02-25 11:53:09'),
(946, 'Excellent', 'Excellent', NULL, '10', 297, '2023-02-25 11:53:09'),
(947, 'Age 18 to 24', 'AgeGroup18_25', NULL, '10', 298, '2023-02-25 11:53:09'),
(948, 'Age 25 to 33', 'AgeGroup25_33', NULL, '15', 298, '2023-02-25 11:53:09'),
(949, 'Age 33 to 40', 'AgeGroup33_40', NULL, '20', 298, '2023-02-25 11:53:09'),
(950, 'Age 40 to 45', 'AgeGroup40_45', NULL, '15', 298, '2023-02-25 11:53:09'),
(951, 'GCE A/L', 'AL', 'Complete a Diploma', '8', 299, '2023-02-25 11:53:09'),
(952, 'GCE A/L and Diploma', 'Diploma', 'Complete a Bachelor digree or Masters', '12', 299, '2023-02-25 11:53:09'),
(953, 'Bachelor digree or Masters base on work experience', 'Bachelor', 'Complete a Bachelor and Postgraduate or Masters', '15', 299, '2023-02-25 11:53:09'),
(954, 'Bachelor and Postgraduate or Masters', 'Masters', 'Complete a Diploma', '20', 299, '2023-02-25 11:53:09'),
(955, 'Good', 'Good', 'Improve your english skills to Very Good', '10', 300, '2023-02-25 11:53:09'),
(956, 'Very Good', 'VeryGood', 'Improve your english skills to Excellent', '15', 300, '2023-02-25 11:53:09'),
(957, 'Excellent', 'Excellent', '', '20', 300, '2023-02-25 11:53:09'),
(958, 'less than 5 Years', 'Years0_5', 'Have more years of work experice', '8', 301, '2023-02-25 11:53:09'),
(959, '5-7 Years', 'Years5_7', 'Have more years of work experice', '10', 301, '2023-02-25 11:53:09'),
(960, '7-10 Years', 'Years7_10', 'Have more years of work experice', '12', 301, '2023-02-25 11:53:09'),
(961, 'Over 10 Years', 'Years10', NULL, '15', 301, '2023-02-25 11:53:09'),
(962, 'No', 'No_Bacherlors', 'Complete s professional qualification', '0', 302, '2023-02-25 11:53:09'),
(963, 'Yes', 'Yes', NULL, '10', 302, '2023-02-25 11:53:09'),
(964, 'EUR 10,000-15000', 'Amount10_15', 'Increase Funds', '8', 303, '2023-02-25 11:53:09'),
(965, 'EUR15,000-20,000', 'Amount15_20', 'Increase Funds', '10', 303, '2023-02-25 11:53:09'),
(966, 'EUR 20,000-30,000', 'Amount20_30', 'Increase Funds', '12', 303, '2023-02-25 11:53:09'),
(967, 'Above EUR 30,000', 'Amount30', NULL, '15', 303, '2023-02-25 11:53:09'),
(968, 'Good', 'Good', NULL, '0', 304, '2023-02-25 11:53:09'),
(969, 'Very Good', 'VeryGood', NULL, '5', 304, '2023-02-25 11:53:09'),
(970, 'Excellent', 'Excellent', NULL, '10', 304, '2023-02-25 11:53:09'),
(971, 'Age 18 to 25', 'AgeGroup1', NULL, '8', 305, '2023-02-25 11:53:09'),
(972, 'Age 25 to 33', 'AgeGroup2', NULL, '10', 305, '2023-02-25 11:53:09'),
(973, 'Age 33 to 40', 'AgeGroup3', NULL, '15', 305, '2023-02-25 11:53:09'),
(974, 'Age 40 to 44', 'AgeGroup4', NULL, '10', 305, '2023-02-25 11:53:09'),
(975, 'Above 45', 'AgeGroup5', NULL, '8', 305, '2023-02-25 11:53:09'),
(976, 'Masters /PHD', 'Edu1', NULL, '15', 306, '2023-02-25 11:53:09'),
(977, 'Bachelor Degree', 'Edu2', 'Complete a Masters /PHD', '12', 306, '2023-02-25 11:53:09'),
(978, 'A/L OR Diploma', 'Edu3', 'Complete a Bachelor Degree', '10', 306, '2023-02-25 11:53:09'),
(979, 'Good', 'englang1', 'Improve your english skills to Very Good', '5', 307, '2023-02-25 11:53:09'),
(980, 'Very Good', 'englang2', 'Improve your english skills to Excellent', '7', 307, '2023-02-25 11:53:09'),
(981, 'Excellent', 'englang3', NULL, '10', 307, '2023-02-25 11:53:09'),
(982, 'EUR 500,000 OR Less', 'Amount1', 'Improve investment', '10', 308, '2023-02-25 11:53:09'),
(983, 'EUR 500,000- 1 Miilion', 'Amount2', 'Improve investment', '12', 308, '2023-02-25 11:53:09'),
(984, 'EUR 1-3 Miilion', 'Amount3', 'Improve investment', '15', 308, '2023-02-25 11:53:09'),
(985, 'EUR 3 Million and above', 'Amount4', 'Improve investment', '20', 308, '2023-02-25 11:53:09'),
(986, 'Yes', 'Yes', NULL, '10', 309, '2023-02-25 11:53:09'),
(987, 'No', 'No', 'Make your investment export oriented', '0', 309, '2023-02-25 11:53:09'),
(988, 'less than 3', 'Jobs1', NULL, '5', 310, '2023-02-25 11:53:09'),
(989, '3 to 5', 'Jobs2', NULL, '8', 310, '2023-02-25 11:53:09'),
(990, '5-10', 'Jobs3', NULL, '10', 310, '2023-02-25 11:53:09'),
(991, 'More than 10', 'Jobs4', NULL, '15', 310, '2023-02-25 11:53:09'),
(992, 'EUR 100,000  OR Less', 'Amount1', 'Increase anual income', '3', 311, '2023-02-25 11:53:09'),
(993, 'EUR 100,000 to 500,000', 'Amount2', 'Increase anual income', '5', 311, '2023-02-25 11:53:09'),
(994, 'EUR  500,000 - 1,000,000', 'Amount3', 'Increase anual income', '7', 311, '2023-02-25 11:53:09'),
(995, 'Over EUR 1,000,000', 'Amount4', NULL, '10', 311, '2023-02-25 11:53:09'),
(996, 'Yes', 'Yes', NULL, '5', 312, '2023-02-25 11:53:09'),
(997, 'No', 'No', 'Move to regional', '0', 312, '2023-02-25 11:53:09'),
(998, 'Good', 'Health1', NULL, '0', 313, '2023-02-25 11:53:09'),
(999, 'Very Good', 'Health2', NULL, '5', 313, '2023-02-25 11:53:09'),
(1000, 'Excellent', 'Health3', NULL, '10', 313, '2023-02-25 11:53:09'),
(1001, 'Age 18 to 24', 'AgeGroup18_25', NULL, '15', 314, '2023-02-25 11:53:10'),
(1002, 'Age 25 to 33', 'AgeGroup25_33', NULL, '20', 314, '2023-02-25 11:53:10'),
(1003, 'Age 33 to 40', 'AgeGroup33_40', NULL, '15', 314, '2023-02-25 11:53:10'),
(1004, 'Age 40 to 45', 'AgeGroup40_45', NULL, '10', 314, '2023-02-25 11:53:10'),
(1005, 'GCE O/L', 'BachelorDegree', NULL, '10', 315, '2023-02-25 11:53:10'),
(1006, 'GCE A/L', 'AustrlianDiploma', NULL, '20', 315, '2023-02-25 11:53:10'),
(1007, 'GCE A/L and Diploma', 'RecognisedQualification', NULL, '30', 315, '2023-02-25 11:53:10'),
(1008, 'Good', 'Good', 'Improve your english skills to Very Good', '10', 316, '2023-02-25 11:53:10'),
(1009, 'Very Good', 'VeryGood', 'Improve your english skills to Excellent', '15', 316, '2023-02-25 11:53:10'),
(1010, 'Excellent', 'Excellent', '', '20', 316, '2023-02-25 11:53:10'),
(1011, 'less than 5 Years', 'Years0_5', 'Have more years of work experice', '8', 317, '2023-02-25 11:53:10'),
(1012, '5-7 Years', 'Years5_7', 'Have more years of work experice', '10', 317, '2023-02-25 11:53:10'),
(1013, '7-10 Years', 'Years7_10', 'Have more years of work experice', '12', 317, '2023-02-25 11:53:10'),
(1014, 'Over 10 Years', 'Years10', NULL, '15', 317, '2023-02-25 11:53:10'),
(1015, 'SEK 10,000-15000', 'Amount1', 'Increase Funds', '8', 318, '2023-02-25 11:53:10'),
(1016, 'SEK 15,000-20,000', 'Amount2', 'Increase Funds', '10', 318, '2023-02-25 11:53:10'),
(1017, 'SEK 20,000-30,000', 'Amount3', 'Increase Funds', '12', 318, '2023-02-25 11:53:10'),
(1018, 'Above SEK 30,000', 'Amount4', NULL, '15', 318, '2023-02-25 11:53:10'),
(1019, 'Good', 'Good', NULL, '0', 319, '2023-02-25 11:53:10'),
(1020, 'Very Good', 'VeryGood', NULL, '5', 319, '2023-02-25 11:53:10'),
(1021, 'Excellent', 'Excellent', NULL, '10', 319, '2023-02-25 11:53:10'),
(1022, 'Age 18 to 24', 'AgeGroup18_25', NULL, '10', 320, '2023-02-25 11:53:10'),
(1023, 'Age 25 to 33', 'AgeGroup25_33', NULL, '15', 320, '2023-02-25 11:53:10'),
(1024, 'Age 33 to 40', 'AgeGroup33_40', NULL, '20', 320, '2023-02-25 11:53:10'),
(1025, 'Age 40 to 45', 'AgeGroup40_45', NULL, '15', 320, '2023-02-25 11:53:10'),
(1026, 'GCE A/L', 'AL', 'Complete a Diploma', '8', 321, '2023-02-25 11:53:10'),
(1027, 'GCE A/L and Diploma', 'Diploma', 'Complete a Bachelor digree or Masters', '12', 321, '2023-02-25 11:53:10'),
(1028, 'Bachelor digree or Masters base on work experience', 'Bachelor', 'Complete a Bachelor and Postgraduate or Masters', '15', 321, '2023-02-25 11:53:10'),
(1029, 'Bachelor and Postgraduate or Masters', 'Masters', 'Complete a Diploma', '20', 321, '2023-02-25 11:53:10'),
(1030, 'Good', 'Good', 'Improve your english skills to Very Good', '10', 322, '2023-02-25 11:53:10'),
(1031, 'Very Good', 'VeryGood', 'Improve your english skills to Excellent', '15', 322, '2023-02-25 11:53:10'),
(1032, 'Excellent', 'Excellent', '', '20', 322, '2023-02-25 11:53:10'),
(1033, 'less than 5 Years', 'Years0_5', 'Have more years of work experice', '8', 323, '2023-02-25 11:53:10'),
(1034, '5-7 Years', 'Years5_7', 'Have more years of work experice', '10', 323, '2023-02-25 11:53:10'),
(1035, '7-10 Years', 'Years7_10', 'Have more years of work experice', '12', 323, '2023-02-25 11:53:10'),
(1036, 'Over 10 Years', 'Years10', NULL, '15', 323, '2023-02-25 11:53:10'),
(1037, 'No', 'No_Bacherlors', 'Complete s professional qualification', '0', 324, '2023-02-25 11:53:10'),
(1038, 'Yes', 'Yes', NULL, '10', 324, '2023-02-25 11:53:10'),
(1039, 'SEK 10,000-15000', 'Amount1', 'Increase Funds', '8', 325, '2023-02-25 11:53:10'),
(1040, 'SEK 15,000-20,000', 'Amount2', 'Increase Funds', '10', 325, '2023-02-25 11:53:10'),
(1041, 'SEK 20,000-30,000', 'Amount3', 'Increase Funds', '12', 325, '2023-02-25 11:53:10'),
(1042, 'Above SEK 30,000', 'Amount4', NULL, '15', 325, '2023-02-25 11:53:10'),
(1043, 'Good', 'Good', NULL, '0', 326, '2023-02-25 11:53:10'),
(1044, 'Very Good', 'VeryGood', NULL, '5', 326, '2023-02-25 11:53:10'),
(1045, 'Excellent', 'Excellent', NULL, '10', 326, '2023-02-25 11:53:10'),
(1046, 'Age 18 to 25', 'AgeGroup1', NULL, '8', 327, '2023-02-25 11:53:10'),
(1047, 'Age 25 to 33', 'AgeGroup2', NULL, '10', 327, '2023-02-25 11:53:10'),
(1048, 'Age 33 to 40', 'AgeGroup3', NULL, '15', 327, '2023-02-25 11:53:10'),
(1049, 'Age 40 to 44', 'AgeGroup4', NULL, '10', 327, '2023-02-25 11:53:10'),
(1050, 'Above 45', 'AgeGroup5', NULL, '8', 327, '2023-02-25 11:53:10'),
(1051, 'Masters /PHD', 'Edu1', NULL, '15', 328, '2023-02-25 11:53:10'),
(1052, 'Bachelor Degree', 'Edu2', 'Complete a Masters /PHD', '12', 328, '2023-02-25 11:53:10'),
(1053, 'A/L OR Diploma', 'Edu3', 'Complete a Bachelor Degree', '10', 328, '2023-02-25 11:53:10'),
(1054, 'Good', 'englang1', 'Improve your english skills to Very Good', '5', 329, '2023-02-25 11:53:10'),
(1055, 'Very Good', 'englang2', 'Improve your english skills to Excellent', '7', 329, '2023-02-25 11:53:10'),
(1056, 'Excellent', 'englang3', NULL, '10', 329, '2023-02-25 11:53:10'),
(1057, 'SEK 1 Miilion', 'Amount1', 'Improve investment', '10', 330, '2023-02-25 11:53:10'),
(1058, 'SEK 1-3 Miilion', 'Amount2', 'Improve investment', '12', 330, '2023-02-25 11:53:10'),
(1059, 'SEK 3-5 Miilion', 'Amount3', 'Improve investment', '15', 330, '2023-02-25 11:53:10'),
(1060, 'Above SEK 5 Million', 'Amount4', 'Improve investment', '20', 330, '2023-02-25 11:53:10'),
(1061, 'Yes', 'Yes', NULL, '10', 331, '2023-02-25 11:53:10'),
(1062, 'No', 'No', 'Make your investment export oriented', '0', 331, '2023-02-25 11:53:10'),
(1063, 'less than 3', 'Jobs1', NULL, '5', 332, '2023-02-25 11:53:10'),
(1064, '3 to 5', 'Jobs2', NULL, '8', 332, '2023-02-25 11:53:10'),
(1065, '5-10', 'Jobs3', NULL, '10', 332, '2023-02-25 11:53:10'),
(1066, 'More than 10', 'Jobs4', NULL, '15', 332, '2023-02-25 11:53:10'),
(1067, 'SEK 100,000  OR Less', 'Amount1', 'Increase anual income', '3', 333, '2023-02-25 11:53:10'),
(1068, 'SEK 100,000 to 500,000', 'Amount2', 'Increase anual income', '5', 333, '2023-02-25 11:53:10'),
(1069, 'SEK  500,000 - 1,000,000', 'Amount3', 'Increase anual income', '7', 333, '2023-02-25 11:53:10'),
(1070, 'Over SEK 1,000,000', 'Amount4', NULL, '10', 333, '2023-02-25 11:53:10'),
(1071, 'Yes', 'Yes', NULL, '5', 334, '2023-02-25 11:53:10'),
(1072, 'No', 'No', 'Move to regional', '0', 334, '2023-02-25 11:53:10'),
(1073, 'Good', 'Health1', NULL, '0', 335, '2023-02-25 11:53:10'),
(1074, 'Very Good', 'Health2', NULL, '5', 335, '2023-02-25 11:53:10'),
(1075, 'Excellent', 'Health3', NULL, '10', 335, '2023-02-25 11:53:10'),
(1076, 'Age 18 to 20', 'AgeGroup1', NULL, '15', 336, '2023-02-25 11:53:10'),
(1077, 'Age 21 to 24', 'AgeGroup2', NULL, '20', 336, '2023-02-25 11:53:10'),
(1078, 'Age 25 to 30', 'AgeGroup3', NULL, '15', 336, '2023-02-25 11:53:10'),
(1079, 'GCE O/L', 'Edu1', 'Complete GCE A/L', '10', 337, '2023-02-25 11:53:10'),
(1080, 'GCE A/L', 'Edu2', 'GCE A/L and Diploma', '20', 337, '2023-02-25 11:53:10'),
(1081, 'GCE A/L and Diploma', 'Edu3', NULL, '30', 337, '2023-02-25 11:53:10'),
(1082, 'None', 'lang1', 'Complete Japanese Language NAT-TEST', '0', 338, '2023-02-25 11:53:10'),
(1083, 'The Japanese Language NAT-TEST', 'lang2', 'Complete Japanese Language Proficiency Test', '12', 338, '2023-02-25 11:53:10'),
(1084, 'The Japanese Language Proficiency Test', 'lang3', NULL, '15', 338, '2023-02-25 11:53:10'),
(1085, 'Less than 2 years', 'Years1', 'Have more years of work experice', '1', 339, '2023-02-25 11:53:10'),
(1086, 'Over 2 years', 'Years2', 'Have more years of work experice', '2', 339, '2023-02-25 11:53:10'),
(1087, 'Over 3 years', 'Years3', 'Have more years of work experice', '3', 339, '2023-02-25 11:53:10'),
(1088, 'Over 5 years', 'Years4', NULL, '5', 339, '2023-02-25 11:53:10'),
(1089, 'JPY 1 Miilion - 2 Million', 'Amount1', 'Increase Funds', '8', 340, '2023-02-25 11:53:10'),
(1090, 'JPY 2 Million - 3 Million', 'Amount2', 'Increase Funds', '10', 340, '2023-02-25 11:53:10'),
(1091, 'JPY 3 Million - 5 Million', 'Amount3', 'Increase Funds', '12', 340, '2023-02-25 11:53:10'),
(1092, 'Above JPY 5 Million', 'Amount4', NULL, '15', 340, '2023-02-25 11:53:10'),
(1093, 'Yes', 'Yes', NULL, '5', 341, '2023-02-25 11:53:10'),
(1094, 'No', 'No', NULL, '0', 341, '2023-02-25 11:53:10'),
(1095, 'Good', 'Good', NULL, '0', 342, '2023-02-25 11:53:10'),
(1096, 'Very Good', 'VeryGood', NULL, '5', 342, '2023-02-25 11:53:10'),
(1097, 'Excellent', 'Excellent', NULL, '10', 342, '2023-02-25 11:53:10'),
(1098, 'Age 18 to 20', 'AgeGroup1', NULL, '15', 343, '2023-02-25 11:53:10'),
(1099, 'Age 21 to 24', 'AgeGroup2', NULL, '20', 343, '2023-02-25 11:53:10'),
(1100, 'Age 25 to 30', 'AgeGroup3', NULL, '15', 343, '2023-02-25 11:53:10'),
(1101, 'GCE A/L', 'Edu1', 'Complete a Diploma', '10', 344, '2023-02-25 11:53:10'),
(1102, 'Diploma', 'Edu2', 'Complete GCE A/L and Diploma', '20', 344, '2023-02-25 11:53:10'),
(1103, 'GCE A/L and Diploma', 'Edu3', NULL, '30', 344, '2023-02-25 11:53:10'),
(1104, 'None', 'lang1', 'Complete Japanese Language NAT-TEST', '0', 345, '2023-02-25 11:53:10'),
(1105, 'The Japanese Language NAT-TEST', 'lang2', 'Complete Japanese Language Proficiency Test', '12', 345, '2023-02-25 11:53:10'),
(1106, 'The Japanese Language Proficiency Test', 'lang3', NULL, '15', 345, '2023-02-25 11:53:10'),
(1107, 'Less than 5 years', 'Years1', 'Have more years of work experice', '4', 346, '2023-02-25 11:53:10'),
(1108, 'Over 5 years', 'Years2', 'Have more years of work experice', '6', 346, '2023-02-25 11:53:10'),
(1109, 'Over 7 years', 'Years3', 'Have more years of work experice', '8', 346, '2023-02-25 11:53:10'),
(1110, 'Over 10 years', 'Years4', NULL, '10', 346, '2023-02-25 11:53:10'),
(1111, 'JPY 1 Miilion - 2 Million', 'Amount1', 'Increase Funds', '8', 347, '2023-02-25 11:53:10'),
(1112, 'JPY 2 Million - 3 Million', 'Amount2', 'Increase Funds', '10', 347, '2023-02-25 11:53:10'),
(1113, 'JPY 3 Million - 5 Million', 'Amount3', 'Increase Funds', '12', 347, '2023-02-25 11:53:10'),
(1114, 'Above JPY 5 Million', 'Amount4', NULL, '15', 347, '2023-02-25 11:53:10'),
(1115, 'Yes', 'Yes', NULL, '5', 348, '2023-02-25 11:53:10'),
(1116, 'No', 'No', NULL, '0', 348, '2023-02-25 11:53:10'),
(1117, 'Good', 'Good', NULL, '0', 349, '2023-02-25 11:53:10'),
(1118, 'Very Good', 'VeryGood', NULL, '5', 349, '2023-02-25 11:53:10'),
(1119, 'Excellent', 'Excellent', NULL, '10', 349, '2023-02-25 11:53:10'),
(1120, 'Age 24 to 30', 'AgeGroup1', NULL, '20', 350, '2023-02-25 11:53:11'),
(1121, 'Age 31 to 35', 'AgeGroup2', NULL, '15', 350, '2023-02-25 11:53:11'),
(1122, 'Age 36 to 40', 'AgeGroup3', NULL, '12', 350, '2023-02-25 11:53:11'),
(1123, 'Age 41 to 45', 'AgeGroup4', NULL, '10', 350, '2023-02-25 11:53:11'),
(1124, 'GCE A/L', 'Edu1', 'Complete GCE A/L and Diploma', '8', 351, '2023-02-25 11:53:11'),
(1125, 'GCE A/L and Diploma', 'Edu2', 'Complete Bachelor digree or Masters base on work experience', '12', 351, '2023-02-25 11:53:11'),
(1126, 'Bachelor digree or Masters base on work experience', 'Edu3', 'Complete Bachelor and Postgraduate or Masters', '15', 351, '2023-02-25 11:53:11'),
(1127, 'Bachelor and Postgraduate or Masters', 'Edu4', NULL, '15', 351, '2023-02-25 11:53:11'),
(1128, 'None', 'lang1', 'Complete Japanese Language NAT-TEST', '0', 352, '2023-02-25 11:53:11'),
(1129, 'The Japanese Language NAT-TEST', 'lang2', 'Complete Japanese Language Proficiency Test', '12', 352, '2023-02-25 11:53:11'),
(1130, 'The Japanese Language Proficiency Test', 'lang3', NULL, '15', 352, '2023-02-25 11:53:11'),
(1131, 'none', 'englang1', 'Improve your english skills', '0', 353, '2023-02-25 11:53:11'),
(1132, 'IELTS over 5', 'englang2', 'Improve your english skills', '12', 353, '2023-02-25 11:53:11'),
(1133, 'TOEIC over 700', 'englang3', NULL, '15', 353, '2023-02-25 11:53:11'),
(1134, 'Less than 5 years', 'Years1', 'Have more years of work experice', '4', 354, '2023-02-25 11:53:11'),
(1135, 'Over 5 years', 'Years2', 'Have more years of work experice', '6', 354, '2023-02-25 11:53:11'),
(1136, 'Over 7 years', 'Years3', 'Have more years of work experice', '8', 354, '2023-02-25 11:53:11'),
(1137, 'Over 10 years', 'Years4', NULL, '10', 354, '2023-02-25 11:53:11'),
(1138, 'No', 'No_Bacherlors', 'Complete s professional qualification', '0', 355, '2023-02-25 11:53:11'),
(1139, 'Yes', 'Yes', NULL, '10', 355, '2023-02-25 11:53:11'),
(1140, 'JPY 1 Miilion - 2 Million', 'Amount1', 'Increase Funds', '8', 356, '2023-02-25 11:53:11'),
(1141, 'JPY 2 Million - 3 Million', 'Amount2', 'Increase Funds', '10', 356, '2023-02-25 11:53:11'),
(1142, 'JPY 3 Million - 5 Million', 'Amount3', 'Increase Funds', '12', 356, '2023-02-25 11:53:11'),
(1143, 'Above JPY 5 Million', 'Amount4', NULL, '15', 356, '2023-02-25 11:53:11'),
(1144, 'Yes', 'Yes', NULL, '5', 357, '2023-02-25 11:53:11'),
(1145, 'No', 'No', NULL, '0', 357, '2023-02-25 11:53:11'),
(1146, 'Good', 'Good', NULL, '0', 358, '2023-02-25 11:53:11'),
(1147, 'Very Good', 'VeryGood', NULL, '5', 358, '2023-02-25 11:53:11'),
(1148, 'Excellent', 'Excellent', NULL, '10', 358, '2023-02-25 11:53:11'),
(1149, 'Age 18 to 24', 'AgeGroup18_25', NULL, '15', 359, '2023-02-25 11:53:11'),
(1150, 'Age 25 to 33', 'AgeGroup25_33', NULL, '20', 359, '2023-02-25 11:53:11'),
(1151, 'Age 33 to 40', 'AgeGroup33_40', NULL, '15', 359, '2023-02-25 11:53:11'),
(1152, 'Age 40 to 45', 'AgeGroup40_45', NULL, '10', 359, '2023-02-25 11:53:11'),
(1153, 'GCE O/L', 'BachelorDegree', NULL, '10', 360, '2023-02-25 11:53:11'),
(1154, 'GCE A/L', 'AustrlianDiploma', NULL, '20', 360, '2023-02-25 11:53:11'),
(1155, 'GCE A/L and Diploma', 'RecognisedQualification', NULL, '30', 360, '2023-02-25 11:53:11'),
(1156, 'Good', 'Good', 'Improve your english skills to Very Good', '10', 361, '2023-02-25 11:53:11'),
(1157, 'Very Good', 'VeryGood', 'Improve your english skills to Excellent', '15', 361, '2023-02-25 11:53:11'),
(1158, 'Excellent', 'Excellent', '', '20', 361, '2023-02-25 11:53:11'),
(1159, 'less than 5 Years', 'Years0_5', 'Have more years of work experice', '8', 362, '2023-02-25 11:53:11'),
(1160, '5-7 Years', 'Years5_7', 'Have more years of work experice', '10', 362, '2023-02-25 11:53:11'),
(1161, '7-10 Years', 'Years7_10', 'Have more years of work experice', '12', 362, '2023-02-25 11:53:11'),
(1162, 'Over 10 Years', 'Years10', NULL, '15', 362, '2023-02-25 11:53:11'),
(1163, 'CAD 10,000-15000', 'Amount10_15', 'Increase Funds', '8', 363, '2023-02-25 11:53:11'),
(1164, 'CAD 15,000-20,000', 'Amount15_20', 'Increase Funds', '10', 363, '2023-02-25 11:53:11'),
(1165, 'CAD 20,000-30,000', 'Amount20_30', 'Increase Funds', '12', 363, '2023-02-25 11:53:11'),
(1166, 'Above CAD 30,000', 'Amount30', NULL, '15', 363, '2023-02-25 11:53:11'),
(1167, 'Good', 'Good', NULL, '0', 364, '2023-02-25 11:53:11'),
(1168, 'Very Good', 'VeryGood', NULL, '5', 364, '2023-02-25 11:53:11'),
(1169, 'Excellent', 'Excellent', NULL, '10', 364, '2023-02-25 11:53:11'),
(1170, 'Age 18 to 24', 'AgeGroup18_25', NULL, '10', 365, '2023-02-25 11:53:11'),
(1171, 'Age 25 to 33', 'AgeGroup25_33', NULL, '15', 365, '2023-02-25 11:53:11'),
(1172, 'Age 33 to 40', 'AgeGroup33_40', NULL, '20', 365, '2023-02-25 11:53:11'),
(1173, 'Age 40 to 45', 'AgeGroup40_45', NULL, '15', 365, '2023-02-25 11:53:11'),
(1174, 'GCE A/L', 'AL', 'Complete a Diploma', '8', 366, '2023-02-25 11:53:11'),
(1175, 'GCE A/L and Diploma', 'Diploma', 'Complete a Bachelor digree or Masters', '12', 366, '2023-02-25 11:53:11'),
(1176, 'Bachelor digree or Masters base on work experience', 'Bachelor', 'Complete a Bachelor and Postgraduate or Masters', '15', 366, '2023-02-25 11:53:11'),
(1177, 'Bachelor and Postgraduate or Masters', 'Masters', 'Complete a Diploma', '20', 366, '2023-02-25 11:53:11'),
(1178, 'Good', 'Good', 'Improve your english skills to Very Good', '10', 367, '2023-02-25 11:53:11'),
(1179, 'Very Good', 'VeryGood', 'Improve your english skills to Excellent', '15', 367, '2023-02-25 11:53:11'),
(1180, 'Excellent', 'Excellent', '', '20', 367, '2023-02-25 11:53:11'),
(1181, 'less than 5 Years', 'Years0_5', 'Have more years of work experice', '8', 368, '2023-02-25 11:53:11'),
(1182, '5-7 Years', 'Years5_7', 'Have more years of work experice', '10', 368, '2023-02-25 11:53:11'),
(1183, '7-10 Years', 'Years7_10', 'Have more years of work experice', '12', 368, '2023-02-25 11:53:11'),
(1184, 'Over 10 Years', 'Years10', NULL, '15', 368, '2023-02-25 11:53:11'),
(1185, 'No', 'No_Bacherlors', 'Complete s professional qualification', '0', 369, '2023-02-25 11:53:11'),
(1186, 'Yes', 'Yes', NULL, '10', 369, '2023-02-25 11:53:11'),
(1187, 'CAD 10,000-15000', 'Amount10_15', 'Increase Funds', '8', 370, '2023-02-25 11:53:11'),
(1188, 'CAD 15,000-20,000', 'Amount15_20', 'Increase Funds', '10', 370, '2023-02-25 11:53:11'),
(1189, 'CAD 20,000-30,000', 'Amount20_30', 'Increase Funds', '12', 370, '2023-02-25 11:53:11'),
(1190, 'Above CAD 30,000', 'Amount30', NULL, '15', 370, '2023-02-25 11:53:11'),
(1191, 'Good', 'Good', NULL, '0', 371, '2023-02-25 11:53:11'),
(1192, 'Very Good', 'VeryGood', NULL, '5', 371, '2023-02-25 11:53:11'),
(1193, 'Excellent', 'Excellent', NULL, '10', 371, '2023-02-25 11:53:11'),
(1194, 'Age 18 to 25', 'AgeGroup1', NULL, '8', 372, '2023-02-25 11:53:11'),
(1195, 'Age 25 to 33', 'AgeGroup2', NULL, '10', 372, '2023-02-25 11:53:11'),
(1196, 'Age 33 to 40', 'AgeGroup3', NULL, '15', 372, '2023-02-25 11:53:11'),
(1197, 'Age 40 to 44', 'AgeGroup4', NULL, '10', 372, '2023-02-25 11:53:11'),
(1198, 'Above 45', 'AgeGroup5', NULL, '8', 372, '2023-02-25 11:53:11'),
(1199, 'Masters /PHD', 'Edu1', NULL, '15', 373, '2023-02-25 11:53:11'),
(1200, 'Bachelor Degree', 'Edu2', 'Complete a Masters /PHD', '12', 373, '2023-02-25 11:53:11'),
(1201, 'A/L OR Diploma', 'Edu3', 'Complete a Bachelor Degree', '10', 373, '2023-02-25 11:53:11'),
(1202, 'Good', 'englang1', 'Improve your english skills to Very Good', '5', 374, '2023-02-25 11:53:11'),
(1203, 'Very Good', 'englang2', 'Improve your english skills to Excellent', '7', 374, '2023-02-25 11:53:11'),
(1204, 'Excellent', 'englang3', NULL, '10', 374, '2023-02-25 11:53:11'),
(1205, 'CAD 3 -5 Miilion', 'Amount1', 'Improve investment', '10', 375, '2023-02-25 11:53:11'),
(1206, 'CAD 5-8 Miilion', 'Amount2', 'Improve investment', '12', 375, '2023-02-25 11:53:11'),
(1207, 'CAD 8-10 Miilion', 'Amount3', 'Improve investment', '15', 375, '2023-02-25 11:53:11'),
(1208, 'Above CAD 10 Million', 'Amount4', 'Improve investment', '20', 375, '2023-02-25 11:53:11'),
(1209, 'Yes', 'Yes', NULL, '10', 376, '2023-02-25 11:53:11'),
(1210, 'No', 'No', 'Make your investment export oriented', '0', 376, '2023-02-25 11:53:11'),
(1211, 'less than 3', 'Jobs1', NULL, '5', 377, '2023-02-25 11:53:11'),
(1212, '3 to 5', 'Jobs2', NULL, '8', 377, '2023-02-25 11:53:11'),
(1213, '5-10', 'Jobs3', NULL, '10', 377, '2023-02-25 11:53:11'),
(1214, 'More than 10', 'Jobs4', NULL, '15', 377, '2023-02-25 11:53:11'),
(1215, 'CAD 100,000  OR Less', 'Amount1', 'Increase anual income', '3', 378, '2023-02-25 11:53:11'),
(1216, 'CAD 100,000 to 500,000', 'Amount2', 'Increase anual income', '5', 378, '2023-02-25 11:53:11'),
(1217, 'CAD 500,000 - 1,000,000', 'Amount3', 'Increase anual income', '7', 378, '2023-02-25 11:53:11'),
(1218, 'Over CAD 1,000,000', 'Amount4', NULL, '10', 378, '2023-02-25 11:53:11'),
(1219, 'Yes', 'Yes', NULL, '5', 379, '2023-02-25 11:53:11'),
(1220, 'No', 'No', 'Move to regional', '0', 379, '2023-02-25 11:53:11'),
(1221, 'Good', 'Health1', NULL, '0', 380, '2023-02-25 11:53:11'),
(1222, 'Very Good', 'Health2', NULL, '5', 380, '2023-02-25 11:53:11'),
(1223, 'Excellent', 'Health3', NULL, '10', 380, '2023-02-25 11:53:11'),
(1224, 'Age 18 to 24', 'AgeGroup1', NULL, '5', 381, '2023-02-25 11:53:11'),
(1225, 'Age 25 to 32', 'AgeGroup2', NULL, '10', 381, '2023-02-25 11:53:11'),
(1226, 'Age 33 to 39', 'AgeGroup3', NULL, '15', 381, '2023-02-25 11:53:11'),
(1227, 'Age 40 to 44', 'AgeGroup4', NULL, '10', 381, '2023-02-25 11:53:11'),
(1228, 'Above 45', 'AgeGroup5', NULL, '5', 381, '2023-02-25 11:53:11'),
(1229, 'A/L OR Diploma', 'Edu1', 'Complete a Bachelor degree', '8', 382, '2023-02-25 11:53:11'),
(1230, 'Graduate', 'Edu2', 'Complete a Bachelor degree', '10', 382, '2023-02-25 11:53:11'),
(1231, 'Post Graduate /Masters', 'Edu3', 'Complete a PHD', '12', 382, '2023-02-25 11:53:11'),
(1232, 'PHD', 'Edu4', NULL, '15', 382, '2023-02-25 11:53:11'),
(1233, 'Good', 'englang1', 'Improve your english skills to Very Good', '6', 383, '2023-02-25 11:53:11'),
(1234, 'Very Good', 'englang2', 'Improve your english skills to Excellent', '8', 383, '2023-02-25 11:53:11'),
(1235, 'Excellent', 'englang3', NULL, '10', 383, '2023-02-25 11:53:11'),
(1236, 'less than 5 Years', 'Years1', 'Have more years of work experice', '8', 384, '2023-02-25 11:53:11'),
(1237, '5-7 Years', 'Years2', 'Have more years of work experice', '10', 384, '2023-02-25 11:53:11'),
(1238, '7-10 Years', 'Years3', 'Have more years of work experice', '12', 384, '2023-02-25 11:53:11'),
(1239, 'Over 10 Years', 'Years4', NULL, '15', 384, '2023-02-25 11:53:11'),
(1240, 'No', 'No_Bacherlors', 'Complete s professional qualification', '0', 385, '2023-02-25 11:53:11'),
(1241, 'Yes', 'Yes', NULL, '10', 385, '2023-02-25 11:53:11');
INSERT INTO `xml_criteria_answers` (`id`, `name`, `tagname`, `answer`, `point`, `criteria_id`, `created`) VALUES
(1242, 'Yes', 'Yes', NULL, '10', 386, '2023-02-25 11:53:12'),
(1243, 'No', 'No', 'Find a job from skill shortage list', '0', 386, '2023-02-25 11:53:12'),
(1244, 'Yes', 'Yes', NULL, '10', 387, '2023-02-25 11:53:12'),
(1245, 'No', 'No', 'Find a job s job offer from Canadian company', '0', 387, '2023-02-25 11:53:12'),
(1246, 'Married', 'Yes', NULL, '0', 388, '2023-02-25 11:53:12'),
(1247, 'Single', 'No', NULL, '10', 388, '2023-02-25 11:53:12'),
(1248, 'Yes', 'Yes', NULL, '5', 389, '2023-02-25 11:53:12'),
(1249, 'No', 'No', 'Partner to get profesionaly qualified', '0', 389, '2023-02-25 11:53:12'),
(1250, 'less than 5 Years', 'Years1', 'Partner to have more years of work experice', '2', 390, '2023-02-25 11:53:12'),
(1251, '5-10 Years', 'Years2', 'Partner to have more years of work experice', '3', 390, '2023-02-25 11:53:12'),
(1252, 'Over 10 Years', 'Years3', NULL, '5', 390, '2023-02-25 11:53:12'),
(1253, 'Yes', 'Yes', NULL, '5', 391, '2023-02-25 11:53:12'),
(1254, 'No', 'No', 'Move to regional', '0', 391, '2023-02-25 11:53:12'),
(1255, 'Good', 'Health1', NULL, '0', 392, '2023-02-25 11:53:12'),
(1256, 'Very Good', 'Health2', NULL, '5', 392, '2023-02-25 11:53:12'),
(1257, 'Excellent', 'Health3', NULL, '10', 392, '2023-02-25 11:53:12'),
(1258, 'Age 18 to 24', 'AgeGroup18_25', NULL, '15', 393, '2023-02-25 11:53:12'),
(1259, 'Age 25 to 33', 'AgeGroup25_33', NULL, '20', 393, '2023-02-25 11:53:12'),
(1260, 'Age 33 to 40', 'AgeGroup33_40', NULL, '15', 393, '2023-02-25 11:53:12'),
(1261, 'Age 40 to 45', 'AgeGroup40_45', NULL, '10', 393, '2023-02-25 11:53:12'),
(1262, 'GCE O/L', 'BachelorDegree', NULL, '10', 394, '2023-02-25 11:53:12'),
(1263, 'GCE A/L', 'AustrlianDiploma', NULL, '20', 394, '2023-02-25 11:53:12'),
(1264, 'GCE A/L and Diploma', 'RecognisedQualification', NULL, '30', 394, '2023-02-25 11:53:12'),
(1265, 'Good', 'Good', 'Improve your english skills to Very Good', '10', 395, '2023-02-25 11:53:12'),
(1266, 'Very Good', 'VeryGood', 'Improve your english skills to Excellent', '15', 395, '2023-02-25 11:53:12'),
(1267, 'Excellent', 'Excellent', '', '20', 395, '2023-02-25 11:53:12'),
(1268, 'less than 5 Years', 'Years0_5', 'Have more years of work experice', '8', 396, '2023-02-25 11:53:12'),
(1269, '5-7 Years', 'Years5_7', 'Have more years of work experice', '10', 396, '2023-02-25 11:53:12'),
(1270, '7-10 Years', 'Years7_10', 'Have more years of work experice', '12', 396, '2023-02-25 11:53:12'),
(1271, 'Over 10 Years', 'Years10', NULL, '15', 396, '2023-02-25 11:53:12'),
(1272, 'NZD 10,000-15000', 'Amount10_15', 'Increase Funds', '8', 397, '2023-02-25 11:53:12'),
(1273, 'NZD 15,000-20,000', 'Amount15_20', 'Increase Funds', '10', 397, '2023-02-25 11:53:12'),
(1274, 'NZD 20,000-30,000', 'Amount20_30', 'Increase Funds', '12', 397, '2023-02-25 11:53:12'),
(1275, 'Above NZD 30,000', 'Amount30', NULL, '15', 397, '2023-02-25 11:53:12'),
(1276, 'Good', 'Good', NULL, '0', 398, '2023-02-25 11:53:12'),
(1277, 'Very Good', 'VeryGood', NULL, '5', 398, '2023-02-25 11:53:12'),
(1278, 'Excellent', 'Excellent', NULL, '10', 398, '2023-02-25 11:53:12'),
(1279, 'Age 18 to 24', 'AgeGroup18_25', NULL, '10', 399, '2023-02-25 11:53:12'),
(1280, 'Age 25 to 33', 'AgeGroup25_33', NULL, '15', 399, '2023-02-25 11:53:12'),
(1281, 'Age 33 to 40', 'AgeGroup33_40', NULL, '20', 399, '2023-02-25 11:53:12'),
(1282, 'Age 40 to 45', 'AgeGroup40_45', NULL, '15', 399, '2023-02-25 11:53:12'),
(1283, 'GCE A/L', 'AL', 'Complete a Diploma', '8', 400, '2023-02-25 11:53:12'),
(1284, 'GCE A/L and Diploma', 'Diploma', 'Complete a Bachelor digree or Masters', '12', 400, '2023-02-25 11:53:12'),
(1285, 'Bachelor digree or Masters base on work experience', 'Bachelor', 'Complete a Bachelor and Postgraduate or Masters', '15', 400, '2023-02-25 11:53:12'),
(1286, 'Bachelor and Postgraduate or Masters', 'Masters', 'Complete a Diploma', '20', 400, '2023-02-25 11:53:12'),
(1287, 'Good', 'Good', 'Improve your english skills to Very Good', '10', 401, '2023-02-25 11:53:12'),
(1288, 'Very Good', 'VeryGood', 'Improve your english skills to Excellent', '15', 401, '2023-02-25 11:53:12'),
(1289, 'Excellent', 'Excellent', '', '20', 401, '2023-02-25 11:53:12'),
(1290, 'less than 5 Years', 'Years0_5', 'Have more years of work experice', '8', 402, '2023-02-25 11:53:12'),
(1291, '5-7 Years', 'Years5_7', 'Have more years of work experice', '10', 402, '2023-02-25 11:53:12'),
(1292, '7-10 Years', 'Years7_10', 'Have more years of work experice', '12', 402, '2023-02-25 11:53:12'),
(1293, 'Over 10 Years', 'Years10', NULL, '15', 402, '2023-02-25 11:53:12'),
(1294, 'No', 'No_Bacherlors', 'Complete s professional qualification', '0', 403, '2023-02-25 11:53:12'),
(1295, 'Yes', 'Yes', NULL, '10', 403, '2023-02-25 11:53:12'),
(1296, 'NZD 10,000-15000', 'Amount10_15', 'Increase Funds', '8', 404, '2023-02-25 11:53:12'),
(1297, 'NZD 15,000-20,000', 'Amount15_20', 'Increase Funds', '10', 404, '2023-02-25 11:53:12'),
(1298, 'NZD 20,000-30,000', 'Amount20_30', 'Increase Funds', '12', 404, '2023-02-25 11:53:12'),
(1299, 'Above NZD 30,000', 'Amount30', NULL, '15', 404, '2023-02-25 11:53:12'),
(1300, 'Good', 'Good', NULL, '0', 405, '2023-02-25 11:53:12'),
(1301, 'Very Good', 'VeryGood', NULL, '5', 405, '2023-02-25 11:53:12'),
(1302, 'Excellent', 'Excellent', NULL, '10', 405, '2023-02-25 11:53:12'),
(1303, 'Age 18 to 25', 'AgeGroup1', NULL, '8', 406, '2023-02-25 11:53:12'),
(1304, 'Age 25 to 33', 'AgeGroup2', NULL, '10', 406, '2023-02-25 11:53:12'),
(1305, 'Age 33 to 40', 'AgeGroup3', NULL, '15', 406, '2023-02-25 11:53:12'),
(1306, 'Age 40 to 44', 'AgeGroup4', NULL, '10', 406, '2023-02-25 11:53:12'),
(1307, 'Above 45', 'AgeGroup5', NULL, '8', 406, '2023-02-25 11:53:12'),
(1308, 'Masters /PHD', 'Edu1', NULL, '15', 407, '2023-02-25 11:53:12'),
(1309, 'Bachelor Degree', 'Edu2', 'Complete a Masters /PHD', '12', 407, '2023-02-25 11:53:12'),
(1310, 'A/L OR Diploma', 'Edu3', 'Complete a Bachelor Degree', '10', 407, '2023-02-25 11:53:12'),
(1311, 'Good', 'englang1', 'Improve your english skills to Very Good', '5', 408, '2023-02-25 11:53:12'),
(1312, 'Very Good', 'englang2', 'Improve your english skills to Excellent', '7', 408, '2023-02-25 11:53:12'),
(1313, 'Excellent', 'englang3', NULL, '10', 408, '2023-02-25 11:53:12'),
(1314, 'NZD 3 -5 Miilion', 'Amount1', 'Improve investment', '10', 409, '2023-02-25 11:53:12'),
(1315, 'NZD 5-8 Miilion', 'Amount2', 'Improve investment', '12', 409, '2023-02-25 11:53:12'),
(1316, 'NZD 8-10 Miilion', 'Amount3', 'Improve investment', '15', 409, '2023-02-25 11:53:12'),
(1317, 'Above 10 million', 'Amount4', NULL, '20', 409, '2023-02-25 11:53:12'),
(1318, 'Yes', 'Yes', NULL, '10', 410, '2023-02-25 11:53:12'),
(1319, 'No', 'No', 'Make your investment export oriented', '0', 410, '2023-02-25 11:53:12'),
(1320, 'less than 3', 'Jobs1', NULL, '5', 411, '2023-02-25 11:53:12'),
(1321, '3 to 5', 'Jobs2', NULL, '8', 411, '2023-02-25 11:53:12'),
(1322, '5-10', 'Jobs3', NULL, '10', 411, '2023-02-25 11:53:12'),
(1323, 'More than 10', 'Jobs4', NULL, '15', 411, '2023-02-25 11:53:12'),
(1324, 'NZD 100,000  OR Less', 'Amount1', 'Increase anual income', '3', 412, '2023-02-25 11:53:12'),
(1325, 'NZD 100,000 to 500,000', 'Amount2', 'Increase anual income', '5', 412, '2023-02-25 11:53:12'),
(1326, 'NZD  500,000 - 1,000,000', 'Amount3', 'Increase anual income', '7', 412, '2023-02-25 11:53:12'),
(1327, 'Over NZD 1,000,000', 'Amount4', NULL, '10', 412, '2023-02-25 11:53:12'),
(1328, 'Yes', 'Yes', NULL, '5', 413, '2023-02-25 11:53:12'),
(1329, 'No', 'No', 'Move to regional', '0', 413, '2023-02-25 11:53:12'),
(1330, 'Good', 'Health1', NULL, '0', 414, '2023-02-25 11:53:12'),
(1331, 'Very Good', 'Health2', NULL, '5', 414, '2023-02-25 11:53:12'),
(1332, 'Excellent', 'Health3', NULL, '10', 414, '2023-02-25 11:53:12');

-- --------------------------------------------------------

--
-- Table structure for table `xml_qualifications`
--

DROP TABLE IF EXISTS `xml_qualifications`;
CREATE TABLE IF NOT EXISTS `xml_qualifications` (
  `id` bigint(20) NOT NULL AUTO_INCREMENT,
  `name` varchar(255) COLLATE utf8_unicode_ci DEFAULT NULL,
  `xml_visatype_id` bigint(20) DEFAULT NULL,
  `created` timestamp NOT NULL DEFAULT CURRENT_TIMESTAMP,
  PRIMARY KEY (`id`),
  KEY `fk_xml_visatype_id` (`xml_visatype_id`)
) ENGINE=InnoDB AUTO_INCREMENT=51 DEFAULT CHARSET=utf8 COLLATE=utf8_unicode_ci;

--
-- Dumping data for table `xml_qualifications`
--

INSERT INTO `xml_qualifications` (`id`, `name`, `xml_visatype_id`, `created`) VALUES
(4, 'SubClass_189', 4, '2022-09-08 12:15:36'),
(5, 'SubClass_189', 5, '2022-09-08 12:15:37'),
(6, ' Sub Class_189', 6, '2022-10-28 12:00:26'),
(7, ' Sub Class_189', 7, '2022-10-28 12:00:26'),
(8, ' Sub Class_189', 8, '2022-10-28 16:05:15'),
(9, ' None', 9, '2022-10-28 16:05:15'),
(10, ' Sub Class_189', 10, '2022-10-28 16:05:16'),
(11, ' Diploma_ Bachlor', 11, '2023-02-25 11:45:03'),
(12, ' Masters_ P H D', 11, '2023-02-25 11:45:04'),
(13, ' None', 12, '2023-02-25 11:45:04'),
(14, ' None', 13, '2023-02-25 11:45:04'),
(15, ' Diploma_ Bachlor', 14, '2023-02-25 11:45:04'),
(16, ' Masters_ P H D', 14, '2023-02-25 11:45:05'),
(17, ' None', 15, '2023-02-25 11:45:05'),
(18, ' Diploma_ Bachlor', 16, '2023-02-25 11:45:05'),
(19, ' Masters_ P H D', 16, '2023-02-25 11:45:05'),
(20, ' None', 17, '2023-02-25 11:45:05'),
(21, ' Language College', 18, '2023-02-25 11:45:06'),
(22, ' Diploma_ Bachlor', 18, '2023-02-25 11:45:06'),
(23, ' Masters_ P H D', 18, '2023-02-25 11:45:06'),
(24, ' Diploma_ Bachlor', 19, '2023-02-25 11:45:06'),
(25, ' Masters_ P H D', 19, '2023-02-25 11:45:06'),
(26, ' None', 20, '2023-02-25 11:45:07'),
(27, ' None', 21, '2023-02-25 11:45:07'),
(28, ' Diploma_ Bachlor', 22, '2023-02-25 11:45:07'),
(29, ' Masters_ P H D', 22, '2023-02-25 11:45:07'),
(30, ' None', 23, '2023-02-25 11:45:07'),
(31, ' Diploma_ Bachlor', 24, '2023-02-25 11:53:08'),
(32, ' Masters_ P H D', 24, '2023-02-25 11:53:08'),
(33, ' None', 25, '2023-02-25 11:53:08'),
(34, ' None', 26, '2023-02-25 11:53:09'),
(35, ' Diploma_ Bachlor', 27, '2023-02-25 11:53:09'),
(36, ' Masters_ P H D', 27, '2023-02-25 11:53:09'),
(37, ' None', 28, '2023-02-25 11:53:09'),
(38, ' Diploma_ Bachlor', 29, '2023-02-25 11:53:10'),
(39, ' Masters_ P H D', 29, '2023-02-25 11:53:10'),
(40, ' None', 30, '2023-02-25 11:53:10'),
(41, ' Language College', 31, '2023-02-25 11:53:10'),
(42, ' Diploma_ Bachlor', 31, '2023-02-25 11:53:10'),
(43, ' Masters_ P H D', 31, '2023-02-25 11:53:10'),
(44, ' Diploma_ Bachlor', 32, '2023-02-25 11:53:11'),
(45, ' Masters_ P H D', 32, '2023-02-25 11:53:11'),
(46, ' None', 33, '2023-02-25 11:53:11'),
(47, ' None', 34, '2023-02-25 11:53:11'),
(48, ' Diploma_ Bachlor', 35, '2023-02-25 11:53:12'),
(49, ' Masters_ P H D', 35, '2023-02-25 11:53:12'),
(50, ' None', 36, '2023-02-25 11:53:12');

-- --------------------------------------------------------

--
-- Table structure for table `xml_qualif_points`
--

DROP TABLE IF EXISTS `xml_qualif_points`;
CREATE TABLE IF NOT EXISTS `xml_qualif_points` (
  `id` bigint(20) NOT NULL AUTO_INCREMENT,
  `color` varchar(255) COLLATE utf8_unicode_ci DEFAULT NULL,
  `points` varchar(255) COLLATE utf8_unicode_ci DEFAULT NULL,
  `xml_qualification_id` bigint(20) DEFAULT NULL,
  `created` timestamp NOT NULL DEFAULT CURRENT_TIMESTAMP,
  PRIMARY KEY (`id`),
  KEY `fk_quelification_points` (`xml_qualification_id`)
) ENGINE=InnoDB AUTO_INCREMENT=101 DEFAULT CHARSET=utf8 COLLATE=utf8_unicode_ci;

--
-- Dumping data for table `xml_qualif_points`
--

INSERT INTO `xml_qualif_points` (`id`, `color`, `points`, `xml_qualification_id`, `created`) VALUES
(7, 'Green', '65', 4, '2022-09-08 12:15:36'),
(8, 'Orange', '45', 4, '2022-09-08 12:15:36'),
(9, 'Green', '65', 5, '2022-09-08 12:15:37'),
(10, 'Orange', '45', 5, '2022-09-08 12:15:37'),
(11, 'Green', '65', 6, '2022-10-28 12:00:26'),
(12, 'Orange', '45', 6, '2022-10-28 12:00:26'),
(13, 'Green', '65', 7, '2022-10-28 12:00:26'),
(14, 'Orange', '45', 7, '2022-10-28 12:00:26'),
(15, 'Green', '65', 8, '2022-10-28 16:05:15'),
(16, 'Orange', '45', 8, '2022-10-28 16:05:15'),
(17, 'Green', '65', 9, '2022-10-28 16:05:15'),
(18, 'Orange', '45', 9, '2022-10-28 16:05:15'),
(19, 'Green', '65', 10, '2022-10-28 16:05:16'),
(20, 'Orange', '45', 10, '2022-10-28 16:05:16'),
(21, 'Green', '80', 11, '2023-02-25 11:45:03'),
(22, 'Orange', '60', 11, '2023-02-25 11:45:03'),
(23, 'Green', '80', 12, '2023-02-25 11:45:04'),
(24, 'Orange', '60', 12, '2023-02-25 11:45:04'),
(25, 'Green', '80', 13, '2023-02-25 11:45:04'),
(26, 'Orange', '60', 13, '2023-02-25 11:45:04'),
(27, 'Green', '80', 14, '2023-02-25 11:45:04'),
(28, 'Orange', '60', 14, '2023-02-25 11:45:04'),
(29, 'Green', '80', 15, '2023-02-25 11:45:04'),
(30, 'Orange', '60', 15, '2023-02-25 11:45:05'),
(31, 'Green', '80', 16, '2023-02-25 11:45:05'),
(32, 'Orange', '60', 16, '2023-02-25 11:45:05'),
(33, 'Green', '80', 17, '2023-02-25 11:45:05'),
(34, 'Orange', '60', 17, '2023-02-25 11:45:05'),
(35, 'Green', '80', 18, '2023-02-25 11:45:05'),
(36, 'Orange', '60', 18, '2023-02-25 11:45:05'),
(37, 'Green', '80', 19, '2023-02-25 11:45:05'),
(38, 'Orange', '60', 19, '2023-02-25 11:45:05'),
(39, 'Green', '80', 20, '2023-02-25 11:45:05'),
(40, 'Orange', '60', 20, '2023-02-25 11:45:05'),
(41, 'Green', '50', 21, '2023-02-25 11:45:06'),
(42, 'Orange', '40', 21, '2023-02-25 11:45:06'),
(43, 'Green', '50', 22, '2023-02-25 11:45:06'),
(44, 'Orange', '40', 22, '2023-02-25 11:45:06'),
(45, 'Green', '50', 23, '2023-02-25 11:45:06'),
(46, 'Orange', '40', 23, '2023-02-25 11:45:06'),
(47, 'Green', '80', 24, '2023-02-25 11:45:06'),
(48, 'Orange', '60', 24, '2023-02-25 11:45:06'),
(49, 'Green', '80', 25, '2023-02-25 11:45:06'),
(50, 'Orange', '60', 25, '2023-02-25 11:45:06'),
(51, 'Green', '80', 26, '2023-02-25 11:45:07'),
(52, 'Orange', '60', 26, '2023-02-25 11:45:07'),
(53, 'Green', '80', 27, '2023-02-25 11:45:07'),
(54, 'Orange', '60', 27, '2023-02-25 11:45:07'),
(55, 'Green', '80', 28, '2023-02-25 11:45:07'),
(56, 'Orange', '60', 28, '2023-02-25 11:45:07'),
(57, 'Green', '80', 29, '2023-02-25 11:45:07'),
(58, 'Orange', '60', 29, '2023-02-25 11:45:07'),
(59, 'Green', '80', 30, '2023-02-25 11:45:08'),
(60, 'Orange', '60', 30, '2023-02-25 11:45:08'),
(61, 'Green', '80', 31, '2023-02-25 11:53:08'),
(62, 'Orange', '60', 31, '2023-02-25 11:53:08'),
(63, 'Green', '80', 32, '2023-02-25 11:53:08'),
(64, 'Orange', '60', 32, '2023-02-25 11:53:08'),
(65, 'Green', '80', 33, '2023-02-25 11:53:08'),
(66, 'Orange', '60', 33, '2023-02-25 11:53:08'),
(67, 'Green', '80', 34, '2023-02-25 11:53:09'),
(68, 'Orange', '60', 34, '2023-02-25 11:53:09'),
(69, 'Green', '80', 35, '2023-02-25 11:53:09'),
(70, 'Orange', '60', 35, '2023-02-25 11:53:09'),
(71, 'Green', '80', 36, '2023-02-25 11:53:09'),
(72, 'Orange', '60', 36, '2023-02-25 11:53:09'),
(73, 'Green', '80', 37, '2023-02-25 11:53:09'),
(74, 'Orange', '60', 37, '2023-02-25 11:53:09'),
(75, 'Green', '80', 38, '2023-02-25 11:53:10'),
(76, 'Orange', '60', 38, '2023-02-25 11:53:10'),
(77, 'Green', '80', 39, '2023-02-25 11:53:10'),
(78, 'Orange', '60', 39, '2023-02-25 11:53:10'),
(79, 'Green', '80', 40, '2023-02-25 11:53:10'),
(80, 'Orange', '60', 40, '2023-02-25 11:53:10'),
(81, 'Green', '50', 41, '2023-02-25 11:53:10'),
(82, 'Orange', '40', 41, '2023-02-25 11:53:10'),
(83, 'Green', '50', 42, '2023-02-25 11:53:10'),
(84, 'Orange', '40', 42, '2023-02-25 11:53:10'),
(85, 'Green', '50', 43, '2023-02-25 11:53:10'),
(86, 'Orange', '40', 43, '2023-02-25 11:53:10'),
(87, 'Green', '80', 44, '2023-02-25 11:53:11'),
(88, 'Orange', '60', 44, '2023-02-25 11:53:11'),
(89, 'Green', '80', 45, '2023-02-25 11:53:11'),
(90, 'Orange', '60', 45, '2023-02-25 11:53:11'),
(91, 'Green', '80', 46, '2023-02-25 11:53:11'),
(92, 'Orange', '60', 46, '2023-02-25 11:53:11'),
(93, 'Green', '80', 47, '2023-02-25 11:53:11'),
(94, 'Orange', '60', 47, '2023-02-25 11:53:11'),
(95, 'Green', '80', 48, '2023-02-25 11:53:12'),
(96, 'Orange', '60', 48, '2023-02-25 11:53:12'),
(97, 'Green', '80', 49, '2023-02-25 11:53:12'),
(98, 'Orange', '60', 49, '2023-02-25 11:53:12'),
(99, 'Green', '80', 50, '2023-02-25 11:53:12'),
(100, 'Orange', '60', 50, '2023-02-25 11:53:12');

-- --------------------------------------------------------

--
-- Table structure for table `xml_sheets`
--

DROP TABLE IF EXISTS `xml_sheets`;
CREATE TABLE IF NOT EXISTS `xml_sheets` (
  `id` bigint(20) NOT NULL AUTO_INCREMENT,
  `name` varchar(255) COLLATE utf8_unicode_ci DEFAULT NULL,
  `version` varchar(255) COLLATE utf8_unicode_ci DEFAULT NULL,
  `file` varchar(255) COLLATE utf8_unicode_ci DEFAULT NULL,
  `file_dir` varchar(255) COLLATE utf8_unicode_ci DEFAULT NULL,
  `status` enum('0','1') COLLATE utf8_unicode_ci NOT NULL DEFAULT '0',
  `user_id` bigint(20) DEFAULT NULL,
  `created` timestamp NOT NULL DEFAULT CURRENT_TIMESTAMP,
  PRIMARY KEY (`id`),
  KEY `fk_user_xml_sheets` (`user_id`)
) ENGINE=InnoDB AUTO_INCREMENT=9 DEFAULT CHARSET=utf8 COLLATE=utf8_unicode_ci;

--
-- Dumping data for table `xml_sheets`
--

INSERT INTO `xml_sheets` (`id`, `name`, `version`, `file`, `file_dir`, `status`, `user_id`, `created`) VALUES
(4, 'Test', '0.2', 'ImmiConfig_20_07_2022-edited.xml', 'c79c22bf-2270-46a5-9bd6-c476acadc609', '1', 1, '2022-09-08 12:15:36'),
(5, 'Test', '0.3', 'ImmiConfig_20_07_2022-edited.xml', 'dff6667d-ee14-4025-8706-0b7704ae33ca', '1', 1, '2022-10-28 12:00:26'),
(6, 'Test', '0.4', 'ImmiConfig_20_07_2022-edited.xml', '5c6238b6-67c1-4d1b-bfa2-3bdfb3b4026e', '1', 1, '2022-10-28 16:05:15'),
(7, 'Test Xlm Help', '0.5', 'help_immiyami_29_01_2023.xml', '6d5e9c70-1004-4d28-9a21-2065f58c6c36', '1', 1, '2023-02-25 11:45:03'),
(8, 'Test Xlm Help', '0.5.1', 'help_immiyami_29_01_2023.xml', '37f956af-7dcc-47b8-a9c8-68541251a071', '1', 2, '2023-02-25 11:53:08');

-- --------------------------------------------------------

--
-- Table structure for table `xml_submissions`
--

DROP TABLE IF EXISTS `xml_submissions`;
CREATE TABLE IF NOT EXISTS `xml_submissions` (
  `id` bigint(20) NOT NULL AUTO_INCREMENT,
  `xml_sheet_id` bigint(20) NOT NULL,
  `xml_country_id` bigint(20) NOT NULL,
  `xml_vsatype_id` bigint(20) NOT NULL,
  `xml_qualification_id` bigint(20) NOT NULL,
  `user_id` bigint(20) NOT NULL,
  `created` timestamp NOT NULL DEFAULT CURRENT_TIMESTAMP,
  PRIMARY KEY (`id`),
  KEY `fk_user_id_xml_submition` (`user_id`),
  KEY `fk_xml_sheets_sub` (`xml_sheet_id`),
  KEY `fk_xml_county_sub` (`xml_country_id`),
  KEY `fk_xmk_visatype_sub` (`xml_vsatype_id`),
  KEY `fk_xml_qualification_id_sub` (`xml_qualification_id`)
) ENGINE=InnoDB AUTO_INCREMENT=26 DEFAULT CHARSET=utf8 COLLATE=utf8_unicode_ci;

--
-- Dumping data for table `xml_submissions`
--

INSERT INTO `xml_submissions` (`id`, `xml_sheet_id`, `xml_country_id`, `xml_vsatype_id`, `xml_qualification_id`, `user_id`, `created`) VALUES
(2, 4, 4, 4, 4, 2, '2022-10-24 16:15:56'),
(3, 4, 4, 4, 4, 2, '2022-10-24 16:23:27'),
(4, 4, 4, 4, 4, 2, '2022-10-25 10:48:51'),
(5, 4, 4, 4, 4, 2, '2022-10-25 11:03:23'),
(6, 4, 4, 4, 4, 2, '2022-10-25 11:10:10'),
(7, 4, 4, 4, 4, 2, '2022-10-25 11:15:13'),
(8, 4, 4, 4, 4, 2, '2022-10-25 11:21:53'),
(9, 4, 4, 4, 4, 2, '2022-10-25 11:39:16'),
(10, 4, 4, 4, 4, 2, '2022-10-27 11:54:32'),
(11, 5, 6, 6, 6, 2, '2022-10-28 12:58:48'),
(12, 6, 8, 8, 8, 2, '2022-12-05 15:11:35'),
(13, 6, 9, 9, 9, 2, '2022-12-05 15:43:02'),
(14, 6, 8, 8, 8, 2, '2022-12-05 15:45:42'),
(15, 6, 9, 9, 9, 2, '2022-12-05 15:50:14'),
(16, 6, 8, 8, 8, 2, '2022-12-05 15:51:45'),
(17, 6, 8, 8, 8, 2, '2022-12-06 14:16:53'),
(18, 6, 9, 9, 9, 2, '2023-02-22 16:42:06'),
(19, 6, 9, 9, 9, 2, '2023-02-22 16:47:59'),
(20, 6, 9, 9, 9, 2, '2023-02-22 16:53:27'),
(21, 6, 9, 9, 9, 2, '2023-02-22 16:55:19'),
(22, 6, 10, 10, 10, 2, '2023-02-22 17:02:40'),
(23, 6, 9, 9, 9, 2, '2023-02-22 17:10:06'),
(24, 6, 9, 9, 9, 2, '2023-02-22 17:13:52'),
(25, 6, 9, 9, 9, 2, '2023-02-22 17:21:11');

-- --------------------------------------------------------

--
-- Table structure for table `xml_submission_answers`
--

DROP TABLE IF EXISTS `xml_submission_answers`;
CREATE TABLE IF NOT EXISTS `xml_submission_answers` (
  `id` bigint(20) NOT NULL AUTO_INCREMENT,
  `criteria_id` bigint(20) NOT NULL,
  `criteria_answer_id` bigint(20) NOT NULL,
  `xml_submission_id` bigint(20) DEFAULT NULL,
  `created` timestamp NOT NULL DEFAULT CURRENT_TIMESTAMP,
  PRIMARY KEY (`id`),
  KEY `fk_criteria_id_sub_ans` (`criteria_id`),
  KEY `fk_criteria_ans_id_sub_ans` (`criteria_answer_id`),
  KEY `fk_xml_submission_answers` (`xml_submission_id`)
) ENGINE=InnoDB AUTO_INCREMENT=276 DEFAULT CHARSET=utf8 COLLATE=utf8_unicode_ci;

--
-- Dumping data for table `xml_submission_answers`
--

INSERT INTO `xml_submission_answers` (`id`, `criteria_id`, `criteria_answer_id`, `xml_submission_id`, `created`) VALUES
(12, 24, 68, 2, '2022-10-24 16:15:56'),
(13, 25, 73, 2, '2022-10-24 16:15:56'),
(14, 26, 77, 2, '2022-10-24 16:15:56'),
(15, 27, 82, 2, '2022-10-24 16:15:56'),
(16, 28, 87, 2, '2022-10-24 16:15:56'),
(17, 29, 88, 2, '2022-10-24 16:15:56'),
(18, 30, 89, 2, '2022-10-24 16:15:56'),
(19, 31, 91, 2, '2022-10-24 16:15:56'),
(20, 32, 92, 2, '2022-10-24 16:15:56'),
(21, 33, 95, 2, '2022-10-24 16:15:56'),
(22, 34, 97, 2, '2022-10-24 16:15:56'),
(23, 24, 68, 3, '2022-10-24 16:23:27'),
(24, 25, 73, 3, '2022-10-24 16:23:27'),
(25, 26, 77, 3, '2022-10-24 16:23:27'),
(26, 27, 82, 3, '2022-10-24 16:23:27'),
(27, 28, 87, 3, '2022-10-24 16:23:27'),
(28, 29, 88, 3, '2022-10-24 16:23:27'),
(29, 30, 89, 3, '2022-10-24 16:23:27'),
(30, 31, 91, 3, '2022-10-24 16:23:27'),
(31, 32, 92, 3, '2022-10-24 16:23:27'),
(32, 33, 95, 3, '2022-10-24 16:23:27'),
(33, 34, 97, 3, '2022-10-24 16:23:27'),
(34, 24, 69, 4, '2022-10-25 10:48:51'),
(35, 25, 73, 4, '2022-10-25 10:48:51'),
(36, 26, 76, 4, '2022-10-25 10:48:51'),
(37, 27, 80, 4, '2022-10-25 10:48:51'),
(38, 28, 86, 4, '2022-10-25 10:48:51'),
(39, 29, 88, 4, '2022-10-25 10:48:51'),
(40, 30, 89, 4, '2022-10-25 10:48:51'),
(41, 31, 90, 4, '2022-10-25 10:48:51'),
(42, 32, 93, 4, '2022-10-25 10:48:51'),
(43, 33, 94, 4, '2022-10-25 10:48:51'),
(44, 34, 98, 4, '2022-10-25 10:48:51'),
(45, 24, 70, 5, '2022-10-25 11:03:23'),
(46, 25, 72, 5, '2022-10-25 11:03:23'),
(47, 26, 78, 5, '2022-10-25 11:03:23'),
(48, 27, 83, 5, '2022-10-25 11:03:23'),
(49, 28, 87, 5, '2022-10-25 11:03:23'),
(50, 29, 88, 5, '2022-10-25 11:03:23'),
(51, 30, 89, 5, '2022-10-25 11:03:23'),
(52, 31, 90, 5, '2022-10-25 11:03:23'),
(53, 32, 93, 5, '2022-10-25 11:03:23'),
(54, 33, 95, 5, '2022-10-25 11:03:23'),
(55, 34, 97, 5, '2022-10-25 11:03:23'),
(56, 24, 69, 6, '2022-10-25 11:10:10'),
(57, 25, 73, 6, '2022-10-25 11:10:10'),
(58, 26, 76, 6, '2022-10-25 11:10:10'),
(59, 27, 82, 6, '2022-10-25 11:10:10'),
(60, 28, 85, 6, '2022-10-25 11:10:10'),
(61, 29, 88, 6, '2022-10-25 11:10:10'),
(62, 30, 89, 6, '2022-10-25 11:10:10'),
(63, 31, 91, 6, '2022-10-25 11:10:10'),
(64, 32, 93, 6, '2022-10-25 11:10:10'),
(65, 33, 95, 6, '2022-10-25 11:10:10'),
(66, 34, 97, 6, '2022-10-25 11:10:10'),
(67, 24, 69, 7, '2022-10-25 11:15:13'),
(68, 25, 74, 7, '2022-10-25 11:15:13'),
(69, 26, 78, 7, '2022-10-25 11:15:13'),
(70, 27, 83, 7, '2022-10-25 11:15:13'),
(71, 28, 87, 7, '2022-10-25 11:15:14'),
(72, 29, 88, 7, '2022-10-25 11:15:14'),
(73, 30, 89, 7, '2022-10-25 11:15:14'),
(74, 31, 90, 7, '2022-10-25 11:15:14'),
(75, 32, 93, 7, '2022-10-25 11:15:14'),
(76, 33, 94, 7, '2022-10-25 11:15:14'),
(77, 34, 97, 7, '2022-10-25 11:15:14'),
(78, 24, 69, 8, '2022-10-25 11:21:54'),
(79, 25, 72, 8, '2022-10-25 11:21:54'),
(80, 26, 76, 8, '2022-10-25 11:21:54'),
(81, 27, 80, 8, '2022-10-25 11:21:54'),
(82, 28, 84, 8, '2022-10-25 11:21:54'),
(83, 29, 88, 8, '2022-10-25 11:21:54'),
(84, 30, 89, 8, '2022-10-25 11:21:54'),
(85, 31, 91, 8, '2022-10-25 11:21:54'),
(86, 32, 93, 8, '2022-10-25 11:21:54'),
(87, 33, 95, 8, '2022-10-25 11:21:54'),
(88, 34, 97, 8, '2022-10-25 11:21:54'),
(89, 24, 69, 9, '2022-10-25 11:39:16'),
(90, 25, 74, 9, '2022-10-25 11:39:16'),
(91, 26, 78, 9, '2022-10-25 11:39:16'),
(92, 27, 83, 9, '2022-10-25 11:39:16'),
(93, 28, 87, 9, '2022-10-25 11:39:16'),
(94, 29, 88, 9, '2022-10-25 11:39:16'),
(95, 30, 89, 9, '2022-10-25 11:39:16'),
(96, 31, 91, 9, '2022-10-25 11:39:16'),
(97, 32, 93, 9, '2022-10-25 11:39:16'),
(98, 33, 95, 9, '2022-10-25 11:39:16'),
(99, 34, 98, 9, '2022-10-25 11:39:16'),
(100, 24, 69, 10, '2022-10-27 11:54:32'),
(101, 25, 73, 10, '2022-10-27 11:54:32'),
(102, 26, 77, 10, '2022-10-27 11:54:32'),
(103, 27, 82, 10, '2022-10-27 11:54:32'),
(104, 28, 86, 10, '2022-10-27 11:54:32'),
(105, 29, 88, 10, '2022-10-27 11:54:32'),
(106, 30, 89, 10, '2022-10-27 11:54:32'),
(107, 31, 91, 10, '2022-10-27 11:54:32'),
(108, 32, 93, 10, '2022-10-27 11:54:32'),
(109, 33, 95, 10, '2022-10-27 11:54:32'),
(110, 34, 98, 10, '2022-10-27 11:54:32'),
(111, 46, 136, 11, '2022-10-28 12:58:48'),
(112, 47, 139, 11, '2022-10-28 12:58:48'),
(113, 48, 142, 11, '2022-10-28 12:58:48'),
(114, 49, 148, 11, '2022-10-28 12:58:48'),
(115, 50, 151, 11, '2022-10-28 12:58:48'),
(116, 51, 154, 11, '2022-10-28 12:58:48'),
(117, 52, 155, 11, '2022-10-28 12:58:48'),
(118, 53, 156, 11, '2022-10-28 12:58:48'),
(119, 54, 158, 11, '2022-10-28 12:58:48'),
(120, 55, 160, 11, '2022-10-28 12:58:48'),
(121, 56, 163, 11, '2022-10-28 12:58:48'),
(122, 68, 201, 12, '2022-12-05 15:11:35'),
(123, 69, 205, 12, '2022-12-05 15:11:35'),
(124, 70, 209, 12, '2022-12-05 15:11:35'),
(125, 71, 213, 12, '2022-12-05 15:11:35'),
(126, 72, 216, 12, '2022-12-05 15:11:35'),
(127, 73, 220, 12, '2022-12-05 15:11:35'),
(128, 74, 221, 12, '2022-12-05 15:11:35'),
(129, 75, 223, 12, '2022-12-05 15:11:35'),
(130, 76, 224, 12, '2022-12-05 15:11:35'),
(131, 77, 226, 12, '2022-12-05 15:11:35'),
(132, 78, 230, 12, '2022-12-05 15:11:35'),
(133, 79, 236, 13, '2022-12-05 15:43:02'),
(134, 80, 237, 13, '2022-12-05 15:43:02'),
(135, 81, 241, 13, '2022-12-05 15:43:02'),
(136, 82, 246, 13, '2022-12-05 15:43:02'),
(137, 83, 250, 13, '2022-12-05 15:43:02'),
(138, 84, 253, 13, '2022-12-05 15:43:02'),
(139, 85, 254, 13, '2022-12-05 15:43:02'),
(140, 86, 255, 13, '2022-12-05 15:43:02'),
(141, 87, 257, 13, '2022-12-05 15:43:02'),
(142, 88, 259, 13, '2022-12-05 15:43:02'),
(143, 89, 263, 13, '2022-12-05 15:43:02'),
(144, 68, 201, 14, '2022-12-05 15:45:42'),
(145, 69, 205, 14, '2022-12-05 15:45:42'),
(146, 70, 209, 14, '2022-12-05 15:45:42'),
(147, 71, 212, 14, '2022-12-05 15:45:42'),
(148, 72, 216, 14, '2022-12-05 15:45:42'),
(149, 73, 220, 14, '2022-12-05 15:45:42'),
(150, 74, 221, 14, '2022-12-05 15:45:42'),
(151, 75, 222, 14, '2022-12-05 15:45:42'),
(152, 76, 224, 14, '2022-12-05 15:45:42'),
(153, 77, 226, 14, '2022-12-05 15:45:42'),
(154, 78, 230, 14, '2022-12-05 15:45:42'),
(155, 79, 233, 15, '2022-12-05 15:50:14'),
(156, 80, 237, 15, '2022-12-05 15:50:14'),
(157, 81, 240, 15, '2022-12-05 15:50:14'),
(158, 82, 245, 15, '2022-12-05 15:50:14'),
(159, 83, 250, 15, '2022-12-05 15:50:14'),
(160, 84, 253, 15, '2022-12-05 15:50:14'),
(161, 85, 254, 15, '2022-12-05 15:50:14'),
(162, 86, 255, 15, '2022-12-05 15:50:14'),
(163, 87, 257, 15, '2022-12-05 15:50:14'),
(164, 88, 259, 15, '2022-12-05 15:50:14'),
(165, 89, 262, 15, '2022-12-05 15:50:14'),
(166, 68, 200, 16, '2022-12-05 15:51:45'),
(167, 69, 204, 16, '2022-12-05 15:51:45'),
(168, 70, 208, 16, '2022-12-05 15:51:45'),
(169, 71, 212, 16, '2022-12-05 15:51:45'),
(170, 72, 217, 16, '2022-12-05 15:51:45'),
(171, 73, 220, 16, '2022-12-05 15:51:45'),
(172, 74, 221, 16, '2022-12-05 15:51:45'),
(173, 75, 222, 16, '2022-12-05 15:51:45'),
(174, 76, 224, 16, '2022-12-05 15:51:45'),
(175, 77, 226, 16, '2022-12-05 15:51:45'),
(176, 78, 230, 16, '2022-12-05 15:51:45'),
(177, 68, 201, 17, '2022-12-06 14:16:53'),
(178, 69, 205, 17, '2022-12-06 14:16:53'),
(179, 70, 209, 17, '2022-12-06 14:16:53'),
(180, 71, 213, 17, '2022-12-06 14:16:53'),
(181, 72, 218, 17, '2022-12-06 14:16:53'),
(182, 73, 220, 17, '2022-12-06 14:16:53'),
(183, 74, 221, 17, '2022-12-06 14:16:53'),
(184, 75, 223, 17, '2022-12-06 14:16:53'),
(185, 76, 225, 17, '2022-12-06 14:16:53'),
(186, 77, 227, 17, '2022-12-06 14:16:53'),
(187, 78, 229, 17, '2022-12-06 14:16:53'),
(188, 79, 234, 18, '2023-02-22 16:42:06'),
(189, 80, 238, 18, '2023-02-22 16:42:06'),
(190, 81, 240, 18, '2023-02-22 16:42:06'),
(191, 82, 246, 18, '2023-02-22 16:42:06'),
(192, 83, 251, 18, '2023-02-22 16:42:06'),
(193, 84, 253, 18, '2023-02-22 16:42:06'),
(194, 85, 254, 18, '2023-02-22 16:42:06'),
(195, 86, 255, 18, '2023-02-22 16:42:06'),
(196, 87, 258, 18, '2023-02-22 16:42:06'),
(197, 88, 259, 18, '2023-02-22 16:42:06'),
(198, 89, 262, 18, '2023-02-22 16:42:06'),
(199, 79, 234, 19, '2023-02-22 16:47:59'),
(200, 80, 238, 19, '2023-02-22 16:47:59'),
(201, 81, 241, 19, '2023-02-22 16:47:59'),
(202, 82, 246, 19, '2023-02-22 16:47:59'),
(203, 83, 250, 19, '2023-02-22 16:47:59'),
(204, 84, 253, 19, '2023-02-22 16:47:59'),
(205, 85, 254, 19, '2023-02-22 16:47:59'),
(206, 86, 256, 19, '2023-02-22 16:47:59'),
(207, 87, 258, 19, '2023-02-22 16:47:59'),
(208, 88, 260, 19, '2023-02-22 16:47:59'),
(209, 89, 263, 19, '2023-02-22 16:47:59'),
(210, 79, 234, 20, '2023-02-22 16:53:27'),
(211, 80, 238, 20, '2023-02-22 16:53:27'),
(212, 81, 240, 20, '2023-02-22 16:53:27'),
(213, 82, 245, 20, '2023-02-22 16:53:27'),
(214, 83, 250, 20, '2023-02-22 16:53:27'),
(215, 84, 253, 20, '2023-02-22 16:53:27'),
(216, 85, 254, 20, '2023-02-22 16:53:27'),
(217, 86, 255, 20, '2023-02-22 16:53:27'),
(218, 87, 258, 20, '2023-02-22 16:53:27'),
(219, 88, 260, 20, '2023-02-22 16:53:27'),
(220, 89, 262, 20, '2023-02-22 16:53:27'),
(221, 79, 233, 21, '2023-02-22 16:55:19'),
(222, 80, 238, 21, '2023-02-22 16:55:19'),
(223, 81, 242, 21, '2023-02-22 16:55:19'),
(224, 82, 247, 21, '2023-02-22 16:55:19'),
(225, 83, 252, 21, '2023-02-22 16:55:19'),
(226, 84, 253, 21, '2023-02-22 16:55:19'),
(227, 85, 254, 21, '2023-02-22 16:55:19'),
(228, 86, 255, 21, '2023-02-22 16:55:19'),
(229, 87, 258, 21, '2023-02-22 16:55:19'),
(230, 88, 260, 21, '2023-02-22 16:55:19'),
(231, 89, 263, 21, '2023-02-22 16:55:19'),
(232, 90, 267, 22, '2023-02-22 17:02:40'),
(233, 91, 271, 22, '2023-02-22 17:02:40'),
(234, 92, 275, 22, '2023-02-22 17:02:40'),
(235, 93, 280, 22, '2023-02-22 17:02:40'),
(236, 94, 285, 22, '2023-02-22 17:02:40'),
(237, 95, 286, 22, '2023-02-22 17:02:40'),
(238, 96, 287, 22, '2023-02-22 17:02:40'),
(239, 97, 288, 22, '2023-02-22 17:02:40'),
(240, 98, 291, 22, '2023-02-22 17:02:40'),
(241, 99, 293, 22, '2023-02-22 17:02:40'),
(242, 100, 296, 22, '2023-02-22 17:02:40'),
(243, 79, 235, 23, '2023-02-22 17:10:06'),
(244, 80, 239, 23, '2023-02-22 17:10:06'),
(245, 81, 240, 23, '2023-02-22 17:10:06'),
(246, 82, 246, 23, '2023-02-22 17:10:06'),
(247, 83, 251, 23, '2023-02-22 17:10:06'),
(248, 84, 253, 23, '2023-02-22 17:10:06'),
(249, 85, 254, 23, '2023-02-22 17:10:06'),
(250, 86, 256, 23, '2023-02-22 17:10:06'),
(251, 87, 257, 23, '2023-02-22 17:10:06'),
(252, 88, 259, 23, '2023-02-22 17:10:06'),
(253, 89, 263, 23, '2023-02-22 17:10:06'),
(254, 79, 234, 24, '2023-02-22 17:13:52'),
(255, 80, 239, 24, '2023-02-22 17:13:52'),
(256, 81, 241, 24, '2023-02-22 17:13:52'),
(257, 82, 244, 24, '2023-02-22 17:13:52'),
(258, 83, 252, 24, '2023-02-22 17:13:52'),
(259, 84, 253, 24, '2023-02-22 17:13:52'),
(260, 85, 254, 24, '2023-02-22 17:13:52'),
(261, 86, 255, 24, '2023-02-22 17:13:52'),
(262, 87, 258, 24, '2023-02-22 17:13:52'),
(263, 88, 259, 24, '2023-02-22 17:13:52'),
(264, 89, 262, 24, '2023-02-22 17:13:52'),
(265, 79, 234, 25, '2023-02-22 17:21:11'),
(266, 80, 238, 25, '2023-02-22 17:21:11'),
(267, 81, 242, 25, '2023-02-22 17:21:11'),
(268, 82, 246, 25, '2023-02-22 17:21:11'),
(269, 83, 251, 25, '2023-02-22 17:21:11'),
(270, 84, 253, 25, '2023-02-22 17:21:11'),
(271, 85, 254, 25, '2023-02-22 17:21:11'),
(272, 86, 255, 25, '2023-02-22 17:21:11'),
(273, 87, 258, 25, '2023-02-22 17:21:11'),
(274, 88, 260, 25, '2023-02-22 17:21:11'),
(275, 89, 261, 25, '2023-02-22 17:21:11');

-- --------------------------------------------------------

--
-- Table structure for table `xml_visatypes`
--

DROP TABLE IF EXISTS `xml_visatypes`;
CREATE TABLE IF NOT EXISTS `xml_visatypes` (
  `id` bigint(20) NOT NULL AUTO_INCREMENT,
  `name` varchar(255) COLLATE utf8_unicode_ci DEFAULT NULL,
  `xml_country_id` bigint(20) DEFAULT NULL,
  `created` timestamp NOT NULL DEFAULT CURRENT_TIMESTAMP,
  PRIMARY KEY (`id`),
  KEY `fk_xml_contries_id` (`xml_country_id`)
) ENGINE=InnoDB AUTO_INCREMENT=37 DEFAULT CHARSET=utf8 COLLATE=utf8_unicode_ci;

--
-- Dumping data for table `xml_visatypes`
--

INSERT INTO `xml_visatypes` (`id`, `name`, `xml_country_id`, `created`) VALUES
(4, 'SkilledIndependentVisa', 4, '2022-09-08 12:15:36'),
(5, 'SkilledIndependentVisa', 5, '2022-09-08 12:15:37'),
(6, ' Skilled Independent Visa', 6, '2022-10-28 12:00:26'),
(7, ' Skilled Independent Visa', 7, '2022-10-28 12:00:26'),
(8, ' Skilled Independent Visa', 8, '2022-10-28 16:05:15'),
(9, ' Skilled Independent Visa', 9, '2022-10-28 16:05:15'),
(10, ' Skilled Independent Visa', 10, '2022-10-28 16:05:16'),
(11, ' Student Visa', 11, '2023-02-25 11:45:03'),
(12, ' Investor Visa', 11, '2023-02-25 11:45:04'),
(13, ' Skill Migration', 11, '2023-02-25 11:45:04'),
(14, ' Student Visa', 12, '2023-02-25 11:45:04'),
(15, ' Investor Visa', 12, '2023-02-25 11:45:05'),
(16, ' Student Visa', 13, '2023-02-25 11:45:05'),
(17, ' Investor Visa', 13, '2023-02-25 11:45:05'),
(18, ' Student Visa', 14, '2023-02-25 11:45:06'),
(19, ' Student Visa', 15, '2023-02-25 11:45:06'),
(20, ' Investor Visa', 15, '2023-02-25 11:45:07'),
(21, ' Skill Migration', 15, '2023-02-25 11:45:07'),
(22, ' Student Visa', 16, '2023-02-25 11:45:07'),
(23, ' Investor Visa', 16, '2023-02-25 11:45:07'),
(24, ' Student Visa', 17, '2023-02-25 11:53:08'),
(25, ' Investor Visa', 17, '2023-02-25 11:53:08'),
(26, ' Skill Migration', 17, '2023-02-25 11:53:09'),
(27, ' Student Visa', 18, '2023-02-25 11:53:09'),
(28, ' Investor Visa', 18, '2023-02-25 11:53:09'),
(29, ' Student Visa', 19, '2023-02-25 11:53:10'),
(30, ' Investor Visa', 19, '2023-02-25 11:53:10'),
(31, ' Student Visa', 20, '2023-02-25 11:53:10'),
(32, ' Student Visa', 21, '2023-02-25 11:53:11'),
(33, ' Investor Visa', 21, '2023-02-25 11:53:11'),
(34, ' Skill Migration', 21, '2023-02-25 11:53:11'),
(35, ' Student Visa', 22, '2023-02-25 11:53:12'),
(36, ' Investor Visa', 22, '2023-02-25 11:53:12');

--
-- Constraints for dumped tables
--

--
-- Constraints for table `access`
--
ALTER TABLE `access`
  ADD CONSTRAINT `fk_functionID` FOREIGN KEY (`controller_func_id`) REFERENCES `controller_func` (`id`) ON DELETE CASCADE ON UPDATE CASCADE;

--
-- Constraints for table `articles`
--
ALTER TABLE `articles`
  ADD CONSTRAINT `fk_articl_usr_id` FOREIGN KEY (`user_id`) REFERENCES `users` (`id`) ON DELETE CASCADE ON UPDATE CASCADE;

--
-- Constraints for table `banners`
--
ALTER TABLE `banners`
  ADD CONSTRAINT `fk_banner_type_id_in_ban` FOREIGN KEY (`banner_type_id`) REFERENCES `banner_types` (`id`) ON DELETE CASCADE ON UPDATE CASCADE,
  ADD CONSTRAINT `fk_banner_user_id` FOREIGN KEY (`user_id`) REFERENCES `users` (`id`) ON DELETE CASCADE ON UPDATE CASCADE;

--
-- Constraints for table `discussions`
--
ALTER TABLE `discussions`
  ADD CONSTRAINT `fk_member` FOREIGN KEY (`member_id`) REFERENCES `users` (`id`),
  ADD CONSTRAINT `fk_supplier` FOREIGN KEY (`supplier_id`) REFERENCES `users` (`id`);

--
-- Constraints for table `galleries`
--
ALTER TABLE `galleries`
  ADD CONSTRAINT `fk_galery_user_id` FOREIGN KEY (`user_id`) REFERENCES `users` (`id`) ON DELETE CASCADE ON UPDATE CASCADE;

--
-- Constraints for table `payments`
--
ALTER TABLE `payments`
  ADD CONSTRAINT `fk_paymt_user_id` FOREIGN KEY (`user_id`) REFERENCES `users` (`id`) ON DELETE CASCADE ON UPDATE CASCADE;

--
-- Constraints for table `posts`
--
ALTER TABLE `posts`
  ADD CONSTRAINT `fk_post_user_id` FOREIGN KEY (`user_id`) REFERENCES `users` (`id`);

--
-- Constraints for table `posts_categories`
--
ALTER TABLE `posts_categories`
  ADD CONSTRAINT `fk_category_p` FOREIGN KEY (`category_id`) REFERENCES `categories` (`id`),
  ADD CONSTRAINT `fk_post_p` FOREIGN KEY (`post_id`) REFERENCES `posts` (`id`);

--
-- Constraints for table `queue_submissions`
--
ALTER TABLE `queue_submissions`
  ADD CONSTRAINT `fkmembq` FOREIGN KEY (`member_id`) REFERENCES `users` (`id`),
  ADD CONSTRAINT `fksupbq` FOREIGN KEY (`supplier_id`) REFERENCES `users` (`id`);

--
-- Constraints for table `users`
--
ALTER TABLE `users`
  ADD CONSTRAINT `fk_category` FOREIGN KEY (`category_id`) REFERENCES `categories` (`id`) ON DELETE CASCADE ON UPDATE CASCADE,
  ADD CONSTRAINT `fk_country` FOREIGN KEY (`country_id`) REFERENCES `countries` (`id`) ON DELETE CASCADE ON UPDATE CASCADE,
  ADD CONSTRAINT `fk_coupon` FOREIGN KEY (`coupon_id`) REFERENCES `coupons` (`id`) ON DELETE CASCADE ON UPDATE CASCADE,
  ADD CONSTRAINT `fk_preferred_countries_id` FOREIGN KEY (`preferred_country_id`) REFERENCES `preferred_countries` (`id`);

--
-- Constraints for table `xml_countries`
--
ALTER TABLE `xml_countries`
  ADD CONSTRAINT `fk_xml_sheet_contries` FOREIGN KEY (`xml_sheet_id`) REFERENCES `xml_sheets` (`id`);

--
-- Constraints for table `xml_criterias`
--
ALTER TABLE `xml_criterias`
  ADD CONSTRAINT `fk_xml_quelification` FOREIGN KEY (`xml_qualification_id`) REFERENCES `xml_qualifications` (`id`) ON DELETE CASCADE ON UPDATE CASCADE;

--
-- Constraints for table `xml_criteria_answers`
--
ALTER TABLE `xml_criteria_answers`
  ADD CONSTRAINT `fk_criteria_id` FOREIGN KEY (`criteria_id`) REFERENCES `xml_criterias` (`id`) ON DELETE CASCADE ON UPDATE CASCADE;

--
-- Constraints for table `xml_qualifications`
--
ALTER TABLE `xml_qualifications`
  ADD CONSTRAINT `fk_xml_visatype_id` FOREIGN KEY (`xml_visatype_id`) REFERENCES `xml_visatypes` (`id`) ON DELETE CASCADE ON UPDATE CASCADE;

--
-- Constraints for table `xml_qualif_points`
--
ALTER TABLE `xml_qualif_points`
  ADD CONSTRAINT `fk_quelification_points` FOREIGN KEY (`xml_qualification_id`) REFERENCES `xml_qualifications` (`id`) ON DELETE CASCADE ON UPDATE CASCADE;

--
-- Constraints for table `xml_sheets`
--
ALTER TABLE `xml_sheets`
  ADD CONSTRAINT `fk_user_xml_sheets` FOREIGN KEY (`user_id`) REFERENCES `users` (`id`);

--
-- Constraints for table `xml_submissions`
--
ALTER TABLE `xml_submissions`
  ADD CONSTRAINT `fk_user_id_xml_submition` FOREIGN KEY (`user_id`) REFERENCES `users` (`id`) ON DELETE CASCADE ON UPDATE CASCADE,
  ADD CONSTRAINT `fk_xmk_visatype_sub` FOREIGN KEY (`xml_vsatype_id`) REFERENCES `xml_visatypes` (`id`) ON DELETE CASCADE ON UPDATE CASCADE,
  ADD CONSTRAINT `fk_xml_county_sub` FOREIGN KEY (`xml_country_id`) REFERENCES `xml_countries` (`id`) ON DELETE CASCADE ON UPDATE CASCADE,
  ADD CONSTRAINT `fk_xml_qualification_id_sub` FOREIGN KEY (`xml_qualification_id`) REFERENCES `xml_qualifications` (`id`) ON DELETE CASCADE ON UPDATE CASCADE,
  ADD CONSTRAINT `fk_xml_sheets_sub` FOREIGN KEY (`xml_sheet_id`) REFERENCES `xml_sheets` (`id`) ON DELETE CASCADE ON UPDATE CASCADE;

--
-- Constraints for table `xml_submission_answers`
--
ALTER TABLE `xml_submission_answers`
  ADD CONSTRAINT `fk_criteria_ans_id_sub_ans` FOREIGN KEY (`criteria_answer_id`) REFERENCES `xml_criteria_answers` (`id`) ON DELETE CASCADE ON UPDATE CASCADE,
  ADD CONSTRAINT `fk_criteria_id_sub_ans` FOREIGN KEY (`criteria_id`) REFERENCES `xml_criterias` (`id`) ON DELETE CASCADE ON UPDATE CASCADE,
  ADD CONSTRAINT `fk_xml_submission_answers` FOREIGN KEY (`xml_submission_id`) REFERENCES `xml_submissions` (`id`) ON DELETE CASCADE ON UPDATE CASCADE;

--
-- Constraints for table `xml_visatypes`
--
ALTER TABLE `xml_visatypes`
  ADD CONSTRAINT `fk_xml_contries_id` FOREIGN KEY (`xml_country_id`) REFERENCES `xml_countries` (`id`) ON DELETE CASCADE ON UPDATE CASCADE;
COMMIT;

/*!40101 SET CHARACTER_SET_CLIENT=@OLD_CHARACTER_SET_CLIENT */;
/*!40101 SET CHARACTER_SET_RESULTS=@OLD_CHARACTER_SET_RESULTS */;
/*!40101 SET COLLATION_CONNECTION=@OLD_COLLATION_CONNECTION */;
